brazo	fichero	filas	escritos_mediana	total_mediana	ms_mediana	veces_con_pendientes	pendientes_max	codigos	vivos_al_salir
con-bloqueante	zz1405-rojo-en-la-cola.test.mjs	1	352492	352492	91	0	0	1×1	
con-bloqueante	zz1405-copia-de-vigia-atascados.test.mjs	1	120065	120065	80	0	0	1×1	
con-bloqueante	vigia-atascados.test.mjs	1	109622	109622	64	0	0	0×1	
con-bloqueante	zz1405-copia-de-scrum834-puerta-avisador-rojo.test.mjs	1	107093	107093	96	0	0	1×1	
con-bloqueante	zz1405-copia-de-scrum524b-trinquete-de-la-tabla.test.mjs	1	98116	98116	3768	0	0	1×1	
con-bloqueante	scrum834-puerta-avisador-rojo.test.mjs	1	97367	97367	74	0	0	0×1	
con-bloqueante	scrum524b-trinquete-de-la-tabla.test.mjs	1	89326	89326	4940	0	0	0×1	
con-bloqueante	scrum1262-la-baja-corta-todas-las-vias.test.mjs	1	75116	75116	1131	0	0	0×1	
con-bloqueante	scrum454-destructivo-sin-comprobacion.test.mjs	1	73775	73775	211	0	0	0×1	
con-bloqueante	scrum1350-latido.test.mjs	1	71654	71654	70	0	0	0×1	
con-bloqueante	scrum853-avisador-solo-obligatorio.test.mjs	1	66951	66951	102	0	0	0×1	
con-bloqueante	scrum1323-resumen-vs-detalle-sif1.test.mjs	1	66160	66160	152	0	0	0×1	
con-bloqueante	scrum667-marcador-visible.test.mjs	1	66076	66076	3479	0	0	0×1	FSReqCallback×2
con-bloqueante	scrum1344-arnes-de-prueba-con-rol.test.mjs	1	62589	62589	4585	0	0	0×1	FSReqPromise×1
con-bloqueante	scrum888g-senal-en-la-firma.test.mjs	1	58938	58938	734	0	0	0×1	FSReqPromise×1
con-bloqueante	scrum984-del-presupuesto-al-albaran.test.mjs	1	55315	55315	1906	0	0	0×1	
con-bloqueante	scrum813-trinquete-de-zona.test.mjs	1	54943	54943	783	0	0	0×1	
con-bloqueante	scrum811c-skill-ui-declarada.test.mjs	1	53969	53969	2277	0	0	0×1	
con-bloqueante	scrum312-importador-clientes.test.mjs	1	53408	53408	171	0	0	0×1	FSReqPromise×1
con-bloqueante	scrum595-etiquetas-del-documento.test.mjs	1	51107	51107	201	0	0	0×1	FSReqPromise×1
con-bloqueante	scrum411-exports-inalcanzables.test.mjs	1	50310	50310	12632	0	0	0×1	
con-bloqueante	scrum931-un-solo-importe-de-plantilla.test.mjs	1	49956	49956	536	0	0	0×1	
con-bloqueante	scrum812-el-rotulo-declara-su-poblacion.test.mjs	1	48336	48336	2135	0	0	1×1	
con-bloqueante	scrum1038-leer-el-ticket-gasto.test.mjs	1	48198	48198	996	0	0	0×1	
con-bloqueante	scrum586-forma-de-pago-por-cliente.test.mjs	1	47530	47530	1399	0	0	0×1	Timeout×3
con-bloqueante	scrum522-guards-fuera-de-la-tanda.test.mjs	1	47280	47280	229	0	0	0×1	
con-bloqueante	scrum713-buscar-al-cliente-donde-ya-se-busca.test.mjs	1	47001	47001	2025	0	0	0×1	FSReqPromise×1
con-bloqueante	scrum237-negacion-respaldada.test.mjs	1	46479	46479	3460	0	0	0×1	
con-bloqueante	scrum1127-sif-client.test.mjs	1	46114	46114	1501	0	0	0×1	SimpleShutdownWrap×1 TCPServerWrap×25 TCPSocketWrap×2
con-bloqueante	scrum1152-generador-ancla.test.mjs	1	45170	45170	1827	0	0	0×1	
con-bloqueante	scrum1093h-censo-fecha-sin-zona.test.mjs	1	45056	45056	7091	0	0	0×1	
con-bloqueante	scrum580-tags-por-contacto.test.mjs	1	43626	43626	127	0	0	0×1	
con-bloqueante	scrum651-trabajo-sin-presupuesto.test.mjs	1	43250	43250	2054	0	0	0×1	
con-bloqueante	scrum1326-vale-pregunta-una-vez.test.mjs	1	42918	42918	3818	0	0	0×1	TCPServerWrap×1
con-bloqueante	scrum176-guard-mensaje.test.mjs	1	42790	42790	161	0	0	0×1	
con-bloqueante	scrum1372-auditoria-cierres.test.mjs	1	42701	42701	348	0	0	0×1	
con-bloqueante	scrum1109-aviso-programado-acreditacion-invoicing-es.test.mjs	1	42357	42357	523	0	0	0×1	
con-bloqueante	scrum754-el-juez-que-oscila.test.mjs	1	42195	42195	3366	0	0	0×1	
con-bloqueante	scrum915j-cliente-por-botones.test.mjs	1	41904	41904	1238	0	0	0×1	Timeout×10
con-bloqueante	scrum996-suelo-de-arranque.test.mjs	1	41590	41590	2367	0	0	0×1	
con-bloqueante	scrum602-direccion-obra.test.mjs	1	41342	41342	1543	0	0	0×1	FSReqCallback×2
con-bloqueante	scrum1304-un-cobro-una-factura.test.mjs	1	41274	41274	1793	0	0	0×1	
con-bloqueante	scrum628-cobertura-visual-del-dashboard.test.mjs	1	41237	41237	1858	0	0	0×1	
con-bloqueante	scrum951a-equipo-configurable.test.mjs	1	41192	41192	3317	0	0	0×1	
con-bloqueante	scrum286-bloques-orden.test.mjs	1	40605	40605	1625	0	0	0×1	
con-bloqueante	scrum285-pantalla-cobros.test.mjs	1	40591	40591	1166	0	0	0×1	
con-bloqueante	scrum587-descuento-por-defecto.test.mjs	1	40442	40442	933	0	0	0×1	Timeout×1
con-bloqueante	scrum859-identidad-y-motivo-cerrado.test.mjs	1	40327	40327	1107	0	0	0×1	
con-bloqueante	scrum222-deriva-arranque.test.mjs	1	40245	40245	512	0	0	0×1	
con-bloqueante	scrum161-evidencia-tanda.test.mjs	1	39998	39998	72	0	0	0×1	
con-bloqueante	scrum912-leer-ticket-gasto.test.mjs	1	39910	39910	435	0	0	0×1	TCPServerWrap×1 TCPSocketWrap×2 Immediate×1
con-bloqueante	scrum369-verificador-sello.test.mjs	1	39701	39701	973	0	0	0×1	FSReqPromise×1
con-bloqueante	scrum824-temporales-fuera-del-arbol.test.mjs	1	39672	39672	3223	0	0	1×1	
con-bloqueante	scrum481-metodo-en-castellano.test.mjs	1	39656	39656	730	0	0	0×1	
con-bloqueante	scrum1293-cargador-de-marcadores.test.mjs	1	39412	39412	65	0	0	0×1	
con-bloqueante	scrum676-hojas-del-indice.test.mjs	1	38502	38502	2784	0	0	0×1	
con-bloqueante	scrum753-censo-de-alcanzabilidad.test.mjs	1	38178	38178	5099	0	0	0×1	
con-bloqueante	scrum1330-una-sellada-no-se-resella.test.mjs	1	38106	38106	4207	0	0	0×1	
con-bloqueante	scrum438-v3-sobre.test.mjs	1	37967	37967	689	0	0	0×1	FSReqPromise×1
con-bloqueante	scrum1235-el-correo-que-no-salio.test.mjs	1	37902	37902	1050	0	0	0×1	
con-bloqueante	scrum1356-latido-enganchado.test.mjs	1	37802	37802	310	0	0	0×1	
con-bloqueante	scrum630-default-en-dias.test.mjs	1	37572	37572	1130	0	0	0×1	
con-bloqueante	scrum576-persona-vinculada-a-empresa.test.mjs	1	37352	37352	1106	0	0	0×1	FSReqPromise×1
con-bloqueante	scrum301-albaranes-seccion.test.mjs	1	37107	37107	739	0	0	0×1	FSReqPromise×1
con-bloqueante	scrum476-reconciliar-censos.test.mjs	1	37072	37072	386	0	0	0×1	
con-bloqueante	scrum260-rastro-limpieza.test.mjs	1	36975	36975	70	0	0	0×1	
con-bloqueante	scrum637-la-rama-que-nadie-mira.test.mjs	1	36899	36899	1549	0	0	0×1	
con-bloqueante	scrum836-ancla-de-mutacion-viva.test.mjs	1	36635	36635	9476	0	0	0×1	
con-bloqueante	scrum649-el-ancla-que-no-apunta.test.mjs	1	36529	36529	1943	0	0	0×1	
con-bloqueante	scrum594-descuentos-presupuesto.test.mjs	1	36378	36378	843	0	0	0×1	FSReqCallback×2
con-bloqueante	scrum425-aplicador-sql-dev.test.mjs	1	36322	36322	58	0	0	0×1	
con-bloqueante	scrum475-firma-del-webhook.test.mjs	1	36157	36157	63	0	0	0×1	
con-bloqueante	scrum1160-cobrar-ahora-modo-recibo.test.mjs	1	36140	36140	1045	0	0	0×1	
con-bloqueante	scrum356-tres-estados.test.mjs	1	36018	36018	1346	0	0	0×1	Immediate×2
con-bloqueante	scrum488-un-solo-vocabulario.test.mjs	1	35780	35780	444	0	0	0×1	
con-bloqueante	scrum235-cliente-por-columnas.test.mjs	1	35665	35665	256	0	0	0×1	
con-bloqueante	scrum1315-gemelos-estado-dentro-del-where.test.mjs	1	34851	34851	498	0	0	0×1	
con-bloqueante	scrum716-ritmo-de-despliegue.test.mjs	1	34838	34838	334	0	0	0×1	
con-bloqueante	scrum575b-nif-cableado.test.mjs	1	34699	34699	1372	0	0	0×1	
con-bloqueante	scrum423-entrega-en-que-falta.test.mjs	1	34671	34671	2536	0	0	0×1	
con-bloqueante	scrum1153-censo-entorno-prestado.test.mjs	1	34507	34507	1672	0	0	0×1	
con-bloqueante	scrum1339d-senal-de-nombres.test.mjs	1	34345	34345	5381	0	0	0×1	
con-bloqueante	scrum1168-anio-serie-zona-merchant.test.mjs	1	34252	34252	515	0	0	0×1	FSReqPromise×1
con-bloqueante	scrum687-constancia-del-alter.test.mjs	1	33998	33998	49	0	0	0×1	
con-bloqueante	scrum475-receptor-webhook.test.mjs	1	33797	33797	1982	0	0	0×1	FSReqPromise×1
con-bloqueante	scrum514-aprobado-y-aplicado.test.mjs	1	33314	33314	503	0	0	0×1	
con-bloqueante	scrum685-push-no-arranca-atrasado.test.mjs	1	33114	33114	59	0	0	0×1	
con-bloqueante	scrum982-la-nota-del-cliente-en-el-trabajo.test.mjs	1	33051	33051	1366	0	0	0×1	
con-bloqueante	scrum475-ignoran-el-resultado.test.mjs	1	32985	32985	3717	0	0	0×1	FSReqPromise×1
con-bloqueante	scrum631-la-unicidad-tiene-vigilante.test.mjs	1	32932	32932	395	0	0	0×1	FSReqPromise×1
con-bloqueante	scrum359-tres-relojes.test.mjs	1	32904	32904	64	0	0	0×1	
con-bloqueante	scrum239-huella-de-codigo.test.mjs	1	32883	32883	685	0	0	0×1	
con-bloqueante	scrum600b-la-factura-usa-el-front.test.mjs	1	32877	32877	1565	0	0	0×1	Timeout×6
con-bloqueante	scrum838-censo-de-tautologias.test.mjs	1	32665	32665	8407	0	0	1×1	
con-bloqueante	scrum889b-quitar-linea-guardada.test.mjs	1	32599	32599	622	0	0	0×1	
con-bloqueante	scrum1266b-aviso-no-salia-en-lo-dictado.test.mjs	1	32591	32591	997	0	0	0×1	
con-bloqueante	scrum537-afirmacion-falsa.test.mjs	1	32463	32463	673	0	0	0×1	
con-bloqueante	whatsappTemplates.test.mjs	1	32376	32376	57	0	0	0×1	
con-bloqueante	scrum878-poblacion-del-guard-29.test.mjs	1	32207	32207	552	0	0	0×1	
con-bloqueante	scrum371-barrido-poblacion.test.mjs	1	32105	32105	859	0	0	0×1	FSReqPromise×1
con-bloqueante	scrum655-apartados.test.mjs	1	32054	32054	138	0	0	0×1	
con-bloqueante	scrum426-libro-recibidas.test.mjs	1	32033	32033	102	0	0	0×1	FSReqPromise×1
con-bloqueante	scrum188-turno-staging.test.mjs	1	31981	31981	65	0	0	0×1	
con-bloqueante	scrum553-etiquetas-pegadas.test.mjs	1	31952	31952	14451	0	0	0×1	
con-bloqueante	scrum1342-plan-desconocido-no-calla.test.mjs	1	31912	31912	204	0	0	0×1	Immediate×6
con-bloqueante	scrum592-numeracion-doc02.test.mjs	1	31888	31888	167	0	0	0×1	FSReqPromise×1
con-bloqueante	scrum729-el-escritor-del-cliente.test.mjs	1	31826	31826	453	0	0	0×1	FSReqCallback×2
con-bloqueante	scrum582-seleccion-multiple-clientes.test.mjs	1	31811	31811	773	0	0	0×1	
con-bloqueante	scrum507-cantidad-supuesta.test.mjs	1	31593	31593	73	0	0	0×1	
con-bloqueante	scrum964-la-lista-no-carga-las-fotos.test.mjs	1	31506	31506	595	0	0	0×1	
con-bloqueante	scrum655b-revision-con-llamador.test.mjs	1	31495	31495	50	0	0	0×1	
con-bloqueante	scrum500-suplidos.test.mjs	1	31449	31449	494	0	0	0×1	
con-bloqueante	scrum1341-actividad-del-equipo-sin-importes.test.mjs	1	31428	31428	923	0	0	0×1	
con-bloqueante	scrum987-valido-hasta-en-el-pdf.test.mjs	1	31376	31376	1298	0	0	0×1	FSReqCallback×2
con-bloqueante	scrum775-suelo-que-no-dispara.test.mjs	1	31342	31342	14946	0	0	0×1	
con-bloqueante	scrum839d-union-solo-en-el-registro.test.mjs	1	31331	31331	1151	0	0	0×1	
con-bloqueante	scrum905-facturar-solo-si-se-puede.test.mjs	1	31237	31237	1088	0	0	0×1	
con-bloqueante	scrum899d-aviso-de-uso.test.mjs	1	31218	31218	354	0	0	0×1	
con-bloqueante	scrum593b-superficie-texto-del-documento.test.mjs	1	31175	31175	356	0	0	0×1	
con-bloqueante	scrum1268-sembrar-qa.test.mjs	1	31045	31045	215	0	0	0×1	
con-bloqueante	scrum853d-cortacircuitos.test.mjs	1	30865	30865	387	0	0	0×1	
con-bloqueante	scrum555-lo-que-el-censo-no-ve.test.mjs	1	30858	30858	324	0	0	0×1	
con-bloqueante	scrum652c-parte-en-el-movil.test.mjs	1	30810	30810	113	0	0	0×1	
con-bloqueante	scrum264-copy-que-llega-al-cliente.test.mjs	1	30782	30782	40	0	0	0×1	
con-bloqueante	scrum650d-pantalla-asignar.test.mjs	1	30716	30716	524	0	0	0×1	
con-bloqueante	scrum600-un-solo-front-documento.test.mjs	1	30708	30708	1438	0	0	0×1	
con-bloqueante	scrum688-crear-revision.test.mjs	1	30566	30566	1334	0	0	0×1	FSReqCallback×2
con-bloqueante	scrum636-sitio-unico-dinero.test.mjs	1	30526	30526	1265	0	0	0×1	FSReqCallback×2
con-bloqueante	scrum252-procedencia-cliente.test.mjs	1	30510	30510	521	0	0	0×1	
con-bloqueante	scrum808-el-arbol-que-queda-mutado.test.mjs	1	30492	30492	3815	0	0	0×1	
con-bloqueante	scrum584-selector-de-columnas.test.mjs	1	30451	30451	1148	0	0	0×1	
con-bloqueante	scrum599-navegacion-documentos-y-atajo.test.mjs	1	30321	30321	1082	0	0	0×1	
con-bloqueante	scrum1216b-pantalla-arranque.test.mjs	1	30091	30091	828	0	0	0×1	
con-bloqueante	scrum661b-el-coste-sobrevive-el-viaje.test.mjs	1	29857	29857	1069	0	0	0×1	
con-bloqueante	scrum1123-vigia-despliegue-aviso.test.mjs	1	29832	29832	240	0	0	0×1	
con-bloqueante	scrum325-libros-por-periodo.test.mjs	1	29790	29790	124	0	0	0×1	FSReqPromise×1
con-bloqueante	scrum475-constancia-correo.test.mjs	1	29707	29707	5538	0	0	0×1	FSReqPromise×1
con-bloqueante	scrum455-almacen-local.test.mjs	1	29646	29646	1047	0	0	0×1	Immediate×1
con-bloqueante	scrum1354-dueno-de-la-marca.test.mjs	1	29598	29598	802	0	0	0×1	Immediate×3
con-bloqueante	scrum291-series-huecos.test.mjs	1	29595	29595	143	0	0	0×1	FSReqPromise×1
con-bloqueante	scrum593e-el-albaran-si-es-alcanzable.test.mjs	1	29496	29496	45	0	0	0×1	
con-bloqueante	scrum313-pantalla-numeracion.test.mjs	1	29444	29444	152	0	0	0×1	FSReqPromise×1
con-bloqueante	scrum390-puerta-cliente-real.test.mjs	1	29310	29310	143	0	0	0×1	FSReqPromise×1
con-bloqueante	scrum693-filtro-de-comentarios.test.mjs	1	29262	29262	487	0	0	0×1	
con-bloqueante	scrum942-bytes-de-control-en-el-arbol.test.mjs	1	29255	29255	1129	0	0	0×1	
con-bloqueante	scrum885-documento-sin-enviar.test.mjs	1	29207	29207	1178	0	0	0×1	
con-bloqueante	scrum1327-el-veredicto-no-se-decide-a-mano.test.mjs	1	29143	29143	849	0	0	0×1	
con-bloqueante	scrum606-albaran-desde-presupuesto.test.mjs	1	29122	29122	1708	0	0	0×1	
con-bloqueante	scrum283-tabla-patron-factura.test.mjs	1	28956	28956	489	0	0	0×1	
con-bloqueante	scrum890b-rechazo-visible.test.mjs	1	28954	28954	1810	0	0	0×1	Timeout×1 Immediate×1
con-bloqueante	scrum683-parte-dictado.test.mjs	1	28835	28835	67	0	0	0×1	
con-bloqueante	scrum605-atajos-vencimiento.test.mjs	1	28808	28808	76	0	0	0×1	
con-bloqueante	scrum644-trinquete-mensaje-crudo.test.mjs	1	28768	28768	1788	0	0	0×1	
con-bloqueante	scrum267-ancla-de-medicion.test.mjs	1	28758	28758	1356	0	0	0×1	
con-bloqueante	scrum360-desalojo.test.mjs	1	28737	28737	992	0	0	0×1	Immediate×3
con-bloqueante	scrum284-asignacion-submenus.test.mjs	1	28715	28715	413	0	0	0×1	
con-bloqueante	scrum562-arbitro-de-toque.test.mjs	1	28694	28694	400	0	0	0×1	
con-bloqueante	scrum578-formulario-duplicados.test.mjs	1	28645	28645	431	0	0	0×1	
con-bloqueante	scrum1302h-firma-directa-ya-registrada.test.mjs	1	28594	28594	821	0	0	0×1	Immediate×3
con-bloqueante	albaran.test.mjs	1	28580	28580	386	0	0	0×1	FSReqPromise×1
con-bloqueante	scrum1343-un-hijo-que-no-arranca-es-ciego.test.mjs	1	28392	28392	390	0	0	0×1	
con-bloqueante	scrum607-precios-fuera-del-albaran.test.mjs	1	28362	28362	451	0	0	0×1	FSReqCallback×2 FSReqPromise×1
con-bloqueante	scrum563-registro-de-lo-aprobado.test.mjs	1	28314	28314	430	0	0	0×1	
con-bloqueante	scrum780-formato-f-en-la-factura.test.mjs	1	28237	28237	97	0	0	0×1	FSReqPromise×1
con-bloqueante	scrum1117-anclas-por-bloque.test.mjs	1	28220	28220	1472	0	0	0×1	
con-bloqueante	scrum195-pertenencia-por-job.test.mjs	1	28181	28181	68	0	0	0×1	FSReqPromise×1
con-bloqueante	scrum290-albaran-a-factura.test.mjs	1	28170	28170	48	0	0	0×1	
con-bloqueante	scrum1362-cargador-de-defectos-del-viaje.test.mjs	1	28092	28092	34	0	0	0×1	
con-bloqueante	scrum255-audit-log-sync.test.mjs	1	27999	27999	242	0	0	0×1	
con-bloqueante	scrum652d-puerta-al-parte.test.mjs	1	27989	27989	1273	0	0	0×1	
con-bloqueante	scrum579-direccion-de-facturacion.test.mjs	1	27988	27988	1012	0	0	0×1	
con-bloqueante	scrum1233-mensaje-para-persona.test.mjs	1	27899	27899	1808	0	0	0×1	
con-bloqueante	scrum314-wipedemo-derivado.test.mjs	1	27775	27775	490	0	0	0×1	
con-bloqueante	scrum1097-guard-acreditacion-invoicing-es.test.mjs	1	27775	27775	513	0	0	0×1	
con-bloqueante	scrum100-webhooks-fail-closed.test.mjs	1	27773	27773	1014	0	0	0×1	SimpleShutdownWrap×1 TCPServerWrap×1 TCPSocketWrap×1
con-bloqueante	scrum324-justificante-deducible.test.mjs	1	27709	27709	42	0	0	0×1	
con-bloqueante	scrum420-barra-lateral.test.mjs	1	27696	27696	54	0	0	0×1	
con-bloqueante	scrum899c-relevar-y-contexto.test.mjs	1	27646	27646	40	0	0	0×1	
con-bloqueante	scrum839e-solo-pr-armados.test.mjs	1	27634	27634	2332	0	0	0×1	
con-bloqueante	scrum303-albaran-una-pantalla.test.mjs	1	27613	27613	1160	0	0	0×1	FSReqPromise×1
con-bloqueante	scrum1351-viaje-firma-sin-red-albaran.test.mjs	1	27543	27543	9318	0	0	0×1	Immediate×2
con-bloqueante	scrum300-firmante-ids-y-microcopy.test.mjs	1	27501	27501	37	0	0	0×1	
con-bloqueante	scrum302-presupuesto-y-fotos.test.mjs	1	27288	27288	759	0	0	0×1	FSReqPromise×1
con-bloqueante	scrum383-clave-vs-destino.test.mjs	1	27213	27213	46	0	0	0×1	
con-bloqueante	scrum921-firmas-con-respaldo.test.mjs	1	27133	27133	3510	0	0	0×1	
con-bloqueante	scrum823-la-escalera-mira-el-estado.test.mjs	1	27132	27132	151	0	0	0×1	FSReqPromise×1
con-bloqueante	scrum764-margen-negativo.test.mjs	1	27108	27108	566	0	0	0×1	
con-bloqueante	scrum976-guards-entrada-con-techo.test.mjs	1	26997	26997	18977	0	0	0×1	
con-bloqueante	scrum944b-el-trabajo-se-llama-igual.test.mjs	1	26988	26988	45	0	0	0×1	
con-bloqueante	scrum351-topologia-node-modules.test.mjs	1	26896	26896	508	0	0	0×1	
con-bloqueante	scrum855-el-doble-llama-al-callback.test.mjs	1	26879	26879	650	0	0	0×1	
con-bloqueante	scrum344-cierre-con-saldo.test.mjs	1	26865	26865	494	0	0	0×1	
con-bloqueante	scrum395-preflight-migracion.test.mjs	1	26771	26771	39	0	0	0×1	
con-bloqueante	scrum491-metodo-y-registro.test.mjs	1	26733	26733	382	0	0	0×1	
con-bloqueante	scrum387-censo-reparto.test.mjs	1	26676	26676	428	0	0	0×1	
con-bloqueante	scrum1027-atajo-flag-off-sin-documento.test.mjs	1	26617	26617	495	0	0	0×1	
con-bloqueante	scrum357-que-lleva-encima.test.mjs	1	26553	26553	863	0	0	0×1	
con-bloqueante	scrum937-el-nif-no-se-tira-en-silencio.test.mjs	1	26423	26423	231	0	0	0×1	
con-bloqueante	scrum358-drenado.test.mjs	1	26422	26422	1088	0	0	0×1	Immediate×3
con-bloqueante	scrum1185-trinquete-sin-consumir.test.mjs	1	26364	26364	6349	0	0	0×1	
con-bloqueante	scrum691-contraste-de-tokens.test.mjs	1	26360	26360	101	0	0	0×1	
con-bloqueante	scrum141-factura-final.test.mjs	1	26283	26283	447	0	0	0×1	
con-bloqueante	scrum289b-factura-suelta.test.mjs	1	26158	26158	543	0	0	0×1	
con-bloqueante	scrum921c-firma-con-respaldo-en-codigo.test.mjs	1	26059	26059	4904	0	0	0×1	
con-bloqueante	automerge-conflicto-no-es-averia.test.mjs	1	26042	26042	75	0	0	0×1	
con-bloqueante	scrum1336-un-ciego-no-se-pinta-de-hallazgo.test.mjs	1	25950	25950	731	0	0	0×1	
con-bloqueante	scrum294-recargo-caja.test.mjs	1	25890	25890	454	0	0	0×1	
con-bloqueante	scrum622-desconocido-no-es-verde.test.mjs	1	25875	25875	2958	0	0	0×1	FSReqPromise×1
con-bloqueante	scrum1388-facturas-recibidas-literales-firmados.test.mjs	1	25866	25866	1471	0	0	0×1	
con-bloqueante	scrum938-la-lista-como-fixture.test.mjs	1	25865	25865	1123	0	0	0×1	
con-bloqueante	scrum1317-cierre-admin-e-inicio-del-operario.test.mjs	1	25839	25839	1091	0	0	0×1	
con-bloqueante	scrum296-pantalla-libro.test.mjs	1	25837	25837	121	0	0	0×1	
con-bloqueante	scrum844f-lo-que-cambia-el-importe.test.mjs	1	25828	25828	76	0	0	0×1	FSReqPromise×1
con-bloqueante	scrum578-duplicados-identificador.test.mjs	1	25772	25772	52	0	0	0×1	
con-bloqueante	scrum534b-documentos-fantasma.test.mjs	1	25639	25639	47000	0	0	0×1	
con-bloqueante	scrum1108b-pantalla-garantia.test.mjs	1	25630	25630	893	0	0	0×1	SimpleShutdownWrap×1 TCPServerWrap×1 TCPSocketWrap×1
con-bloqueante	scrum295-modelo-303.test.mjs	1	25575	25575	49	0	0	0×1	
con-bloqueante	scrum653-dos-firmas.test.mjs	1	25527	25527	392	0	0	0×1	
con-bloqueante	scrum670-un-solo-extractor.test.mjs	1	25469	25469	520	0	0	0×1	
con-bloqueante	scrum1286-intermitente-1281.test.mjs	1	25378	25378	54	0	0	0×1	
con-bloqueante	scrum352-target-tactil-variantes.test.mjs	1	25322	25322	2314	0	0	0×1	
con-bloqueante	scrum917g-el-trabajo-plegable.test.mjs	1	25013	25013	191	0	0	0×1	
con-bloqueante	scrum1126-fusion-de-clientes.test.mjs	1	24941	24941	3170	0	0	0×1	
con-bloqueante	scrum846b-siembras-a-los-quince.test.mjs	1	24921	24921	346	0	0	0×1	
con-bloqueante	scrum305-entrega-pendiente.test.mjs	1	24918	24918	398	0	0	0×1	
con-bloqueante	scrum954-vivo-no-es-listado.test.mjs	1	24858	24858	536	0	0	0×1	
con-bloqueante	scrum633-caducidad-en-la-zona.test.mjs	1	24822	24822	529	0	0	0×1	
con-bloqueante	scrum899-sesion-lista-blanca.test.mjs	1	24804	24804	552	0	0	0×1	
con-bloqueante	scrum501-una-fila-por-envio.test.mjs	1	24793	24793	457	0	0	0×1	FSReqPromise×1
con-bloqueante	scrum358-encolar-firma.test.mjs	1	24744	24744	915	0	0	0×1	Immediate×2
con-bloqueante	scrum304-albaranes-tabla.test.mjs	1	24707	24707	614	0	0	0×1	
con-bloqueante	scrum664-el-compilador-como-censo.test.mjs	1	24688	24688	768	0	0	0×1	
con-bloqueante	scrum1289-por-que-cayo.test.mjs	1	24644	24644	120	0	0	0×1	
con-bloqueante	scrum853-lecturas-que-fallan-cerrado.test.mjs	1	24615	24615	1011	0	0	0×1	
con-bloqueante	scrum558-ancla-alcanzable.test.mjs	1	24573	24573	394	0	0	0×1	
con-bloqueante	scrum499-el-registro-tiene-sitio.test.mjs	1	24490	24490	550	0	0	0×1	FSReqPromise×1
con-bloqueante	scrum600e-condiciones-contra-el-emisor.test.mjs	1	24466	24466	1269	0	0	0×1	
con-bloqueante	scrum820-estados-en-castellano.test.mjs	1	24435	24435	2208	0	0	0×1	
con-bloqueante	scrum494-export-que-sobra.test.mjs	1	24368	24368	9251	0	0	0×1	
con-bloqueante	scrum993-boton-un-toque.test.mjs	1	24340	24340	1293	0	0	0×1	Timeout×7
con-bloqueante	scrum815c-el-escritor-de-los-cinco.test.mjs	1	24330	24330	1321	0	0	0×1	FSReqPromise×1
con-bloqueante	scrum1322-el-bot-entiende-lo-que-pide.test.mjs	1	24328	24328	1056	0	0	0×1	TCPServerWrap×1
con-bloqueante	scrum626-calentar-el-navegador.test.mjs	1	24323	24323	48	0	0	0×1	
con-bloqueante	scrum774-arbol-de-otra-sesion.test.mjs	1	24226	24226	1917	0	0	0×1	
con-bloqueante	scrum759-el-guard-ciego-fuera-de-su-fichero.test.mjs	1	24180	24180	6478	0	0	0×1	
con-bloqueante	scrum551-anclas-bloque-f.test.mjs	1	24163	24163	398	0	0	0×1	
con-bloqueante	scrum615-pedir-tipo-destinatario.test.mjs	1	24118	24118	365	0	0	0×1	
con-bloqueante	scrum1157-censo-convenio-microcopy.test.mjs	1	24111	24111	3063	0	0	0×1	
con-bloqueante	scrum656-iva-y-clausulas.test.mjs	1	24104	24104	491	0	0	0×1	
con-bloqueante	scrum192-borrado-merchant.test.mjs	1	24061	24061	51	0	0	0×1	
con-bloqueante	scrum1325b-expresiones-sobre-texto-de-persona.test.mjs	1	24036	24036	3887	0	0	0×1	
con-bloqueante	scrum1040-pantalla-facturas-recibidas.test.mjs	1	24033	24033	72	0	0	0×1	
con-bloqueante	scrum932-el-turno-tiene-mecanismo.test.mjs	1	24014	24014	618	0	0	0×1	
con-bloqueante	scrum508-los-cinco-dejan-fila.test.mjs	1	24005	24005	1945	0	0	0×1	FSReqPromise×1
con-bloqueante	scrum216-tipo-rectificativa-sin-defecto.test.mjs	1	23993	23993	754	0	0	0×1	
con-bloqueante	scrum804-la-rama-viva.test.mjs	1	23935	23935	7446	0	0	0×1	
con-bloqueante	scrum598-el-margen-sale-del-documento.test.mjs	1	23825	23825	974	0	0	0×1	
con-bloqueante	scrum677-vigilante-de-despliegue.test.mjs	1	23814	23814	43	0	0	0×1	
con-bloqueante	scrum333-tarjetas-gremio.test.mjs	1	23809	23809	55	0	0	0×1	
con-bloqueante	scrum319-documentos-por-tipo.test.mjs	1	23723	23723	606	0	0	0×1	
con-bloqueante	scrum565-encargo-completo.test.mjs	1	23678	23678	39	0	0	0×1	
con-bloqueante	scrum1128-envio-construido.test.mjs	1	23650	23650	475	0	0	0×1	
con-bloqueante	scrum959b-el-arranque-no-duplica-el-equipo.test.mjs	1	23621	23621	8974	0	0	0×1	
con-bloqueante	scrum672-un-test-que-desaparece.test.mjs	1	23573	23573	45	0	0	0×1	
con-bloqueante	scrum542-objetivo-tactil.test.mjs	1	23564	23564	33	0	0	0×1	
con-bloqueante	scrum766-el-grep-que-cuenta-lineas.test.mjs	1	23555	23555	1625	0	0	0×1	
con-bloqueante	scrum591-alta-desde-el-documento.test.mjs	1	23531	23531	1715	0	0	0×1	
con-bloqueante	scrum438-atestiguar.test.mjs	1	23524	23524	135	0	0	0×1	FSReqPromise×1
con-bloqueante	pr-automatico-el-mensaje-del-automerge.test.mjs	1	23446	23446	271	0	0	0×1	
con-bloqueante	scrum574-switch-forma-juridica.test.mjs	1	23439	23439	376	0	0	0×1	
con-bloqueante	scrum581-pestanas-y-orden-clientes.test.mjs	1	23374	23374	48	0	0	0×1	
con-bloqueante	wa-log-sync.test.mjs	1	23307	23307	145	0	0	0×1	
con-bloqueante	scrum452-pdf-lo-que-se-sello.test.mjs	1	23305	23305	606	0	0	0×1	FSReqCallback×2
con-bloqueante	scrum645-la-puerta-no-tira-los-tramos.test.mjs	1	23249	23249	105	0	0	0×1	
con-bloqueante	scrum652-parte-trabajo.test.mjs	1	23208	23208	66	0	0	0×1	
con-bloqueante	scrum739-informes-al-sitio-unico.test.mjs	1	23188	23188	505	0	0	0×1	
con-bloqueante	scrum284-configuracion-submenus.test.mjs	1	23108	23108	694	0	0	0×1	
con-bloqueante	scrum253-adopcion.test.mjs	1	23055	23055	6612	0	0	0×1	
con-bloqueante	scrum887-el-cobro-es-lo-firmado.test.mjs	1	23052	23052	1504	0	0	0×1	
con-bloqueante	scrum294c-criterio-del-merchant.test.mjs	1	22990	22990	136	0	0	0×1	
con-bloqueante	scrum805-que-firmo-el-cliente.test.mjs	1	22985	22985	850	0	0	0×1	
con-bloqueante	scrum388-censo-mecanismo.test.mjs	1	22973	22973	2410	0	0	0×1	
con-bloqueante	scrum1381-escritores-por-fila.test.mjs	1	22929	22929	889	0	0	0×1	
con-bloqueante	scrum899b-arranque-de-la-tanda.test.mjs	1	22851	22851	2008	0	0	0×1	
con-bloqueante	scrum17-recapitulativa.test.mjs	1	22834	22834	314	0	0	0×1	FSReqPromise×1
con-bloqueante	scrum397-fecha-real-de-cobro.test.mjs	1	22765	22765	2175	0	0	0×1	
con-bloqueante	scrum1102f-sii-y-foral-se-preguntan-y-se-guardan.test.mjs	1	22725	22725	1291	0	0	0×1	
con-bloqueante	scrum568-promesa-con-mecanismo.test.mjs	1	22709	22709	544	0	0	0×1	
con-bloqueante	scrum564b-hueco-condicion.test.mjs	1	22703	22703	474	0	0	0×1	
con-bloqueante	scrum698-vistas-que-no-se-miden.test.mjs	1	22646	22646	2886	0	0	0×1	
con-bloqueante	scrum660-iva-defecto-del-documento.test.mjs	1	22626	22626	1233	0	0	0×1	Timeout×6
con-bloqueante	scrum596-la-nota-interna-no-sale.test.mjs	1	22585	22585	735	0	0	0×1	FSReqCallback×2
con-bloqueante	scrum329-legal-pagina-publica.test.mjs	1	22579	22579	900	0	0	0×1	ConnectWrap×1 TCPServerWrap×1 TCPSocketWrap×1
con-bloqueante	scrum320-que-falta-para-cobrar.test.mjs	1	22573	22573	79	0	0	0×1	
con-bloqueante	scrum844c-el-xml-que-se-remite.test.mjs	1	22561	22561	540	0	0	0×1	FSReqPromise×1
con-bloqueante	scrum1298-mesa-por-puesto.test.mjs	1	22535	22535	1140	0	0	0×1	
con-bloqueante	scrum268-espera-automatica.test.mjs	1	22497	22497	5279	0	0	0×1	
con-bloqueante	scrum400-conformidad-landing.test.mjs	1	22478	22478	45	0	0	0×1	
con-bloqueante	scrum745-comparar-por-identidad.test.mjs	1	22421	22421	6371	0	0	0×1	
con-bloqueante	scrum816-la-lista-no-miente.test.mjs	1	22413	22413	107	0	0	0×1	
con-bloqueante	scrum600g-plantillas-en-el-documento-suelto.test.mjs	1	22396	22396	3299	0	0	0×1	Timeout×2
con-bloqueante	scrum689-pestanas-clientes-con-css.test.mjs	1	22344	22344	332	0	0	0×1	
con-bloqueante	scrum386-hojas-fuera.test.mjs	1	22313	22313	587	0	0	0×1	
con-bloqueante	scrum733-el-censo-no-se-encoge-en-silencio.test.mjs	1	22234	22234	333	0	0	0×1	
con-bloqueante	scrum564-afirmaciones-publicadas.test.mjs	1	22199	22199	435	0	0	0×1	
con-bloqueante	scrum1303-estado-dentro-del-where.test.mjs	1	22149	22149	493	0	0	0×1	
con-bloqueante	scrum1259-abierto-con-trabajo-en-main.test.mjs	1	22146	22146	231	0	0	0×1	
con-bloqueante	scrum195-lectura-serializacion.test.mjs	1	22138	22138	33	0	0	0×1	
con-bloqueante	scrum317-trabajo-por-su-nombre.test.mjs	1	22098	22098	84	0	0	0×1	
con-bloqueante	scrum853c-el-vigia-no-se-cree-un-error.test.mjs	1	22073	22073	13016	0	0	0×1	
con-bloqueante	scrum683b-cableado-dictado.test.mjs	1	22071	22071	578	0	0	0×1	FSReqPromise×1
con-bloqueante	scrum244-cobertura-portabilidad.test.mjs	1	22004	22004	128	0	0	0×1	FSReqPromise×1
con-bloqueante	scrum397-instante-de-cobro.test.mjs	1	21894	21894	2902	0	0	0×1	
con-bloqueante	scrum229-margen-en-pie.test.mjs	1	21888	21888	97	0	0	0×1	
con-bloqueante	scrum919-cola-al-volver-la-red.test.mjs	1	21882	21882	1380	0	0	0×1	Immediate×2
con-bloqueante	scrum771-el-emisor-no-valida-el-tipo.test.mjs	1	21856	21856	3073	0	0	0×1	
con-bloqueante	scrum1325-una-tilde-no-rompe-lo-que-entiende.test.mjs	1	21839	21839	107	0	0	0×1	
con-bloqueante	scrum593-cabecera-y-pie-del-documento.test.mjs	1	21826	21826	563	0	0	0×1	FSReqCallback×2
con-bloqueante	scrum1258-el-tipo-del-registro-es-el-de-la-huella.test.mjs	1	21729	21729	853	0	0	0×1	
con-bloqueante	scrum627b-censo-declara-reimplementaciones.test.mjs	1	21722	21722	3025	0	0	0×1	
con-bloqueante	scrum1007-1011-1026-relevo-lanzar-bloqueo.test.mjs	1	21718	21718	10133	0	0	0×1	
con-bloqueante	scrum461-censo-no-encoge.test.mjs	1	21641	21641	428	0	0	0×1	
con-bloqueante	scrum887c-caso-c-bloqueado.test.mjs	1	21630	21630	1054	0	0	0×1	FSReqPromise×1
con-bloqueante	scrum443-toast-legible.test.mjs	1	21629	21629	481	0	0	0×1	
con-bloqueante	scrum362-residuales.test.mjs	1	21570	21570	1155	0	0	0×1	Immediate×3
con-bloqueante	scrum451-plazo-de-red.test.mjs	1	21559	21559	4926	0	0	0×1	
con-bloqueante	scrum946-censo-de-huerfanos.test.mjs	1	21542	21542	1218	0	0	0×1	
con-bloqueante	scrum716c-la-memoria-del-vigia.test.mjs	1	21521	21521	1316	0	0	0×1	TCPServerWrap×1 ProcessWrap×1
con-bloqueante	scrum331-heroe.test.mjs	1	21514	21514	40	0	0	0×1	
con-bloqueante	scrum711-guards-sin-sitio.test.mjs	1	21415	21415	454	0	0	0×1	
con-bloqueante	scrum892-firma-vacia.test.mjs	1	21365	21365	754	0	0	0×1	
con-bloqueante	scrum1349-entorno-prestado-solo-baja.test.mjs	1	21351	21351	5080	0	0	0×1	
con-bloqueante	scrum337-aviso-atado-al-bloqueo.test.mjs	1	21345	21345	1711	0	0	0×1	
con-bloqueante	scrum195-loop-adicional.test.mjs	1	21286	21286	708	0	0	0×1	FSReqPromise×1
con-bloqueante	scrum350-modal-footer-envuelve.test.mjs	1	21280	21280	2500	0	0	0×1	
con-bloqueante	scrum1167-irreversible-gana-la-cascada.test.mjs	1	21272	21272	302	0	0	0×1	
con-bloqueante	scrum233-prosa-sin-url-insegura.test.mjs	1	21199	21199	635	0	0	0×1	
con-bloqueante	scrum666b-toda-clase-pintada-tiene-regla.test.mjs	1	21196	21196	1627	0	0	0×1	
con-bloqueante	scrum417-descargar-datos-carga.test.mjs	1	21191	21191	607	0	0	0×1	Immediate×1
con-bloqueante	scrum1333-una-factura-se-encola-una-vez.test.mjs	1	21176	21176	707	0	0	0×1	
con-bloqueante	scrum1075-aviso-resumen-trimestre.test.mjs	1	21150	21150	648	0	0	0×1	
con-bloqueante	scrum615-plazo-con-null.test.mjs	1	21083	21083	11747	0	0	0×1	FSReqPromise×1
con-bloqueante	scrum939b-trinquete-de-las-skills.test.mjs	1	21071	21071	152	0	0	0×1	
con-bloqueante	scrum418-credencial-de-produccion.test.mjs	1	21045	21045	60	0	0	0×1	
con-bloqueante	scrum702-suelo-misma-poblacion.test.mjs	1	21027	21027	6617	0	0	0×1	
con-bloqueante	scrum469-aviso-desalojo.test.mjs	1	20937	20937	1568	0	0	0×1	Immediate×2
con-bloqueante	scrum298-modo-visible.test.mjs	1	20922	20922	370	0	0	0×1	
con-bloqueante	scrum844e-el-libro-es-una-declaracion.test.mjs	1	20904	20904	30	0	0	0×1	
con-bloqueante	scrum1324-nadie-vigila-el-silencio.test.mjs	1	20904	20904	1012	0	0	0×1	
con-bloqueante	scrum427-composicion-detalle.test.mjs	1	20890	20890	860	0	0	0×1	
con-bloqueante	scrum884-importador-normaliza-telefono.test.mjs	1	20855	20855	110	0	0	0×1	FSReqPromise×1
con-bloqueante	scrum880-el-empate-del-sello.test.mjs	1	20815	20815	1512	0	0	0×1	FSReqPromise×1
con-bloqueante	scrum406-escribenos.test.mjs	1	20810	20810	767	0	0	0×1	
con-bloqueante	scrum405-microcopy-descarga.test.mjs	1	20806	20806	624	0	0	0×1	
con-bloqueante	scrum242-backup-verificado.test.mjs	1	20775	20775	413	0	0	0×1	
con-bloqueante	scrum1216b-numero-de-arranque.test.mjs	1	20759	20759	751	0	0	0×1	SimpleShutdownWrap×1 TCPServerWrap×1 TCPSocketWrap×1
con-bloqueante	scrum600d-el-envio-tras-emitir.test.mjs	1	20691	20691	1901	0	0	0×1	Timeout×16
con-bloqueante	scrum643-zona-del-merchant.test.mjs	1	20656	20656	3031	0	0	0×1	FSReqPromise×1
con-bloqueante	scrum1338-la-barra-del-operario-contra-los-gates.test.mjs	1	20641	20641	2270	0	0	0×1	
con-bloqueante	scrum1059-etiquetado-masivo.test.mjs	1	20573	20573	73	0	0	0×1	
con-bloqueante	scrum336-atribucion-sin-almacenamiento.test.mjs	1	20549	20549	1176	0	0	0×1	
con-bloqueante	scrum639-vocabulario-sale-de-la-puerta.test.mjs	1	20545	20545	35	0	0	0×1	
con-bloqueante	scrum561-citar-fuera-del-esquema.test.mjs	1	20544	20544	389	0	0	0×1	
con-bloqueante	scrum856-canje-una-sola-vez.test.mjs	1	20514	20514	58	0	0	0×1	
con-bloqueante	scrum217-failopen-entrada.test.mjs	1	20508	20508	148	0	0	0×1	
con-bloqueante	scrum839c-la-pasada-se-ejecuta.test.mjs	1	20496	20496	669	0	0	0×1	
con-bloqueante	scrum821-la-lista-que-decide-que-se-mira.test.mjs	1	20468	20468	46	0	0	0×1	
con-bloqueante	scrum421-registro-presupuesto.test.mjs	1	20434	20434	1011	0	0	0×1	
con-bloqueante	scrum379-recarga-sin-await.test.mjs	1	20339	20339	495	0	0	0×1	
con-bloqueante	scrum506-cobros-distingue-el-desconocido.test.mjs	1	20330	20330	547	0	0	0×1	FSReqPromise×1
con-bloqueante	scrum725-dato-inventado-en-la-descripcion.test.mjs	1	20304	20304	52	0	0	0×1	
con-bloqueante	scrum890-parte-vacio.test.mjs	1	20300	20300	124	0	0	0×1	
con-bloqueante	scrum949-el-suelo-como-cociente.test.mjs	1	20282	20282	1654	0	0	0×1	
con-bloqueante	scrum289-censo-origen-factura.test.mjs	1	20234	20234	2529	0	0	0×1	
con-bloqueante	scrum394-plan-mudo.test.mjs	1	20179	20179	507	0	0	0×1	FSReqPromise×1
con-bloqueante	scrum1107-retencion-garantia.test.mjs	1	20149	20149	66	0	0	0×1	
con-bloqueante	scrum274-shell-alineado.test.mjs	1	19995	19995	50	0	0	0×1	
con-bloqueante	scrum1355-borrador-no-es-deuda.test.mjs	1	19975	19975	352	0	0	0×1	FSReqPromise×1
con-bloqueante	scrum1313-ciego-no-es-verde-ni-rojo.test.mjs	1	19961	19961	493	0	0	0×1	
con-bloqueante	scrum1228b-permisos-no-reintentan.test.mjs	1	19935	19935	508	0	0	0×1	SimpleShutdownWrap×1 TCPServerWrap×11 TCPSocketWrap×1
con-bloqueante	scrum358-alta-idempotente.test.mjs	1	19918	19918	78	0	0	0×1	FSReqPromise×1
con-bloqueante	scrum1276-decision-no-reabre.test.mjs	1	19910	19910	990	0	0	0×1	
con-bloqueante	scrum215-sin-destinatario.test.mjs	1	19902	19902	1193	0	0	0×1	
con-bloqueante	scrum480-fin-de-linea.test.mjs	1	19881	19881	3592	0	0	0×1	
con-bloqueante	scrum458-paquete-de-precarga.test.mjs	1	19870	19870	373	0	0	0×1	FSReqPromise×1
con-bloqueante	scrum244-supresion-y-anonimizado.test.mjs	1	19842	19842	519	0	0	0×1	
con-bloqueante	scrum292-nif-antes-de-emitir.test.mjs	1	19840	19840	594	0	0	0×1	
con-bloqueante	scrum887b-descuento-global.test.mjs	1	19826	19826	828	0	0	0×1	FSReqPromise×1
con-bloqueante	scrum290-endpoint-convertir.test.mjs	1	19770	19770	508	0	0	0×1	
con-bloqueante	tecnosel-precios-tras-firmar.test.mjs	1	19729	19729	49	0	0	0×1	
con-bloqueante	scrum168-zona-roja.test.mjs	1	19723	19723	41	0	0	0×1	
con-bloqueante	scrum1116-digest-garantia-retenida.test.mjs	1	19685	19685	417	0	0	0×1	FSReqPromise×1
con-bloqueante	scrum268-cesion.test.mjs	1	19679	19679	494	0	0	0×1	
con-bloqueante	scrumD1-puerta-serie.test.mjs	1	19669	19669	69	0	0	0×1	
con-bloqueante	scrum903-marcador-no-se-imprime.test.mjs	1	19655	19655	394	0	0	0×1	FSReqCallback×2
con-bloqueante	scrum1048-resumen-trimestre.test.mjs	1	19650	19650	26	0	0	0×1	
con-bloqueante	scrum365-permisos-tarifario.test.mjs	1	19637	19637	1452	0	0	0×1	FSReqPromise×1
con-bloqueante	scrum296-libro-registro.test.mjs	1	19574	19574	47	0	0	0×1	
con-bloqueante	scrum1191-tope-cola-firmas.test.mjs	1	19525	19525	664	0	0	0×1	Immediate×3
con-bloqueante	scrum893-solo-lo-que-puede-cobrar.test.mjs	1	19496	19496	612	0	0	0×1	TCPServerWrap×1 TCPSocketWrap×2 Immediate×1
con-bloqueante	scrum943-la-categoria-se-valida.test.mjs	1	19490	19490	255	0	0	0×1	
con-bloqueante	scrum762-el-pdf-emitido-se-rehace.test.mjs	1	19486	19486	1872	0	0	0×1	FSReqCallback×2
con-bloqueante	scrum1107b-rutas-garantia.test.mjs	1	19435	19435	326	0	0	0×1	SimpleShutdownWrap×1 TCPServerWrap×1 TCPSocketWrap×1
con-bloqueante	scrum1289b-reporters-como-argumentos.test.mjs	1	19400	19400	898	0	0	0×1	
con-bloqueante	scrum603b-descripcion-en-el-albaran.test.mjs	1	19380	19380	603	0	0	0×1	FSReqCallback×2
con-bloqueante	scrum308-bloqueo-rectify.test.mjs	1	19365	19365	502	0	0	0×1	FSReqPromise×1
con-bloqueante	scrum306-serie-albaranes.test.mjs	1	19364	19364	116	0	0	0×1	FSReqPromise×1
con-bloqueante	scrum728d-viajes-de-la-reserva.test.mjs	1	19329	19329	83	0	0	0×1	FSReqPromise×1
con-bloqueante	scrum432-plantillas-pestana.test.mjs	1	19325	19325	728	0	0	0×1	
con-bloqueante	scrum588-referencia-interna.test.mjs	1	19253	19253	58	0	0	0×1	
con-bloqueante	scrum757-la-declaracion-que-nadie-lee.test.mjs	1	19246	19246	4723	0	0	0×1	
con-bloqueante	scrum656b-clausulas-configuracion.test.mjs	1	19139	19139	301	0	0	0×1	
con-bloqueante	scrum525d-anclas-que-apuntan.test.mjs	1	19112	19112	394	0	0	0×1	
con-bloqueante	scrum477-avisos-con-constancia.test.mjs	1	19080	19080	2483	0	0	0×1	
con-bloqueante	scrum642-tramos-del-arranque.test.mjs	1	19050	19050	538	0	0	0×1	
con-bloqueante	scrum694b-el-filtro-que-no-ve-la-url.test.mjs	1	18986	18986	3124	0	0	0×1	
con-bloqueante	scrum704-el-cuerpo-llega.test.mjs	1	18976	18976	1516	0	0	0×1	
con-bloqueante	scrum727-constancia-del-vigia.test.mjs	1	18940	18940	544	0	0	0×1	
con-bloqueante	scrum441-metodo-declarado.test.mjs	1	18915	18915	34	0	0	0×1	
con-bloqueante	scrum1292-cobro-pagado-no-retrocede.test.mjs	1	18876	18876	373	0	0	0×1	
con-bloqueante	scrum690-contraste-segmented.test.mjs	1	18869	18869	368	0	0	0×1	
con-bloqueante	scrum1091-guard-cwd-posix.test.mjs	1	18837	18837	44	0	0	0×1	
con-bloqueante	scrum316-detalle-trabajo-b2.test.mjs	1	18826	18826	528	0	0	0×1	
con-bloqueante	scrum549-nada-publicable-sin-marcar.test.mjs	1	18824	18824	62	0	0	0×1	
con-bloqueante	scrum493-dos-instrumentos.test.mjs	1	18816	18816	9046	0	0	0×1	
con-bloqueante	scrum232-turno-contexto.test.mjs	1	18810	18810	76	0	0	0×1	
con-bloqueante	scrum1285-guardado-en-vuelo.test.mjs	1	18715	18715	922	0	0	0×1	Timeout×5
con-bloqueante	scrum348-tenencia-por-lectura.test.mjs	1	18678	18678	1368	0	0	0×1	
con-bloqueante	scrum1155-alta-rediseno.test.mjs	1	18644	18644	73	0	0	0×1	
con-bloqueante	scrum597-asignar-usuario-al-documento.test.mjs	1	18636	18636	878	0	0	0×1	SimpleShutdownWrap×1 TCPServerWrap×1 TCPSocketWrap×1
con-bloqueante	scrum1063b-303-soportado-resultado.test.mjs	1	18634	18634	37	0	0	0×1	
con-bloqueante	scrum623-desglose-por-tipo.test.mjs	1	18616	18616	1035	0	0	0×1	FSReqCallback×2
con-bloqueante	scrum714-cada-numero-con-su-unidad.test.mjs	1	18596	18596	291	0	0	0×1	
con-bloqueante	scrum244-colgados-de-otro-modelo.test.mjs	1	18595	18595	54	0	0	0×1	
con-bloqueante	scrum399-hambre-del-lote.test.mjs	1	18540	18540	559	0	0	0×1	FSReqPromise×1
con-bloqueante	scrum497-dato-personal-no-sobrevive.test.mjs	1	18539	18539	120	0	0	0×1	FSReqPromise×1
con-bloqueante	scrum740-carrera-por-el-arbol.test.mjs	1	18529	18529	2762	0	0	0×1	
con-bloqueante	scrum662-lista-de-scripts.test.mjs	1	18509	18509	331	0	0	0×1	
con-bloqueante	scrum361-version-al-firmar.test.mjs	1	18475	18475	701	0	0	0×1	
con-bloqueante	scrum697-un-solo-render.test.mjs	1	18466	18466	2042	0	0	0×1	
con-bloqueante	scrum1301-bizum-hoy-de-madrugada.test.mjs	1	18442	18442	355	0	0	0×1	
con-bloqueante	emission.test.mjs	1	18440	18440	107	0	0	0×1	FSReqPromise×1
con-bloqueante	scrum710b-anclaje-por-identidad.test.mjs	1	18437	18437	21964	0	0	0×1	
con-bloqueante	scrum734-una-sola-carga.test.mjs	1	18401	18401	551	0	0	0×1	
con-bloqueante	scrum503-desconocido-no-es-error.test.mjs	1	18355	18355	472	0	0	0×1	FSReqPromise×1
con-bloqueante	scrum1232-libro-sin-justificantes.test.mjs	1	18329	18329	181	0	0	0×1	
con-bloqueante	scrum616-que-guarda-la-factura.test.mjs	1	18309	18309	39	0	0	0×1	
con-bloqueante	scrum346-justificante-suelto.test.mjs	1	18251	18251	478	0	0	0×1	FSReqPromise×1
con-bloqueante	scrum1320-hallazgo-y-ciego-no-son-excluyentes.test.mjs	1	18235	18235	731	0	0	0×1	
con-bloqueante	scrum716-vigia-no-dice-al-dia-sin-mirar.test.mjs	1	18215	18215	33	0	0	0×1	
con-bloqueante	scrum848b-el-fixture-llega-a-la-pantalla.test.mjs	1	18181	18181	680	0	0	0×1	
con-bloqueante	scrum809-paywall-tras-cancelar.test.mjs	1	18171	18171	11085	0	0	0×1	TCPServerWrap×1
con-bloqueante	scrum209-desglose-conforme.test.mjs	1	18166	18166	903	0	0	0×1	
con-bloqueante	scrum712-decimales-de-precio.test.mjs	1	18111	18111	489	0	0	0×1	
con-bloqueante	scrum330-contador-solo-activas.test.mjs	1	18110	18110	91	0	0	0×1	FSReqPromise×1
con-bloqueante	scrum755-el-contador-que-cuadro-solo.test.mjs	1	18106	18106	2240	0	0	0×1	
con-bloqueante	scrum1398-la-sonda-de-colision.test.mjs	1	18048	18048	1240	0	0	0×1	
con-bloqueante	scrum1047-beneficio-sobre-la-base.test.mjs	1	18018	18018	32	0	0	0×1	
con-bloqueante	scrum318-rail-contenido.test.mjs	1	18016	18016	652	0	0	0×1	
con-bloqueante	scrum381-semilla.test.mjs	1	17961	17961	2996	0	0	0×1	
con-bloqueante	scrum360-entorno-guardado.test.mjs	1	17926	17926	187	0	0	0×1	FSReqPromise×1
con-bloqueante	scrum577-nombre-para-documento.test.mjs	1	17914	17914	436	0	0	0×1	
con-bloqueante	scrum781-concurrencia-de-la-factura.test.mjs	1	17911	17911	438	0	0	0×1	
con-bloqueante	scrum258-nota-por-sesion.test.mjs	1	17907	17907	4909	0	0	0×1	
con-bloqueante	scrum1200-sin-respuesta.test.mjs	1	17886	17886	705	0	0	0×1	
con-bloqueante	scrum368-anillo-foco-primario.test.mjs	1	17856	17856	173	0	0	0×1	
con-bloqueante	scrum574-mismo-cliente-tras-migracion.test.mjs	1	17852	17852	311	0	0	0×1	
con-bloqueante	scrum1296-emitir-encola.test.mjs	1	17808	17808	101	0	0	0×1	
con-bloqueante	scrum723-guard-contra-su-base.test.mjs	1	17782	17782	8674	0	0	0×1	
con-bloqueante	scrum665a-congelar-el-emisor.test.mjs	1	17781	17781	975	0	0	0×1	FSReqCallback×2
con-bloqueante	scrum867-el-modal-muerto.test.mjs	1	17742	17742	4342	0	0	0×1	
con-bloqueante	scrum741-la-entrada-no-la-linea.test.mjs	1	17736	17736	471	0	0	0×1	
con-bloqueante	scrum428-terminado-sin-cobrar.test.mjs	1	17734	17734	32	0	0	0×1	
con-bloqueante	scrum719-el-suelo-de-los-doce.test.mjs	1	17715	17715	431	0	0	0×1	
con-bloqueante	scrum654-dictado-sin-conexion.test.mjs	1	17687	17687	47	0	0	0×1	
con-bloqueante	scrum895b-literales-firmados.test.mjs	1	17685	17685	979	0	0	0×1	FSReqPromise×1
con-bloqueante	scrum1222-sesion-panel.test.mjs	1	17680	17680	191	0	0	0×1	
con-bloqueante	scrum750-los-dos-calendarios.test.mjs	1	17671	17671	7490	0	0	0×1	
con-bloqueante	scrum746b-guarda-en-la-conexion.test.mjs	1	17615	17615	40	0	0	0×1	
con-bloqueante	scrum270-evidencia-reunida.test.mjs	1	17605	17605	40	0	0	0×1	
con-bloqueante	scrum302-duplicar.test.mjs	1	17585	17585	405	0	0	0×1	FSReqPromise×1
con-bloqueante	scrum731-el-descuento-explicado.test.mjs	1	17555	17555	620	0	0	0×1	FSReqCallback×2
con-bloqueante	scrum1103-retencion-practicada-en-gastos.test.mjs	1	17555	17555	825	0	0	0×1	
con-bloqueante	scrum444-avisos-no-se-pisan.test.mjs	1	17540	17540	697	0	0	0×1	Timeout×13
con-bloqueante	scrum659-lector-de-lineas-del-pdf.test.mjs	1	17520	17520	340	0	0	0×1	FSReqCallback×2
con-bloqueante	scrum610-precio-final-del-catalogo.test.mjs	1	17520	17520	42	0	0	0×1	
con-bloqueante	scrum361-version-al-editar.test.mjs	1	17515	17515	435	0	0	0×1	
con-bloqueante	scrum1296-procesador-cola.test.mjs	1	17500	17500	77	0	0	0×1	FSReqPromise×1
con-bloqueante	scrum778-la-lista-cableada.test.mjs	1	17462	17462	3162	0	0	0×1	
con-bloqueante	scrum445-cobros-duplicados.test.mjs	1	17458	17458	67	0	0	0×1	FSReqPromise×1
con-bloqueante	scrum293-retencion-irpf.test.mjs	1	17440	17440	60	0	0	0×1	
con-bloqueante	scrum641-nombre-cogido-sin-500.test.mjs	1	17425	17425	508	0	0	0×1	
con-bloqueante	scrum709-microcopy-por-fichero.test.mjs	1	17367	17367	2050	0	0	0×1	
con-bloqueante	scrum743-tercera-forma.test.mjs	1	17350	17350	459	0	0	0×1	
con-bloqueante	scrum230-qr-pagina.test.mjs	1	17345	17345	79	0	0	0×1	
con-bloqueante	scrum861-firma-por-delegacion.test.mjs	1	17306	17306	247	0	0	0×1	
con-bloqueante	scrum844d-quien-entra-en-la-cadena.test.mjs	1	17255	17255	80	0	0	0×1	FSReqPromise×1
con-bloqueante	scrum758-cabecera-no-miente.test.mjs	1	17190	17190	455	0	0	0×1	
con-bloqueante	scrum244-menu-portabilidad.test.mjs	1	17179	17179	442	0	0	0×1	
con-bloqueante	scrum284-censo-configuracion.test.mjs	1	17176	17176	491	0	0	0×1	
con-bloqueante	scrum1042-ajuste-foto-tecnico.test.mjs	1	17105	17105	43	0	0	0×1	
con-bloqueante	scrum1360-caja-albaran-firma-de-parte.test.mjs	1	17007	17007	595	0	0	0×1	Immediate×2
con-bloqueante	scrum70-consolidacion-cliente.test.mjs	1	16984	16984	329	0	0	0×1	FSReqPromise×1
con-bloqueante	scrum677b-el-vigia-esta-cableado.test.mjs	1	16959	16959	29	0	0	0×1	
con-bloqueante	scrum409-fixtures-sin-merchant-demo.test.mjs	1	16957	16957	5052	0	0	0×1	
con-bloqueante	merchant-fixture.test.mjs	1	16945	16945	397	0	0	0×1	
con-bloqueante	scrum831-albaranes-con-acciones.test.mjs	1	16903	16903	88	0	0	0×1	
con-bloqueante	scrum360-entorno-instalada.test.mjs	1	16901	16901	580	0	0	0×1	
con-bloqueante	scrum619-vocabulario-de-linea.test.mjs	1	16887	16887	1911	0	0	0×1	
con-bloqueante	scrum783-seleccion-sobrevive-navegacion.test.mjs	1	16868	16868	2320	0	0	0×1	
con-bloqueante	scrum557-alcance-por-identidad.test.mjs	1	16810	16810	419	0	0	0×1	
con-bloqueante	scrum760-iva-de-voz-rechazado.test.mjs	1	16772	16772	1869	0	0	0×1	Timeout×2
con-bloqueante	scrum385-preview-fiable.test.mjs	1	16735	16735	3959	0	0	0×1	
con-bloqueante	scrum162-conceptos-frecuentes.test.mjs	1	16734	16734	51	0	0	0×1	
con-bloqueante	scrum1105-semilla-destino-por-bandera.test.mjs	1	16721	16721	502	0	0	0×1	
con-bloqueante	scrum311-cantidad-inventada-derivada.test.mjs	1	16700	16700	990	0	0	0×1	
con-bloqueante	scrum464-precarga-del-tecnico.test.mjs	1	16699	16699	81	0	0	0×1	FSReqPromise×1
con-bloqueante	scrum1133-whatsapp-del-cliente.test.mjs	1	16691	16691	953	0	0	0×1	
con-bloqueante	scrum384-min-height-locales.test.mjs	1	16690	16690	490	0	0	0×1	
con-bloqueante	scrum1108-aviso-garantia-retenida.test.mjs	1	16665	16665	454	0	0	0×1	FSReqPromise×1
con-bloqueante	scrum195-url-bd-sin-fuga.test.mjs	1	16661	16661	1395	0	0	0×1	
con-bloqueante	scrum363-eje-de-cobro.test.mjs	1	16638	16638	84	0	0	0×1	FSReqPromise×1
con-bloqueante	scrum818-la-cabecera-no-miente.test.mjs	1	16629	16629	362	0	0	0×1	
con-bloqueante	scrum245-llamador-declara-merchant.test.mjs	1	16626	16626	1786	0	0	0×1	
con-bloqueante	scrum827-el-trinquete-mira-el-valor.test.mjs	1	16610	16610	1614	0	0	0×1	
con-bloqueante	scrum632-la-descripcion-de-la-linea.test.mjs	1	16607	16607	528	0	0	0×1	FSReqCallback×2
con-bloqueante	scrum419-ci-declara-lo-que-no-corre.test.mjs	1	16604	16604	12002	0	0	0×1	
con-bloqueante	scrum1299-respaldo-smtp-deja-fila.test.mjs	1	16572	16572	205	0	0	0×1	
con-bloqueante	scrum118-db-guard-pertenencia.test.mjs	1	16571	16571	35	0	0	0×1	
con-bloqueante	scrum519-un-solo-criterio-de-cobro.test.mjs	1	16565	16565	426	0	0	0×1	
con-bloqueante	scrum530-la-alerta-que-no-puede-pronunciarse.test.mjs	1	16562	16562	649	0	0	0×1	
con-bloqueante	scrum929-el-total-del-borrador.test.mjs	1	16561	16561	169	0	0	0×1	FSReqPromise×1
con-bloqueante	scrum86-csv-formato.test.mjs	1	16538	16538	56	0	0	0×1	FSReqPromise×1
con-bloqueante	scrum889-anadir-linea-del-parte.test.mjs	1	16511	16511	586	0	0	0×1	
con-bloqueante	scrum1284-minutos-actions.test.mjs	1	16510	16510	43	0	0	0×1	
con-bloqueante	scrum466-el-firmante-ve-el-albaran.test.mjs	1	16496	16496	558	0	0	0×1	
con-bloqueante	scrum448-cobros-estado-de-carga.test.mjs	1	16470	16470	1012	0	0	0×1	Timeout×1
con-bloqueante	scrum608-tipo-de-documento-en-la-cabecera.test.mjs	1	16462	16462	1016	0	0	0×1	FSReqCallback×2
con-bloqueante	scrum527-la-unica-que-eran-siete.test.mjs	1	16461	16461	377	0	0	0×1	
con-bloqueante	scrum862-el-fallo-entra-en-el-denominador.test.mjs	1	16461	16461	34	0	0	0×1	
con-bloqueante	scrum1008-ficha-articulo.test.mjs	1	16410	16410	257	0	0	0×1	FSReqPromise×1
con-bloqueante	scrum300-albaran-campos.test.mjs	1	16330	16330	806	0	0	0×1	FSReqCallback×2
con-bloqueante	scrum845-la-lista-pregunta-lo-que-el-servidor-contesta.test.mjs	1	16325	16325	64	0	0	0×1	FSReqPromise×1
con-bloqueante	scrum257-albaran-desde-presupuesto.test.mjs	1	16311	16311	573	0	0	0×1	FSReqPromise×1
con-bloqueante	scrum308-caracterizacion-rectify.test.mjs	1	16302	16302	448	0	0	0×1	FSReqPromise×1
con-bloqueante	scrum1000-vigia-sesiones-jv.test.mjs	1	16300	16300	36	0	0	0×1	
con-bloqueante	scrum785-productos-y-proveedores-descuelgan.test.mjs	1	16297	16297	1204	0	0	0×1	
con-bloqueante	scrum362-banco-sin-cobertura.test.mjs	1	16296	16296	900	0	0	0×1	Timeout×3
con-bloqueante	scrum424-donde-tiene-dato.test.mjs	1	16266	16266	284	0	0	0×1	FSReqPromise×1
con-bloqueante	scrum744-el-guard-mira-la-accion.test.mjs	1	16261	16261	51	0	0	0×1	
con-bloqueante	scrum1285d-plan-de-cobro-version-pantalla.test.mjs	1	16252	16252	930	0	0	0×1	
con-bloqueante	scrum611-tipo-iva-elegible.test.mjs	1	16251	16251	449	0	0	0×1	
con-bloqueante	scrum265-margen-en-recibo.test.mjs	1	16245	16245	240	0	0	0×1	
con-bloqueante	scrum627-censo-ciego.test.mjs	1	16232	16232	2818	0	0	0×1	
con-bloqueante	scrum738-el-tablero-contra-el-arbol.test.mjs	1	16222	16222	1024	0	0	0×1	
con-bloqueante	scrum966-censo-ve-las-ramas.test.mjs	1	16217	16217	445	0	0	0×1	
con-bloqueante	scrum249-latido-turno.test.mjs	1	16210	16210	46	0	0	0×1	
con-bloqueante	scrum1270-pr-mudo-avisado-en-el-pr.test.mjs	1	16201	16201	71	0	0	0×1	
con-bloqueante	scrum1175-horas-del-parte.test.mjs	1	16180	16180	64	0	0	0×1	
con-bloqueante	scrum71c-voz-albaran-ui.test.mjs	1	16179	16179	70	0	0	0×1	
con-bloqueante	scrum849-escritura-no-afloja.test.mjs	1	16177	16177	1823	0	0	0×1	FSReqPromise×1
con-bloqueante	scrum635-el-csv-sin-iva-y-con-coste.test.mjs	1	16176	16176	38	0	0	0×1	
con-bloqueante	scrum666-banco-lee-css.test.mjs	1	16170	16170	336	0	0	0×1	
con-bloqueante	scrum756-el-rechazo-se-ve.test.mjs	1	16167	16167	1668	0	0	0×1	
con-bloqueante	scrum203-embudo-factura.test.mjs	1	16135	16135	2701	0	0	0×1	
con-bloqueante	scrum634-banco-atributo-no-copiado.test.mjs	1	16109	16109	370	0	0	0×1	
con-bloqueante	scrum511-exencion-por-mencion.test.mjs	1	16108	16108	7008	0	0	0×1	
con-bloqueante	scrum1003-1004-vcard-como-llegar.test.mjs	1	16097	16097	798	0	0	0×1	
con-bloqueante	scrum603-descripcion-en-el-pdf.test.mjs	1	16091	16091	395	0	0	0×1	FSReqCallback×2
con-bloqueante	scrum173-cadena-verifactu-serializada.test.mjs	1	16081	16081	72	0	0	0×1	
con-bloqueante	scrum707-estado-no-contemplado.test.mjs	1	16076	16076	56	0	0	0×1	
con-bloqueante	scrum402-marcador-no-se-pinta.test.mjs	1	15998	15998	1611	0	0	0×1	
con-bloqueante	scrum1213-quoteadmin-tenencia-fail-closed.test.mjs	1	15986	15986	75	0	0	0×1	FSReqPromise×1
con-bloqueante	scrum1093-bulk-paid-hoy-de-madrugada.test.mjs	1	15977	15977	382	0	0	0×1	FSReqPromise×1
con-bloqueante	scrum284-dos-poblaciones.test.mjs	1	15946	15946	503	0	0	0×1	
con-bloqueante	scrum915d-pasos-del-editor.test.mjs	1	15942	15942	829	0	0	0×1	Timeout×1
con-bloqueante	scrum1164-ocultar-en-receipt-inicio-planes.test.mjs	1	15937	15937	1164	0	0	0×1	
con-bloqueante	scrum857-union-de-vias.test.mjs	1	15931	15931	154	0	0	0×1	
con-bloqueante	scrum629-telefono-que-no-se-destruye.test.mjs	1	15922	15922	218	0	0	0×1	
con-bloqueante	scrum736-el-suelo-que-no-avisa.test.mjs	1	15893	15893	5472	0	0	0×1	
con-bloqueante	scrum370-gastos-del-trabajo.test.mjs	1	15885	15885	65	0	0	0×1	
con-bloqueante	scrum1189b-tipo-contra-la-ruta-real.test.mjs	1	15872	15872	610	0	0	0×1	
con-bloqueante	scrum841-el-escritor-del-albaran.test.mjs	1	15802	15802	1346	0	0	0×1	FSReqPromise×1
con-bloqueante	scrum973-titulo-del-pr.test.mjs	1	15802	15802	172	0	0	0×1	
con-bloqueante	scrum728d-ms-en-loopback.test.mjs	1	15786	15786	1848	0	0	0×1	
con-bloqueante	scrum986-chip-whatsapp-en-la-lista.test.mjs	1	15776	15776	758	0	0	0×1	FSReqPromise×1
con-bloqueante	scrum647-presupuesto-tambien-neutral.test.mjs	1	15762	15762	803	0	0	0×1	FSReqCallback×2
con-bloqueante	scrum684-albaran-en-averia.test.mjs	1	15731	15731	41	0	0	0×1	
con-bloqueante	scrum441-selector-metodo.test.mjs	1	15730	15730	47	0	0	0×1	
con-bloqueante	billingPlan.test.mjs	1	15730	15730	38	0	0	0×1	
con-bloqueante	scrum145-verifactu-xsd.test.mjs	1	15726	15726	124	0	0	0×1	FSReqPromise×1
con-bloqueante	scrum445-cobros-sin-duplicar.test.mjs	1	15705	15705	60	0	0	0×1	FSReqPromise×1
con-bloqueante	scrum313-continuidad-numeracion.test.mjs	1	15660	15660	134	0	0	0×1	FSReqPromise×1
con-bloqueante	scrum1291-fusion-mueve-direcciones-de-obra.test.mjs	1	15637	15637	395	0	0	0×1	FSReqPromise×1
con-bloqueante	scrum604b-desglose-presupuesto.test.mjs	1	15631	15631	738	0	0	0×1	FSReqCallback×2
con-bloqueante	scrum226-url-credencial-en-argv.test.mjs	1	15617	15617	4840	0	0	0×1	
con-bloqueante	scrum1186-textos-al-duplicar-y-borrador.test.mjs	1	15617	15617	1480	0	0	0×1	Timeout×1
con-bloqueante	scrum951d-ensayo-instalacion.test.mjs	1	15615	15615	47	0	0	0×1	
con-bloqueante	scrum71-voz-albaran.test.mjs	1	15614	15614	135	0	0	0×1	FSReqPromise×1
con-bloqueante	scrum207-misma-tx.test.mjs	1	15611	15611	877	0	0	0×1	
con-bloqueante	scrum769-el-motivo-de-las-dos-que-no.test.mjs	1	15572	15572	841	0	0	0×1	
con-bloqueante	scrum983-la-ficha-360-carga-lo-que-edita.test.mjs	1	15558	15558	1153	0	0	0×1	
con-bloqueante	scrum681-esperar-la-condicion.test.mjs	1	15535	15535	41	0	0	0×1	
con-bloqueante	scrum864-el-temporal-que-se-borra.test.mjs	1	15531	15531	101	0	0	0×1	
con-bloqueante	scrum548-peaje-package-json.test.mjs	1	15530	15530	56	0	0	0×1	
con-bloqueante	scrum351-diagnostico-dependencias.test.mjs	1	15516	15516	54	0	0	0×1	
con-bloqueante	scrum908c-la-cola-que-se-pierde.test.mjs	1	15485	15485	4360	0	0	0×1	ProcessWrap×1
con-bloqueante	scrum694-los-guards-migrados.test.mjs	1	15483	15483	4505	0	0	0×1	
con-bloqueante	scrum415-version-del-sello.test.mjs	1	15460	15460	31	0	0	0×1	
con-bloqueante	scrum907-cobrado-de-mas.test.mjs	1	15457	15457	589	0	0	0×1	
con-bloqueante	scrum403-beneficio-sin-iva.test.mjs	1	15416	15416	488	0	0	0×1	
con-bloqueante	scrum1257-vacio-facturas-segun-modo.test.mjs	1	15411	15411	667	0	0	0×1	
con-bloqueante	scrum837-decisiones-encerradas.test.mjs	1	15392	15392	8003	0	0	0×1	
con-bloqueante	scrum398-vocabulario-de-cobro.test.mjs	1	15385	15385	447	0	0	0×1	
con-bloqueante	scrum460-precarga-al-movil.test.mjs	1	15341	15341	692	0	0	0×1	
con-bloqueante	scrum1371-reintentar-no-vuelve-a-crear.test.mjs	1	15338	15338	611	0	0	0×1	Timeout×2
con-bloqueante	scrum590b-el-campo-en-la-pantalla.test.mjs	1	15278	15278	1018	0	0	0×1	
con-bloqueante	scrum801-el-respaldo-de-la-n.test.mjs	1	15263	15263	2548	0	0	0×1	
con-bloqueante	scrum655c-pantalla-revisiones.test.mjs	1	15246	15246	348	0	0	0×1	
con-bloqueante	scrum1302f-envio-sin-telefono.test.mjs	1	15223	15223	1117	0	0	0×1	
con-bloqueante	scrum742-internos-de-prisma.test.mjs	1	15223	15223	7267	0	0	0×1	
con-bloqueante	scrum575-nif-espanol.test.mjs	1	15220	15220	41	0	0	0×1	
con-bloqueante	scrum293-cero-literales-retencion.test.mjs	1	15174	15174	1229	0	0	0×1	
con-bloqueante	scrum440-tenencia-supresion.test.mjs	1	15138	15138	1939	0	0	0×1	FSReqPromise×1
con-bloqueante	scrum815-el-modelo-apunta-a-la-tabla.test.mjs	1	15136	15136	64	0	0	0×1	FSReqPromise×1
con-bloqueante	scrum378-carga-por-pagina.test.mjs	1	15128	15128	5259	0	0	0×1	
con-bloqueante	scrum748-no-lo-se-no-es-al-dia.test.mjs	1	15127	15127	1061	0	0	0×1	
con-bloqueante	scrum315-checklist-hasta-el-cobro.test.mjs	1	14965	14965	39	0	0	0×1	
con-bloqueante	scrum228-desglose-empleado-suma.test.mjs	1	14913	14913	431	0	0	0×1	
con-bloqueante	scrum293-tres-estados-retencion.test.mjs	1	14871	14871	55	0	0	0×1	
con-bloqueante	scrum904-completar-lleva-al-campo.test.mjs	1	14862	14862	70	0	0	0×1	
con-bloqueante	scrum349-copy-no-comentarios.test.mjs	1	14832	14832	878	0	0	0×1	
con-bloqueante	scrum1164-ocultar-en-receipt-ficha-trabajo.test.mjs	1	14827	14827	1035	0	0	0×1	
con-bloqueante	scrum382-foto-duplicada.test.mjs	1	14820	14820	48	0	0	0×1	
con-bloqueante	scrum777-el-modal-escondido-no-mata-la-n.test.mjs	1	14813	14813	1703	0	0	0×1	
con-bloqueante	scrum302-patron-albaran.test.mjs	1	14795	14795	37	0	0	0×1	
con-bloqueante	scrum609b-switch-tipo-articulo.test.mjs	1	14781	14781	317	0	0	0×1	
con-bloqueante	scrum792-barra-alcanzable-en-movil.test.mjs	1	14768	14768	633	0	0	0×1	
con-bloqueante	scrum776-una-sola-voz.test.mjs	1	14767	14767	221	0	0	0×1	
con-bloqueante	scrum271-cantidad-sin-inventar.test.mjs	1	14750	14750	27	0	0	0×1	
con-bloqueante	scrum367-quote-line-index.test.mjs	1	14739	14739	295	0	0	0×1	FSReqPromise×1
con-bloqueante	scrum960-nif-del-proveedor.test.mjs	1	14735	14735	200	0	0	0×1	
con-bloqueante	scrum554-el-censo-no-confunde-el-numero.test.mjs	1	14712	14712	1006	0	0	0×1	
con-bloqueante	scrum328-aviso-bizum-sin-telefono.test.mjs	1	14695	14695	58	0	0	0×1	
con-bloqueante	scrum832-atras-vuelve-a-la-lista.test.mjs	1	14692	14692	426	0	0	0×1	
con-bloqueante	scrum1175c-datos-del-parte-plegados.test.mjs	1	14677	14677	753	0	0	0×1	
con-bloqueante	scrum1070-vivas-relevo.test.mjs	1	14671	14671	30	0	0	0×1	
con-bloqueante	scrum266-ttl-desatado.test.mjs	1	14671	14671	946	0	0	0×1	
con-bloqueante	scrum694c-el-corte-a-pelo.test.mjs	1	14667	14667	513	0	0	0×1	
con-bloqueante	scrum570-cr-en-disco.test.mjs	1	14644	14644	37	0	0	0×1	
con-bloqueante	scrum265-timeouts-tanda.test.mjs	1	14634	14634	423	0	0	0×1	
con-bloqueante	scrum854-todo-merge-deja-entrada.test.mjs	1	14618	14618	173	0	0	0×1	
con-bloqueante	scrum650-asignacion-a-varios.test.mjs	1	14611	14611	92	0	0	0×1	
con-bloqueante	scrum860-trinquete-del-select.test.mjs	1	14599	14599	6482	0	0	0×1	
con-bloqueante	scrum625-formato-importe-pdf.test.mjs	1	14597	14597	815	0	0	0×1	FSReqCallback×2
con-bloqueante	scrum37-plan-front-vs-back.test.mjs	1	14595	14595	45	0	0	0×1	
con-bloqueante	scrum804b-el-barrido-de-la-42.test.mjs	1	14590	14590	12510	0	0	0×1	
con-bloqueante	scrum297-paquete-piezas.test.mjs	1	14574	14574	402	0	0	0×1	
con-bloqueante	scrum412-primaria-nunca-es-sm.test.mjs	1	14542	14542	284	0	0	0×1	
con-bloqueante	scrum708-el-fichero-que-no-corre.test.mjs	1	14539	14539	4968	0	0	0×1	
con-bloqueante	scrum786-irreversibles-44px.test.mjs	1	14523	14523	580	0	0	0×1	
con-bloqueante	scrum505-dato-personal-en-contenido.test.mjs	1	14497	14497	41	0	0	0×1	
con-bloqueante	scrum643-huso-del-sello-fiscal.test.mjs	1	14496	14496	450	0	0	0×1	FSReqPromise×1
con-bloqueante	scrum888c-descuentos-en-lineas.test.mjs	1	14488	14488	152	0	0	0×1	
con-bloqueante	scrum815-referido-una-sola-vez.test.mjs	1	14482	14482	31	0	0	0×1	
con-bloqueante	scrum850-la-poblacion-del-instrumento.test.mjs	1	14482	14482	2017	0	0	0×1	
con-bloqueante	scrum1382-borrador-no-es-fallo-real.test.mjs	1	14477	14477	99	0	0	0×1	
con-bloqueante	scrum259-diagnostico-ausencia.test.mjs	1	14444	14444	31	0	0	0×1	
con-bloqueante	scrum793-la-carrera-del-token.test.mjs	1	14420	14420	23	0	0	0×1	
con-bloqueante	scrum474-filtro-cobros-un-cubo.test.mjs	1	14397	14397	603	0	0	0×1	CloseReq×1
con-bloqueante	scrum210-semaforo-payload.test.mjs	1	14354	14354	38	0	0	0×1	
con-bloqueante	scrum686-cabecera-y-pie-viajan.test.mjs	1	14332	14332	39	0	0	0×1	
con-bloqueante	scrum589-nombre-por-documento.test.mjs	1	14331	14331	145	0	0	0×1	
con-bloqueante	scrum1365-cobrar-resto-solo-aceptados.test.mjs	1	14328	14328	497	0	0	0×1	
con-bloqueante	scrum1193-mas-acciones-44.test.mjs	1	14317	14317	400	0	0	0×1	
con-bloqueante	scrum521-resolvedor-de-importadores.test.mjs	1	14299	14299	1680	0	0	0×1	
con-bloqueante	scrum1296-esquema-cola.test.mjs	1	14297	14297	428	0	0	0×1	
con-bloqueante	scrum83-render-paralelo.test.mjs	1	14231	14231	181	0	0	0×1	
con-bloqueante	scrum413-tipo-factura-cerrado.test.mjs	1	14228	14228	1856	0	0	0×1	FSReqPromise×1
con-bloqueante	scrum918-arranque-sin-red.test.mjs	1	14211	14211	53	0	0	0×1	
con-bloqueante	scrum768-listas-sin-atajo.test.mjs	1	14203	14203	8159	0	0	0×1	
con-bloqueante	scrum294b-devengo-por-cobro.test.mjs	1	14202	14202	46	0	0	0×1	
con-bloqueante	scrum692-un-formulario-no-borra-lo-que-no-muestra.test.mjs	1	14153	14153	666	0	0	0×1	
con-bloqueante	scrum728-serie-ocupada-postgres.test.mjs	1	14146	14146	15009	0	0	0×1	
con-bloqueante	scrum624c-total-canonico.test.mjs	1	14128	14128	710	0	0	0×1	FSReqPromise×1
con-bloqueante	scrum3-bizum-auto.test.mjs	1	14124	14124	31	0	0	0×1	
con-bloqueante	scrum815-idempotencia-del-webhook.test.mjs	1	14118	14118	1274	0	0	0×1	FSReqPromise×1
con-bloqueante	scrum979-ultima-visita.test.mjs	1	14111	14111	766	0	0	0×1	
con-bloqueante	scrum475-un-solo-emisor.test.mjs	1	14107	14107	480	0	0	0×1	
con-bloqueante	scrum1331-sin-red-se-dice.test.mjs	1	14094	14094	1228	0	0	0×1	
con-bloqueante	scrum593c-todas-las-puertas-del-documento.test.mjs	1	14046	14046	461	0	0	0×1	
con-bloqueante	scrum746-barrera-y-punto-de-conexion.test.mjs	1	14036	14036	85	0	0	0×1	
con-bloqueante	scrum858b-la-tanda-sin-veredicto.test.mjs	1	14034	14034	8957	0	0	0×1	
con-bloqueante	scrum294a-recargo-en-cliente.test.mjs	1	14031	14031	64	0	0	0×1	
con-bloqueante	scrum170-facturacion-parcial.test.mjs	1	14012	14012	86	0	0	0×1	
con-bloqueante	scrum153d-ui-anular.test.mjs	1	13994	13994	47	0	0	0×1	
con-bloqueante	scrum1239-alta-cliente-sin-conexion.test.mjs	1	13983	13983	961	0	0	0×1	
con-bloqueante	scrum1214-clasificador-apretado.test.mjs	1	13977	13977	45	0	0	0×1	
con-bloqueante	scrum502-pasarela-no-resucita-anulada.test.mjs	1	13940	13940	70	0	0	0×1	FSReqPromise×1
con-bloqueante	scrum1287-descripcion-no-se-corta.test.mjs	1	13933	13933	722	0	0	0×1	
con-bloqueante	scrum877-la-novena-a-pelo.test.mjs	1	13929	13929	1758	0	0	0×1	
con-bloqueante	scrum705-procedimiento-unico.test.mjs	1	13918	13918	384	0	0	0×1	
con-bloqueante	scrum726-quien-firma-la-microcopy.test.mjs	1	13918	13918	210	0	0	0×1	
con-bloqueante	scrum711b-escritorio-36.test.mjs	1	13916	13916	342	0	0	0×1	
con-bloqueante	scrum1380-suelo-corrio-y-no-reporto.test.mjs	1	13911	13911	25	0	0	0×1	
con-bloqueante	scrum472-seed-no-fabrica-firmas.test.mjs	1	13866	13866	3664	0	0	0×1	
con-bloqueante	scrum263-sin-lineas-409.test.mjs	1	13863	13863	523	0	0	0×1	
con-bloqueante	scrum728b-aviso-legible.test.mjs	1	13838	13838	788	0	0	0×1	
con-bloqueante	scrum1223-motivos-de-rechazo.test.mjs	1	13827	13827	36	0	0	0×1	
con-bloqueante	scrum183-consola-e2e.test.mjs	1	13805	13805	37	0	0	0×1	
con-bloqueante	scrum244-puerta-portabilidad.test.mjs	1	13721	13721	478	0	0	0×1	FSReqPromise×1
con-bloqueante	scrum433-dispatch-sin-camino.test.mjs	1	13712	13712	582	0	0	0×1	
con-bloqueante	scrum624-cuantos-sitios-calculan-dinero.test.mjs	1	13712	13712	1477	0	0	0×1	
con-bloqueante	scrum1169-linea-tiempo-modo-recibo.test.mjs	1	13703	13703	747	0	0	0×1	
con-bloqueante	scrum1170-seccion-facturas-modo-recibo.test.mjs	1	13703	13703	655	0	0	0×1	
con-bloqueante	scrum637-un-numero-una-regla.test.mjs	1	13667	13667	182	0	0	0×1	
con-bloqueante	scrum705-cadena-tecnosel.test.mjs	1	13663	13663	1247	0	0	0×1	
con-bloqueante	scrum807-esquemas-del-href.test.mjs	1	13602	13602	451	0	0	0×1	
con-bloqueante	scrum274-huella-estaticos.test.mjs	1	13571	13571	81	0	0	0×1	
con-bloqueante	scrum297-lector-paquete-v2.test.mjs	1	13567	13567	278	0	0	0×1	FSReqPromise×1
con-bloqueante	billingPlanView.test.mjs	1	13542	13542	42	0	0	0×1	
con-bloqueante	scrum1166-detalle-quote-tiene-numero.test.mjs	1	13527	13527	75	0	0	0×1	FSReqPromise×1
con-bloqueante	scrum910-la-transferencia-que-no-mira.test.mjs	1	13518	13518	469	0	0	0×1	TCPServerWrap×1 TCPSocketWrap×2 Immediate×1
con-bloqueante	scrum37-editar-tramos.test.mjs	1	13511	13511	38	0	0	0×1	
con-bloqueante	scrum453-precache-con-huella.test.mjs	1	13497	13497	27	0	0	0×1	
con-bloqueante	scrum474-dos-copias-atadas.test.mjs	1	13474	13474	2704	0	0	0×1	
con-bloqueante	scrum765-la-puerta-y-el-suelo.test.mjs	1	13474	13474	12743	0	0	0×1	
con-bloqueante	scrum965-un-solo-documento.test.mjs	1	13455	13455	56	0	0	0×1	
con-bloqueante	scrum405-descarga-verificada.test.mjs	1	13453	13453	914	0	0	0×1	
con-bloqueante	scrum180-fixtures-nunca-a-meta.test.mjs	1	13375	13375	148	0	0	0×1	FSReqPromise×1
con-bloqueante	scrum462-firmado-sin-sobre.test.mjs	1	13358	13358	815	0	0	0×1	
con-bloqueante	scrum895-boton-imposible.test.mjs	1	13326	13326	55	0	0	0×1	
con-bloqueante	scrum368-contraste-tokens.test.mjs	1	13296	13296	38	0	0	0×1	
con-bloqueante	scrum334-destino-de-los-cta.test.mjs	1	13291	13291	885	0	0	0×1	FSReqCallback×1 SimpleShutdownWrap×1 TCPServerWrap×1 TCPSocketWrap×1
con-bloqueante	scrum1127-sif-cola.test.mjs	1	13286	13286	34	0	0	0×1	
con-bloqueante	scrum339-importador-productos.test.mjs	1	13281	13281	103	0	0	0×1	FSReqPromise×1
con-bloqueante	scrum810b-los-suelos-derivados.test.mjs	1	13258	13258	4138	0	0	0×1	
con-bloqueante	scrum364-cambiar-gremio.test.mjs	1	13237	13237	492	0	0	0×1	
con-bloqueante	scrum928b-el-veredicto-que-el-color-tapa.test.mjs	1	13235	13235	1031	0	0	0×1	
con-bloqueante	scrum1135-etiquetar-seleccion.test.mjs	1	13233	13233	1082	0	0	0×1	
con-bloqueante	scrum590-el-movil-es-el-canal.test.mjs	1	13223	13223	159	0	0	0×1	
con-bloqueante	scrum850b-las-formas-que-mienten.test.mjs	1	13219	13219	4051	0	0	0×1	
con-bloqueante	scrum1033-1034-cabecera-etiquetas-cliente.test.mjs	1	13215	13215	3300	0	0	0×1	Timeout×2
con-bloqueante	scrum1321-el-resumen-no-prueba-el-final.test.mjs	1	13194	13194	693	0	0	0×1	
con-bloqueante	scrum218-flag-fiscal-auditado.test.mjs	1	13155	13155	61	0	0	0×1	FSReqPromise×1
con-bloqueante	scrum25-entrega-zip.test.mjs	1	13142	13142	94	0	0	0×1	FSReqPromise×1
con-bloqueante	scrum1205-cobrar-resto-lista-modo.test.mjs	1	13109	13109	1144	0	0	0×1	
con-bloqueante	scrum1106-respuestas-ia-no-son-del-asesor.test.mjs	1	13107	13107	44	0	0	0×1	
con-bloqueante	scrum1269-retencion-irpf-se-guarda.test.mjs	1	13102	13102	188	0	0	0×1	FSReqPromise×1
con-bloqueante	scrum436-un-solo-formato-euros.test.mjs	1	13098	13098	1134	0	0	0×1	
con-bloqueante	scrum431-sobre-lee-vivo.test.mjs	1	13087	13087	31	0	0	0×1	
con-bloqueante	scrum844b-que-documento-se-declara.test.mjs	1	13070	13070	81	0	0	0×1	FSReqPromise×1
con-bloqueante	scrum37b-agregacion-por-job.test.mjs	1	13065	13065	102	0	0	0×1	FSReqPromise×1
con-bloqueante	scrum164-gate-por-campo.test.mjs	1	13051	13051	56	0	0	0×1	
con-bloqueante	scrum457-logout-purga-claves.test.mjs	1	13047	13047	1598	0	0	0×1	
con-bloqueante	scrum151-sin-tramos.test.mjs	1	13045	13045	57	0	0	0×1	
con-bloqueante	scrum661-el-coste-no-llega-al-papel.test.mjs	1	13043	13043	928	0	0	0×1	FSReqCallback×2
con-bloqueante	scrum138-export-selectivo.test.mjs	1	13035	13035	60	0	0	0×1	FSReqPromise×1
con-bloqueante	scrum324-cadena-hasta-el-libro.test.mjs	1	13012	13012	956	0	0	0×1	
con-bloqueante	invoiceNumber.test.mjs	1	13011	13011	78	0	0	0×1	FSReqPromise×1
con-bloqueante	scrum240-sobre-unico.test.mjs	1	13003	13003	1940	0	0	0×1	
con-bloqueante	scrum534d-extractores-a-mano.test.mjs	1	12975	12975	341	0	0	0×1	
con-bloqueante	scrum910d-microcopy-recibo-pendiente.test.mjs	1	12924	12924	350	0	0	0×1	SimpleShutdownWrap×1 TCPServerWrap×1 TCPSocketWrap×1
con-bloqueante	scrum1188-plantilla-guarda-el-cobro.test.mjs	1	12910	12910	3011	0	0	0×1	Timeout×5
con-bloqueante	scrum1285c-censo-escrituras-sin-version.test.mjs	1	12892	12892	1227	0	0	0×1	
con-bloqueante	scrum245-exencion-demo.test.mjs	1	12891	12891	421	0	0	0×1	
con-bloqueante	scrum844-sellar-dentro-de-transaccion.test.mjs	1	12886	12886	102	0	0	0×1	FSReqPromise×1
con-bloqueante	scrum1245b-patron-de-la-tanda-entre-comillas.test.mjs	1	12823	12823	386	0	0	0×1	
con-bloqueante	scrum153b-annulled-vistas.test.mjs	1	12819	12819	54	0	0	0×1	
con-bloqueante	scrum992-partes-recortan-por-rol.test.mjs	1	12819	12819	2416	0	0	0×1	
con-bloqueante	scrum463-firmante-ve-el-contenido.test.mjs	1	12798	12798	487	0	0	0×1	
con-bloqueante	scrum62-albaran-ventana.test.mjs	1	12786	12786	37	0	0	0×1	
con-bloqueante	scrum815-disputa-una-sola-vez.test.mjs	1	12759	12759	121	0	0	0×1	
con-bloqueante	scrum191-paid-via.test.mjs	1	12735	12735	32	0	0	0×1	
con-bloqueante	scrum495-tres-registros.test.mjs	1	12732	12732	52	0	0	0×1	
con-bloqueante	scrum772-rechazo-iva-visible.test.mjs	1	12703	12703	467	0	0	0×1	
con-bloqueante	scrum286-censo-nuevo-presupuesto.test.mjs	1	12696	12696	556	0	0	0×1	
con-bloqueante	scrum1142-irreversibles-factura-44.test.mjs	1	12679	12679	613	0	0	0×1	
con-bloqueante	scrum618-leer-el-ci.test.mjs	1	12627	12627	32	0	0	0×1	
con-bloqueante	scrum496-anulada-no-vuelve-en-lote.test.mjs	1	12627	12627	103	0	0	0×1	FSReqPromise×1
con-bloqueante	scrum648b-motivo-del-ambar.test.mjs	1	12617	12617	353	0	0	0×1	FSReqPromise×1
con-bloqueante	scrum894-falta-en-otra-pestana.test.mjs	1	12577	12577	58	0	0	0×1	
con-bloqueante	scrum147-roles-fail-closed.test.mjs	1	12557	12557	71	0	0	0×1	
con-bloqueante	scrum1285b-plan-de-cobro-con-version.test.mjs	1	12554	12554	312	0	0	0×1	
con-bloqueante	scrum1041-facturas-emitidas-sin-marcador.test.mjs	1	12542	12542	303	0	0	0×1	
con-bloqueante	scrum650b-tres-ejes.test.mjs	1	12527	12527	40	0	0	0×1	
con-bloqueante	scrum1363-tests-que-cubren.test.mjs	1	12510	12510	8708	0	0	0×1	
con-bloqueante	scrum988-revisiones-en-la-ficha.test.mjs	1	12473	12473	1029	0	0	0×1	
con-bloqueante	scrum784-el-cuarto-veredicto.test.mjs	1	12449	12449	3180	0	0	0×1	
con-bloqueante	scrum377-plural-de-programador.test.mjs	1	12418	12418	296	0	0	0×1	
con-bloqueante	scrum729-el-cliente-congelado-en-el-cliente.test.mjs	1	12412	12412	51	0	0	0×1	
con-bloqueante	scrum140-plantilla-argumento.test.mjs	1	12378	12378	214	0	0	0×1	
con-bloqueante	scrum604-desglose-en-el-pdf.test.mjs	1	12362	12362	502	0	0	0×1	FSReqCallback×2
con-bloqueante	scrum794-un-solo-anadir-linea.test.mjs	1	12353	12353	747	0	0	0×1	
con-bloqueante	scrum835-credenciales-en-el-historial.test.mjs	1	12350	12350	9610	0	0	0×1	ProcessWrap×1
con-bloqueante	scrum1271-importe-pendiente-de-facturar.test.mjs	1	12344	12344	349	0	0	0×1	FSReqPromise×1
con-bloqueante	scrum468-firma-ve-lo-que-firma.test.mjs	1	12338	12338	550	0	0	0×1	FSReqPromise×1
con-bloqueante	scrum393-marcadores-de-conflicto.test.mjs	1	12338	12338	1000	0	0	0×1	
con-bloqueante	whatsappLog.test.mjs	1	12301	12301	70	0	0	0×1	FSReqPromise×1
con-bloqueante	scrum609-margen-catalogo.test.mjs	1	12296	12296	32	0	0	0×1	
con-bloqueante	scrum69-pendientes-facturar.test.mjs	1	12257	12257	314	0	0	0×1	FSReqPromise×1
con-bloqueante	scrum1397-el-tecnico-ve-sus-facturas.test.mjs	1	12245	12245	3024	0	0	0×1	
con-bloqueante	scrum139-cuadernillo.test.mjs	1	12196	12196	82	0	0	0×1	
con-bloqueante	scrum473-metodo-validado.test.mjs	1	12192	12192	35	0	0	0×1	
con-bloqueante	scrum1229-firma-del-tecnico-viaje.test.mjs	1	12189	12189	770	0	0	0×1	
con-bloqueante	scrum632-los-dos-cortes-de-la-linea.test.mjs	1	12178	12178	66	0	0	0×1	
con-bloqueante	scrum815-el-correo-una-sola-vez.test.mjs	1	12160	12160	268	0	0	0×1	
con-bloqueante	scrum743b-cantidad-presencial-igual-que-remota.test.mjs	1	12114	12114	719	0	0	0×1	FSReqPromise×1
con-bloqueante	scrum814-recuento-dentro.test.mjs	1	12094	12094	537	0	0	0×1	
con-bloqueante	scrum206-sin-huella-no-salen-bytes.test.mjs	1	12082	12082	363	0	0	0×1	FSReqPromise×1
con-bloqueante	scrum700-filtros-de-comentario.test.mjs	1	12079	12079	284	0	0	0×1	
con-bloqueante	scrum675-ancla-por-identidad.test.mjs	1	12078	12078	31	0	0	0×1	
con-bloqueante	scrum424-lugar-al-crear.test.mjs	1	12067	12067	40	0	0	0×1	
con-bloqueante	scrum244-registro-portabilidad.test.mjs	1	12062	12062	66	0	0	0×1	FSReqPromise×1
con-bloqueante	scrum347-origen-de-la-factura.test.mjs	1	12062	12062	776	0	0	0×1	FSReqPromise×1
con-bloqueante	scrum205-un-solo-punto-de-sellado.test.mjs	1	12057	12057	2358	0	0	0×1	
con-bloqueante	scrum81-allocate-flags.test.mjs	1	12057	12057	74	0	0	0×1	FSReqPromise×1
con-bloqueante	scrum273-registro-por-fichero.test.mjs	1	12037	12037	43	0	0	0×1	
con-bloqueante	scrum725b-el-aviso-se-pinta.test.mjs	1	12009	12009	552	0	0	0×1	
con-bloqueante	scrum1093-quotenumber-zona-merchant.test.mjs	1	12004	12004	85	0	0	0×1	FSReqPromise×1
con-bloqueante	scrum1266-marca-dato-inventado.test.mjs	1	11999	11999	757	0	0	0×1	
con-bloqueante	restauracion-del-arbol-ejecutable.test.mjs	1	11985	11985	3151	0	0	0×1	
con-bloqueante	scrum727b-asignados-en-la-lista.test.mjs	1	11966	11966	421	0	0	0×1	
con-bloqueante	scrum489-mp-no-inventa-metodo.test.mjs	1	11964	11964	641	0	0	0×1	
con-bloqueante	scrum1089b-espejo-skills-agentes.test.mjs	1	11920	11920	49	0	0	0×1	
con-bloqueante	scrum701-sellado-ve-las-dos-comillas.test.mjs	1	11917	11917	72	0	0	0×1	
con-bloqueante	scrum338-carga-de-catalogo-no-muda.test.mjs	1	11917	11917	49	0	0	0×1	
con-bloqueante	scrum1302a-marca-en-la-vista-de-oficina.test.mjs	1	11900	11900	569	0	0	0×1	
con-bloqueante	scrum669-restos-de-doc08.test.mjs	1	11889	11889	640	0	0	0×1	
con-bloqueante	dashboard-colision-declaraciones.test.mjs	1	11888	11888	815	0	0	0×1	
con-bloqueante	scrum104-leeme-criterios.test.mjs	1	11886	11886	56	0	0	0×1	FSReqPromise×1
con-bloqueante	scrum715-consta-por-identidad.test.mjs	1	11884	11884	499	0	0	0×1	
con-bloqueante	scrum504-cantidad-vacia.test.mjs	1	11864	11864	384	0	0	0×1	
con-bloqueante	scrum372-un-dato-un-nombre.test.mjs	1	11863	11863	1810	0	0	0×1	
con-bloqueante	scrum290-adicional.test.mjs	1	11858	11858	588	0	0	0×1	
con-bloqueante	scrum985-el-aviso-de-importar-no-promete-excel.test.mjs	1	11853	11853	79	0	0	0×1	
con-bloqueante	scrum1057b-fusion-clientes-postgres.test.mjs	1	11844	11844	1011	0	0	0×1	
con-bloqueante	scrum632c-el-payload-se-construye.test.mjs	1	11843	11843	42	0	0	0×1	
con-bloqueante	scrum846c-trinquete-instrumentos-con-caso.test.mjs	1	11831	11831	5748	0	0	0×1	
con-bloqueante	scrum917f-lo-que-falta.test.mjs	1	11826	11826	41	0	0	0×1	
con-bloqueante	scrum246-sin-lineas-no-se-emite.test.mjs	1	11824	11824	1966	0	0	0×1	
con-bloqueante	scrum728-seccion-critica-de-la-serie.test.mjs	1	11803	11803	1210	0	0	0×1	
con-bloqueante	scrum226-url-bd-sin-parseo-a-mano.test.mjs	1	11799	11799	4213	0	0	0×1	
con-bloqueante	scrum865-un-solo-minimo-para-la-landing.test.mjs	1	11768	11768	393	0	0	0×1	
con-bloqueante	scrum810-el-suelo-a-la-primera.test.mjs	1	11749	11749	2721	0	0	0×1	
con-bloqueante	scrum908-la-muda-se-explica.test.mjs	1	11743	11743	292	0	0	0×1	
con-bloqueante	scrum381-scripts-cargables.test.mjs	1	11725	11725	3881	0	0	0×1	
con-bloqueante	scrum881-el-detector-sin-fecha.test.mjs	1	11723	11723	76	0	0	0×1	FSReqPromise×1
con-bloqueante	scrum624b-guardado-vs-impreso.test.mjs	1	11699	11699	623	0	0	0×1	FSReqCallback×2
con-bloqueante	scrum441-cobros-leen-paid-via.test.mjs	1	11688	11688	80	0	0	0×1	FSReqPromise×1
con-bloqueante	scrum486-preferencia-traducida.test.mjs	1	11679	11679	583	0	0	0×1	
con-bloqueante	scrum804-el-guard-no-es-el-numero.test.mjs	1	11660	11660	439	0	0	0×1	
con-bloqueante	scrum720-marcadores-en-lo-pintado.test.mjs	1	11657	11657	48	0	0	0×1	
con-bloqueante	scrum747-validar-antes-de-normalizar.test.mjs	1	11634	11634	1450	0	0	0×1	FSReqPromise×1
con-bloqueante	scrum139-acciones-linea.test.mjs	1	11611	11611	87	0	0	0×1	
con-bloqueante	scrum427-notas-internas-detalle.test.mjs	1	11598	11598	428	0	0	0×1	
con-bloqueante	scrum1216a-serie-sin-promesa.test.mjs	1	11589	11589	533	0	0	0×1	
con-bloqueante	scrum467-tecnico-ve-lo-suyo.test.mjs	1	11588	11588	67	0	0	0×1	
con-bloqueante	scrum749-la-primitiva-que-normaliza.test.mjs	1	11588	11588	321	0	0	0×1	FSReqPromise×1
con-bloqueante	scrum1061-fotos-en-historial.test.mjs	1	11584	11584	541	0	0	0×1	
con-bloqueante	scrum272-criterio-referencial.test.mjs	1	11556	11556	26	0	0	0×1	
con-bloqueante	scrum139-plantillas-rapidas.test.mjs	1	11536	11536	74	0	0	0×1	
con-bloqueante	scrum475-schema-vs-sql.test.mjs	1	11523	11523	2763	0	0	0×1	
con-bloqueante	scrum1184-serie-siguiente-numero.test.mjs	1	11518	11518	413	0	0	0×1	FSReqPromise×1
con-bloqueante	scrum685b-parte-numero-unico.test.mjs	1	11503	11503	347	0	0	0×1	
con-bloqueante	scrum1040-facturas-recibidas-servidor.test.mjs	1	11498	11498	126	0	0	0×1	FSReqPromise×1
con-bloqueante	scrum375-recarga-no-es-escritura.test.mjs	1	11463	11463	423	0	0	0×1	
con-bloqueante	scrum293-retencion-control-negativo.test.mjs	1	11463	11463	47	0	0	0×1	
con-bloqueante	scrum139-hoja-ajustes.test.mjs	1	11456	11456	88	0	0	0×1	
con-bloqueante	scrum171b-periodicidad-aviso.test.mjs	1	11442	11442	250	0	0	0×1	FSReqPromise×1
con-bloqueante	scrum797-el-dueno-se-escribe.test.mjs	1	11412	11412	4026	0	0	0×1	
con-bloqueante	scrum886-exportar-clientes-desde-clientes.test.mjs	1	11400	11400	1502	0	0	0×1	FSReqPromise×1
con-bloqueante	scrum1136-columnas-reconocidas-llegan.test.mjs	1	11378	11378	836	0	0	0×1	
con-bloqueante	scrum1278-banco-dice-no-medida.test.mjs	1	11375	11375	413	0	0	0×1	
con-bloqueante	scrum302-rotulos-completos.test.mjs	1	11357	11357	431	0	0	0×1	
con-bloqueante	scrum446-cabecera-modal.test.mjs	1	11313	11313	520	0	0	0×1	
con-bloqueante	scrum703-rotulos-del-tipo.test.mjs	1	11297	11297	37	0	0	0×1	
con-bloqueante	scrum601-copy-del-documento-vs-flag.test.mjs	1	11277	11277	4475	0	0	0×1	
con-bloqueante	scrum404-trazo-no-se-pierde.test.mjs	1	11268	11268	419	0	0	0×1	
con-bloqueante	scrum737-cifra-con-arbol-y-hora.test.mjs	1	11265	11265	8580	0	0	0×1	
con-bloqueante	scrum544-reserva-barra-anuncio.test.mjs	1	11245	11245	34	0	0	0×1	
con-bloqueante	scrum543-landing-a11y.test.mjs	1	11227	11227	35	0	0	0×1	
con-bloqueante	scrum864c-el-temporal-no-vuelve.test.mjs	1	11220	11220	939	0	0	0×1	
con-bloqueante	scrum593d-viaje-completo-del-texto.test.mjs	1	11202	11202	80	0	0	0×1	
con-bloqueante	scrum1154-google-encargado.test.mjs	1	11143	11143	115	0	0	0×1	
con-bloqueante	scrum935b-main-no-cancela.test.mjs	1	11138	11138	32	0	0	0×1	
con-bloqueante	scrum340-la-plaza-comprada.test.mjs	1	11088	11088	87	0	0	0×1	FSReqPromise×1
con-bloqueante	scrum149-sin-lineas-no-sella.test.mjs	1	11085	11085	124	0	0	0×1	FSReqPromise×1
con-bloqueante	scrum1230-colocar-lineas-dictadas.test.mjs	1	11079	11079	746	0	0	0×1	
con-bloqueante	scrum1307-negarse-con-envios.test.mjs	1	11073	11073	28	0	0	0×1	
con-bloqueante	scrum817-orden-del-detalle-del-trabajo.test.mjs	1	11070	11070	653	0	0	0×1	
con-bloqueante	scrum673-arranque-no-produce-veredicto.test.mjs	1	11063	11063	43	0	0	0×1	
con-bloqueante	scrum940-el-censo-de-suelos.test.mjs	1	11048	11048	235	0	0	0×1	
con-bloqueante	scrum498-cifra-derivada.test.mjs	1	11043	11043	155	0	0	0×1	FSReqPromise×1
con-bloqueante	scrum368-residuo-btn-sm.test.mjs	1	11037	11037	1553	0	0	0×1	
con-bloqueante	scrum182-arbol-movido.test.mjs	1	10992	10992	51	0	0	0×1	
con-bloqueante	scrum207-emision-auditada.test.mjs	1	10990	10990	113	0	0	0×1	FSReqPromise×1
con-bloqueante	scrum1226-firma-no-baja-el-estado.test.mjs	1	10969	10969	212	0	0	0×1	
con-bloqueante	scrum699-tabla-en-su-carril.test.mjs	1	10919	10919	622	0	0	0×1	
con-bloqueante	scrum927-el-censo-de-los-censos.test.mjs	1	10894	10894	375	0	0	0×1	
con-bloqueante	scrum1257-p8-detalle-receipt-sin-justificantes.test.mjs	1	10865	10865	1615	0	0	0×1	
con-bloqueante	scrum767-portal-token.test.mjs	1	10844	10844	773	0	0	0×1	
con-bloqueante	scrum1280-nombres-no-declarados.test.mjs	1	10837	10837	4869	0	0	0×1	
con-bloqueante	scrum646-cortafuegos-defaultvat.test.mjs	1	10825	10825	1345	0	0	0×1	
con-bloqueante	scrum824b-el-sha-que-parecia-un-numero.test.mjs	1	10814	10814	30	0	0	0×1	
con-bloqueante	scrum730-ruta-desde-import-meta.test.mjs	1	10795	10795	2851	0	0	0×1	
con-bloqueante	scrum1281-fixture-git-raiz-propia.test.mjs	1	10731	10731	2130	0	0	0×1	
con-bloqueante	scrum1272-anulada-no-es-deuda.test.mjs	1	10714	10714	791	0	0	0×1	
con-bloqueante	scrum471-node-modules-al-dia.test.mjs	1	10708	10708	79	0	0	0×1	
con-bloqueante	scrum547-el-documento-que-nadie-mira.test.mjs	1	10665	10665	175	0	0	0×1	
con-bloqueante	scrum1171-whatsapp-y-llamar-en-el-trabajo.test.mjs	1	10664	10664	531	0	0	0×1	
con-bloqueante	scrum406-canal-prometido-existe.test.mjs	1	10639	10639	168	0	0	0×1	
con-bloqueante	scrum1318-resend-dice-si-salio.test.mjs	1	10603	10603	117	0	0	0×1	
con-bloqueante	scrum1212-correo-aceptado-sin-emitir-factura.test.mjs	1	10588	10588	60	0	0	0×1	FSReqPromise×1
con-bloqueante	scrum442-facturas-sin-justificantes.test.mjs	1	10582	10582	28	0	0	0×1	
con-bloqueante	scrum1032-contacto-con-un-toque.test.mjs	1	10574	10574	583	0	0	0×1	
con-bloqueante	scrum512-el-pago-no-se-olvida.test.mjs	1	10557	10557	25	0	0	0×1	
con-bloqueante	scrum804f-la-rama-sin-slug.test.mjs	1	10553	10553	36	0	0	0×1	
con-bloqueante	scrum592-concurrencia-serie.test.mjs	1	10550	10550	23	0	0	0×1	
con-bloqueante	scrum804h-la-fase-con-corte.test.mjs	1	10549	10549	42	0	0	0×1	
con-bloqueante	scrum665e-el-escritor-del-emisor.test.mjs	1	10518	10518	111	0	0	0×1	FSReqPromise×1
con-bloqueante	scrum1288-dinero-es-en-avisos-s1.test.mjs	1	10495	10495	789	0	0	0×1	
con-bloqueante	scrum825-rama-justificante-retirada.test.mjs	1	10484	10484	1123	0	0	0×1	
con-bloqueante	scrum1263-gancho-pre-push.test.mjs	1	10450	10450	818	0	0	0×1	
con-bloqueante	scrum245-sin-listas-blancas.test.mjs	1	10449	10449	1243	0	0	0×1	
con-bloqueante	scrum55-admin-fail-closed.test.mjs	1	10439	10439	668	0	0	0×1	FSReqPromise×1
con-bloqueante	scrum197-parse-cuenta.test.mjs	1	10439	10439	25	0	0	0×1	
con-bloqueante	scrum901-banco-fiel-a-la-inicio.test.mjs	1	10434	10434	606	0	0	0×1	
con-bloqueante	scrum247-productor-constante.test.mjs	1	10420	10420	1468	0	0	0×1	
con-bloqueante	scrum373-avisos-facturas.test.mjs	1	10409	10409	573	0	0	0×1	
con-bloqueante	scrum1049-resumen-trimestre.test.mjs	1	10399	10399	568	0	0	0×1	
con-bloqueante	scrum795-el-portal-en-la-ficha.test.mjs	1	10380	10380	426	0	0	0×1	
con-bloqueante	scrum283-censo-acciones-factura.test.mjs	1	10379	10379	601	0	0	0×1	
con-bloqueante	scrum1022-importa-xlsx-real.test.mjs	1	10373	10373	439	0	0	0×1	
con-bloqueante	whatsappPolicy.test.mjs	1	10363	10363	39	0	0	0×1	
con-bloqueante	scrum68-evidencias-firma.test.mjs	1	10354	10354	276	0	0	0×1	FSReqPromise×1
con-bloqueante	flags.test.mjs	1	10331	10331	31	0	0	0×1	
con-bloqueante	scrum285-censo-cobro-factura.test.mjs	1	10313	10313	388	0	0	0×1	
con-bloqueante	scrum961b-el-nif-que-no-cuela.test.mjs	1	10279	10279	82	0	0	0×1	FSReqPromise×1
con-bloqueante	scrum416-ayuda-dentro.test.mjs	1	10263	10263	38	0	0	0×1	
con-bloqueante	scrum3b-selector-bizum.test.mjs	1	10231	10231	32	0	0	0×1	
con-bloqueante	scrum716b-el-job-le-da-main-al-vigia.test.mjs	1	10229	10229	30	0	0	0×1	
con-bloqueante	scrum366-una-sola-escalera.test.mjs	1	10229	10229	273	0	0	0×1	
con-bloqueante	scrum387-procedencia-aprobacion.test.mjs	1	10225	10225	2362	0	0	0×1	
con-bloqueante	utils.test.mjs	1	10182	10182	37	0	0	0×1	
con-bloqueante	scrum763-restaurar-el-arbol.test.mjs	1	10180	10180	5915	0	0	0×1	
con-bloqueante	scrum332-comparativa-anclas.test.mjs	1	10153	10153	36	0	0	0×1	
con-bloqueante	scrum345-rotulo-y-destino.test.mjs	1	10153	10153	91	0	0	0×1	
con-bloqueante	scrum429-cliente-privado.test.mjs	1	10148	10148	257	0	0	0×1	
con-bloqueante	scrum152-guard-paquete-completo.test.mjs	1	10108	10108	80	0	0	0×1	FSReqPromise×1
con-bloqueante	scrum819-el-menu-deja-rastro.test.mjs	1	10090	10090	446	0	0	0×1	
con-bloqueante	scrum648-verde-que-no-sabe.test.mjs	1	10084	10084	353	0	0	0×1	FSReqPromise×1
con-bloqueante	scrum126-send-outcome.test.mjs	1	10068	10068	36	0	0	0×1	
con-bloqueante	scrum1279-la-firma-ve-las-clausulas.test.mjs	1	10035	10035	388	0	0	0×1	FSReqCallback×2
con-bloqueante	scrum221-export-fiscal-auditado.test.mjs	1	9998	9998	484	0	0	0×1	FSReqPromise×1
con-bloqueante	scrum401-anular-no-borra-el-cobro.test.mjs	1	9984	9984	525	0	0	0×1	
con-bloqueante	scrum1302g-foto-con-diez.test.mjs	1	9980	9980	874	0	0	0×1	
con-bloqueante	scrum1219-plantilla-sin-condiciones.test.mjs	1	9975	9975	1845	0	0	0×1	Timeout×3
con-bloqueante	scrum297-fuentes-selladas.test.mjs	1	9949	9949	498	0	0	0×1	
con-bloqueante	scrum1282-contexto-nombres-de-hoy.test.mjs	1	9932	9932	28	0	0	0×1	
con-bloqueante	scrum300-direccion-sugerida.test.mjs	1	9918	9918	536	0	0	0×1	
con-bloqueante	scrum262-telefonos-de-prueba.test.mjs	1	9909	9909	759	0	0	0×1	
con-bloqueante	scrum153c-ciclo-anulacion.test.mjs	1	9899	9899	129	0	0	0×1	FSReqPromise×1
con-bloqueante	scrum843-el-ancla-que-no-caduca.test.mjs	1	9849	9849	345	0	0	0×1	
con-bloqueante	scrum414-url-a-mano.test.mjs	1	9830	9830	2160	0	0	0×1	
con-bloqueante	scrum1267-alta-albaran-idempotente.test.mjs	1	9824	9824	896	0	0	0×1	Timeout×4
con-bloqueante	scrum767-cura-concurrencia.test.mjs	1	9824	9824	32	0	0	0×1	
con-bloqueante	scrum1199-avisos-alta-cliente.test.mjs	1	9820	9820	1273	0	0	0×1	
con-bloqueante	scrum569-agents-es-puntero.test.mjs	1	9813	9813	24	0	0	0×1	
con-bloqueante	scrum224b-sello-build.test.mjs	1	9808	9808	35	0	0	0×1	
con-bloqueante	scrum1196-cloudflare-encargado.test.mjs	1	9808	9808	72	0	0	0×1	
con-bloqueante	scrum928-guards-entrada-recuento-con-color.test.mjs	1	9775	9775	169	0	0	0×1	
con-bloqueante	scrum718-escaner-contra-parser.test.mjs	1	9770	9770	939	0	0	0×1	
con-bloqueante	scrum1165-verifactu-xml-solo-en-fiscal.test.mjs	1	9755	9755	667	0	0	0×1	
con-bloqueante	scrum1175b-firmas-en-su-paso.test.mjs	1	9749	9749	38	0	0	0×1	
con-bloqueante	scrum1093f-albarannumber-zona-merchant.test.mjs	1	9680	9680	75	0	0	0×1	FSReqPromise×1
con-bloqueante	scrum1180-editor-clausulas-excluidas.test.mjs	1	9670	9670	814	0	0	0×1	Timeout×3
con-bloqueante	scrum1161-alta-sin-correo.test.mjs	1	9600	9600	707	0	0	0×1	
con-bloqueante	scrum1277-aviso-importe-aceptado.test.mjs	1	9565	9565	672	0	0	0×1	
con-bloqueante	scrum1275-la-fila-abre-la-factura.test.mjs	1	9555	9555	577	0	0	0×1	
con-bloqueante	zz1405-rojo-suelto.test.mjs	1	9536	9536	31	0	0	1×1	
con-bloqueante	scrum1333-carrera-del-encolado-postgres.test.mjs	1	9532	9532	560	0	0	0×1	
con-bloqueante	scrum1147-resumen-del-servidor.test.mjs	1	9504	9504	531	0	0	0×1	
con-bloqueante	scrum128-send-endpoints-fail-closed.test.mjs	1	9487	9487	844	0	0	0×1	FSReqPromise×1
con-bloqueante	scrum665b-el-esquema-declara.test.mjs	1	9400	9400	440	0	0	0×1	FSReqCallback×2
con-bloqueante	scrum1271-pendiente-tras-parcial.test.mjs	1	9365	9365	693	0	0	0×1	
con-bloqueante	scrum1233d-texto-aprobado-local.test.mjs	1	9340	9340	500	0	0	0×1	
con-bloqueante	registroBuilder.test.mjs	1	9312	9312	28	0	0	0×1	
con-bloqueante	scrum1130-demo-llega-a-firmado.test.mjs	1	9309	9309	353	0	0	0×1	
con-bloqueante	scrum98-public-access-fail-closed.test.mjs	1	9253	9253	990	0	0	0×1	FSReqPromise×1
con-bloqueante	scrum198-consumidores-xml.test.mjs	1	9234	9234	1223	0	0	0×1	
con-bloqueante	scrum653c-firmas-sin-coletilla.test.mjs	1	9234	9234	41	0	0	0×1	
con-bloqueante	scrum447-byte-invisible-en-patrones.test.mjs	1	9219	9219	416	0	0	0×1	
con-bloqueante	verifactu.test.mjs	1	9198	9198	82	0	0	0×1	FSReqPromise×1
con-bloqueante	scrum374-direccion-sin-escritores.test.mjs	1	9193	9193	338	0	0	0×1	FSReqPromise×1
con-bloqueante	scrum243-tenencia-lectura.test.mjs	1	9191	9191	1938	0	0	0×1	
con-bloqueante	scrum334-correo-sin-consentimiento.test.mjs	1	9119	9119	59	0	0	0×1	
con-bloqueante	scrum1202-sin-accept-publico.test.mjs	1	9089	9089	513	0	0	0×1	FSReqPromise×1
con-bloqueante	scrum285-cobro-a-factura.test.mjs	1	9089	9089	33	0	0	0×1	
con-bloqueante	scrum620-servidor-que-no-arranca.test.mjs	1	9070	9070	305	0	0	0×1	TCPServerWrap×2
con-bloqueante	scrum1078-precios-del-parte-solo-admin.test.mjs	1	9034	9034	304	0	0	0×1	
con-bloqueante	scrum1294-a9-leccion-en-a10.test.mjs	1	9024	9024	145	0	0	0×1	
con-bloqueante	scrum846-instrumentos-con-caso-conocido.test.mjs	1	8984	8984	413	0	0	0×1	
con-bloqueante	scrum396-referencia-justificante.test.mjs	1	8975	8975	699	0	0	0×1	FSReqPromise×1
con-bloqueante	scrum793-condicion-en-el-where.test.mjs	1	8964	8964	431	0	0	0×1	
con-bloqueante	scrum514-leeme-multilinea.test.mjs	1	8918	8918	88	0	0	0×1	FSReqPromise×1
con-bloqueante	scrum1043-quien-me-debe-servidor.test.mjs	1	8904	8904	293	0	0	0×1	FSReqPromise×1
con-bloqueante	scrum324-aviso-simplificado-ui.test.mjs	1	8869	8869	365	0	0	0×1	
con-bloqueante	locales.test.mjs	1	8858	8858	35	0	0	0×1	
con-bloqueante	scrum761-sembrador-columnas-derivadas.test.mjs	1	8836	8836	1511	0	0	0×1	FSReqPromise×1
con-bloqueante	scrum285-bloque-cobro.test.mjs	1	8829	8829	39	0	0	0×1	
con-bloqueante	scrum299-copy-factura-publico.test.mjs	1	8820	8820	707	0	0	0×1	
con-bloqueante	scrum132-iva-unidad.test.mjs	1	8818	8818	24	0	0	0×1	
con-bloqueante	scrum441-paidvia-sin-copia.test.mjs	1	8816	8816	2198	0	0	0×1	
con-bloqueante	scrum980b-pestana-trabajos.test.mjs	1	8795	8795	941	0	0	0×1	
con-bloqueante	scrum1247-rotulo-ia-no-nombra-proveedor.test.mjs	1	8789	8789	72	0	0	0×1	
con-bloqueante	scrum380-primaria-tactil.test.mjs	1	8784	8784	105	0	0	0×1	
con-bloqueante	scrum242-backup-codec.test.mjs	1	8779	8779	79	0	0	0×1	
con-bloqueante	scrum824b-el-mas-antiguo-no-es-el-primero.test.mjs	1	8761	8761	154	0	0	0×1	
con-bloqueante	scrum172-cobertura-tenancy.test.mjs	1	8759	8759	45	0	0	0×1	
con-bloqueante	scrum538-skills-no-prometen-ficheros.test.mjs	1	8754	8754	59	0	0	0×1	
con-bloqueante	scrum821b-las-capturas-que-ya-existian.test.mjs	1	8735	8735	47	0	0	0×1	
con-bloqueante	pdfs.test.mjs	1	8711	8711	460	0	0	0×1	FSReqCallback×2
con-bloqueante	scrum1349-no-se-empuja-con-una-mutacion-puesta.test.mjs	1	8706	8706	217	0	0	0×1	
con-bloqueante	scrum302-sin-callejones.test.mjs	1	8675	8675	594	0	0	0×1	
con-bloqueante	scrum809b-paywall-sin-banco.test.mjs	1	8656	8656	488	0	0	0×1	
con-bloqueante	scrum293-censo-or-numerico.test.mjs	1	8639	8639	27	0	0	0×1	
con-bloqueante	scrum560-patron-fetch-servidor.test.mjs	1	8620	8620	886	0	0	0×1	
con-bloqueante	scrum1221-banco-fallo-visible.test.mjs	1	8611	8611	887	0	0	0×1	
con-bloqueante	scrum1274-presupuesto-desde-el-trabajo.test.mjs	1	8601	8601	805	0	0	0×1	Timeout×3
con-bloqueante	scrum242-runbook-no-se-declara-probado.test.mjs	1	8589	8589	27	0	0	0×1	
con-bloqueante	scrum1312-boton-email-recibo-gateado.test.mjs	1	8585	8585	281	0	0	0×1	SimpleShutdownWrap×1 TCPServerWrap×1 TCPSocketWrap×1
con-bloqueante	scrum236-equipo-sin-asignar.test.mjs	1	8574	8574	32	0	0	0×1	
con-bloqueante	scrum212-copy-sin-claim-fiscal.test.mjs	1	8549	8549	373	0	0	0×1	FSReqPromise×1
con-bloqueante	scrum135-gasto-tenencia.test.mjs	1	8542	8542	56	0	0	0×1	
con-bloqueante	scrum822-el-arbol-con-punto.test.mjs	1	8531	8531	1801	0	0	0×1	FSReqCallback×1 SimpleShutdownWrap×1 TCPServerWrap×1 TCPSocketWrap×1
con-bloqueante	scrum205-fallo-de-sellado-no-entrega.test.mjs	1	8517	8517	1976	0	0	0×1	
con-bloqueante	scrum214-semaforo-sin-llamadores.test.mjs	1	8510	8510	1205	0	0	0×1	
con-bloqueante	scrum541-comparativa-a11y.test.mjs	1	8499	8499	27	0	0	0×1	
con-bloqueante	scrum1309-banner-mail-sent-gateado.test.mjs	1	8496	8496	288	0	0	0×1	SimpleShutdownWrap×1 TCPServerWrap×1 TCPSocketWrap×1
con-bloqueante	scrum902-botones-del-parte-con-estilo.test.mjs	1	8476	8476	521	0	0	0×1	
con-bloqueante	scrum234-censo-reserva-serie.test.mjs	1	8441	8441	1691	0	0	0×1	
con-bloqueante	scrum139-total-protagonista.test.mjs	1	8424	8424	90	0	0	0×1	
con-bloqueante	scrum236-embudo-misma-poblacion.test.mjs	1	8354	8354	76	0	0	0×1	FSReqPromise×1
con-bloqueante	scrum207-conciliacion.test.mjs	1	8353	8353	78	0	0	0×1	FSReqPromise×1
con-bloqueante	scrum924-pay-mp-no-inventa-estado.test.mjs	1	8341	8341	237	0	0	0×1	SimpleShutdownWrap×1 TCPServerWrap×1 TCPSocketWrap×1
con-bloqueante	scrum1051-isp-s2.test.mjs	1	8330	8330	300	0	0	0×1	
con-bloqueante	scrum900-push-de-claude-con-la-app.test.mjs	1	8326	8326	162	0	0	0×1	TCPServerWrap×1 ProcessWrap×1
con-bloqueante	scrum136-hub-equipo.test.mjs	1	8297	8297	55	0	0	0×1	
con-bloqueante	scrum296-lector-tenencia.test.mjs	1	8269	8269	390	0	0	0×1	
con-bloqueante	scrum952-respaldo-gemini-con-cupo.test.mjs	1	8255	8255	61	0	0	0×1	
con-bloqueante	scrum245-tipo-obliga-declarar.test.mjs	1	8251	8251	9685	0	0	0×1	
con-bloqueante	scrum130-card-charge-connect.test.mjs	1	8229	8229	24	0	0	0×1	
con-bloqueante	scrum888b-descuento-redibuja.test.mjs	1	8229	8229	103	0	0	0×1	
con-bloqueante	scrum917d-titulo-propio-en-la-lista.test.mjs	1	8225	8225	319	0	0	0×1	
con-bloqueante	scrum1151-conteo-no-deducible.test.mjs	1	8221	8221	168	0	0	0×1	FSReqPromise×1
con-bloqueante	scrum806-el-pdf-del-portal.test.mjs	1	8151	8151	400	0	0	0×1	
con-bloqueante	scrum844g-el-tipo-de-lo-recibido.test.mjs	1	8144	8144	26	0	0	0×1	
con-bloqueante	scrum1163-whatsapp-cliente-solo-movil.test.mjs	1	8126	8126	567	0	0	0×1	
con-bloqueante	scrum720b-el-nav-abre.test.mjs	1	8091	8091	1090	0	0	0×1	
con-bloqueante	scrum1249-descarga-recibidas-alcanzable.test.mjs	1	8090	8090	552	0	0	0×1	Timeout×3
con-bloqueante	scrum1184-vista-previa-en-el-alta.test.mjs	1	8076	8076	987	0	0	0×1	
con-bloqueante	scrum1035-cifras-del-cliente-todos-sus-documentos.test.mjs	1	8065	8065	301	0	0	0×1	FSReqPromise×1
con-bloqueante	scrum111-canario-zip.test.mjs	1	8064	8064	127	0	0	0×1	
con-bloqueante	scrum389-censo-vat.test.mjs	1	8016	8016	1753	0	0	0×1	
con-bloqueante	scrum1227-perfil-ida-y-vuelta.test.mjs	1	8010	8010	78	0	0	0×1	FSReqPromise×1
con-bloqueante	scrum743-cantidad-una-sola-forma.test.mjs	1	7970	7970	289	0	0	0×1	FSReqPromise×1
con-bloqueante	scrum1234-inter-autoalojada.test.mjs	1	7965	7965	67	0	0	0×1	
con-bloqueante	node-p-capturado-sin-color.test.mjs	1	7956	7956	220	0	0	0×1	
con-bloqueante	scrum1138-patch-customers.test.mjs	1	7921	7921	351	0	0	0×1	FSReqPromise×1
con-bloqueante	scrum829b-la-ref-rancia-se-poda.test.mjs	1	7916	7916	427	0	0	0×1	
con-bloqueante	scrum1308-scripts-sin-nombre-de-test.test.mjs	1	7911	7911	334	0	0	0×1	
con-bloqueante	scrum1215-revisiones-error-crear.test.mjs	1	7901	7901	770	0	0	0×1	
con-bloqueante	scrum1141-nif-en-la-ficha-del-proveedor.test.mjs	1	7886	7886	647	0	0	0×1	
con-bloqueante	scrum713c-trinquete-de-estilos-en-js.test.mjs	1	7861	7861	1053	0	0	0×1	
con-bloqueante	scrum1187-detalle-con-textos-doc.test.mjs	1	7834	7834	60	0	0	0×1	FSReqPromise×1
con-bloqueante	scrum1172-botones-de-la-ficha-del-trabajo-44.test.mjs	1	7830	7830	35	0	0	0×1	
con-bloqueante	scrum176b-force-por-identidad.test.mjs	1	7720	7720	40	0	0	0×1	
con-bloqueante	scrum696-censo-del-arbol.test.mjs	1	7642	7642	6209	0	0	0×1	
con-bloqueante	vat.test.mjs	1	7629	7629	32	0	0	0×1	
con-bloqueante	scrum128-frontend-census.test.mjs	1	7622	7622	53	0	0	0×1	
con-bloqueante	scrum219-tx-tipado.test.mjs	1	7576	7576	786	0	0	0×1	
con-bloqueante	scrum590-el-destino-pasa-por-el-resolvedor.test.mjs	1	7574	7574	1156	0	0	0×1	
con-bloqueante	scrum1212b-correo-aceptado-sin-firma.test.mjs	1	7530	7530	370	0	0	0×1	
con-bloqueante	scrum751-clave-duplicada-en-silencio.test.mjs	1	7527	7527	4389	0	0	0×1	
con-bloqueante	scrum341-condicion-precio-publicada.test.mjs	1	7500	7500	31	0	0	0×1	
con-bloqueante	scrum1196-fecha-de-la-politica.test.mjs	1	7500	7500	29	0	0	0×1	
con-bloqueante	scrum814-carrera-del-tramo.gated.test.mjs	1	7452	7452	59	0	0	0×1	
con-bloqueante	scrum275-message-en-superficie-publica.test.mjs	1	7388	7388	684	0	0	0×1	
con-bloqueante	scrum420-barra-navegable-por-hash.test.mjs	1	7300	7300	35	0	0	0×1	
con-bloqueante	scrum1179d-herramientas-no-red.test.mjs	1	7270	7270	38	0	0	0×1	
con-bloqueante	scrum1179c-censo-clics-informativo.test.mjs	1	7250	7250	33	0	0	0×1	
con-bloqueante	scrum113-migracion-fixtures.test.mjs	1	7247	7247	116	0	0	0×1	
con-bloqueante	webhooks-idempotencia.test.mjs	1	7242	7242	408	0	0	0×1	FSReqPromise×1
con-bloqueante	scrum1001-sin-pago-la-pagina-lo-dice.test.mjs	1	7225	7225	392	0	0	0×1	FSReqPromise×1
con-bloqueante	scrum1162-asistente-avanza-cada-paso.test.mjs	1	7201	7201	481	0	0	0×1	
con-bloqueante	scrum1306-consta-en-alguno.test.mjs	1	7197	7197	2912	0	0	0×1	
con-bloqueante	scrum1022c-selector-ofrece-xlsx.test.mjs	1	7171	7171	160	0	0	0×1	
con-bloqueante	scrum1179c-censo-accion-informativo.test.mjs	1	7135	7135	29	0	0	0×1	
con-bloqueante	scrum242-scripts-no-prometen-documentos.test.mjs	1	7116	7116	526	0	0	0×1	
con-bloqueante	scrum391-guards-declarados-presentes.test.mjs	1	7111	7111	334	0	0	0×1	
con-bloqueante	scrum789-health-tiempo-del-select.test.mjs	1	7085	7085	232	0	0	0×1	
con-bloqueante	scrum206b-quien-emite-sella.test.mjs	1	7007	7007	1638	0	0	0×1	
con-bloqueante	scrum215-costura-de-test.test.mjs	1	7001	7001	1241	0	0	0×1	
con-bloqueante	scrum339-microcopy-import.test.mjs	1	6975	6975	47	0	0	0×1	
con-bloqueante	scrum254-sin-lectura-cross-merchant.test.mjs	1	6975	6975	427	0	0	0×1	
con-bloqueante	scrum205-sql-a-mano-contra-schema.test.mjs	1	6970	6970	39	0	0	0×1	
con-bloqueante	scrum388-centinela-main.test.mjs	1	6952	6952	2704	0	0	0×1	
con-bloqueante	scrum858c-el-cierre-con-indice.test.mjs	1	6940	6940	252	0	0	0×1	
con-bloqueante	scrum897-repintar-reemplaza.test.mjs	1	6931	6931	549	0	0	0×1	
con-bloqueante	scrum151-motivo-sin-tramo.test.mjs	1	6930	6930	29	0	0	0×1	
con-bloqueante	scrum241-backup-tablas.test.mjs	1	6880	6880	36	0	0	0×1	
con-bloqueante	quoteNumber.test.mjs	1	6805	6805	98	0	0	0×1	FSReqPromise×1
con-bloqueante	scrum128-frontend-mira-sent.test.mjs	1	6776	6776	178	0	0	0×1	
con-bloqueante	scrum163-base-url-guard.test.mjs	1	6689	6689	27	0	0	0×1	
con-bloqueante	scrum342-dispute-package-quote-nulo.test.mjs	1	6672	6672	456	0	0	0×1	FSReqPromise×1
con-bloqueante	scrum1332-la-caida-no-tapa-lo-de-despues.test.mjs	1	6653	6653	1957	0	0	0×1	
con-bloqueante	scrum923-fallback-cuenta-conectada.test.mjs	1	6582	6582	388	0	0	0×1	SimpleShutdownWrap×1 TCPServerWrap×1 TCPSocketWrap×1
con-bloqueante	scrum888d-firma-con-descuentos.test.mjs	1	6506	6506	403	0	0	0×1	FSReqPromise×1
con-bloqueante	scrum1171-trabajo-numero-whatsapp.test.mjs	1	6292	6292	412	0	0	0×1	
con-bloqueante	scrum1212c-ajuste-correo-aceptado-desde-whatsapp.test.mjs	1	6200	6200	347	0	0	0×1	
con-bloqueante	scrum1093g-parte-numero-zona-merchant.test.mjs	1	6156	6156	320	0	0	0×1	
con-bloqueante	scrum888d-detalle-con-descuento-global.test.mjs	1	6131	6131	86	0	0	0×1	FSReqPromise×1
con-bloqueante	scrum515-aviso-bizum-render.test.mjs	1	6096	6096	37	0	0	0×1	
con-bloqueante	scrum1180-detalle-con-clausulas-excluidas.test.mjs	1	6041	6041	82	0	0	0×1	FSReqPromise×1
con-bloqueante	scrum109-expense-teammember.test.mjs	1	6032	6032	103	0	0	0×1	
con-bloqueante	scrum597-las-dos-secciones-conviven.test.mjs	1	6015	6015	25	0	0	0×1	
con-bloqueante	scrum201-citas-aeat.test.mjs	1	5946	5946	54	0	0	0×1	
con-bloqueante	scrum106-trabajos-fecha.test.mjs	1	5932	5932	72	0	0	0×1	FSReqPromise×1
con-bloqueante	scrum178-emision-manual.test.mjs	1	5927	5927	70	0	0	0×1	
con-bloqueante	scrum910-admin-sin-enlaces-undefined.test.mjs	1	5900	5900	27	0	0	0×1	
con-bloqueante	scrum1317-productos-del-operario.test.mjs	1	5896	5896	470	0	0	0×1	
con-bloqueante	scrum115-wa-fallo-registrado.test.mjs	1	5887	5887	76	0	0	0×1	
con-bloqueante	scrum1057-duplicados-antes-de-id.test.mjs	1	5867	5867	289	0	0	0×1	FSReqPromise×1
con-bloqueante	public-js-parsea.test.mjs	1	5744	5744	4445	0	0	0×1	
con-bloqueante	scrum297-evidencias-postgres.test.mjs	1	5743	5743	1018	0	0	0×1	
con-bloqueante	scrum72-pdfs-privados.test.mjs	1	5691	5691	88	0	0	0×1	FSReqPromise×1
con-bloqueante	scrum66-tipo-operacion.test.mjs	1	5661	5661	97	0	0	0×1	FSReqPromise×1
con-bloqueante	scrum148-filtro-por-miembro.test.mjs	1	5657	5657	81	0	0	0×1	
con-bloqueante	scrum343-cabecera-gastos-unica.test.mjs	1	5637	5637	463	0	0	0×1	FSReqPromise×1
con-bloqueante	scrum242-restauracion-cubre-todos-los-tipos.test.mjs	1	5631	5631	84	0	0	0×1	
con-bloqueante	scrum124-r29-perfil-publico-sin-datos.test.mjs	1	5610	5610	36	0	0	0×1	
con-bloqueante	scrum1215c-foto-oculta-en-firmado.test.mjs	1	5541	5541	354	0	0	0×1	
con-bloqueante	scrum1179c-censo-tactil-informativo.test.mjs	1	5526	5526	28	0	0	0×1	
con-bloqueante	scrum389-un-solo-iva.test.mjs	1	5511	5511	955	0	0	0×1	
con-bloqueante	scrum1080-cobro-profesional.test.mjs	1	5443	5443	1250	0	0	0×1	
con-bloqueante	scrum1215b-sin-lineas-cerrado.test.mjs	1	5422	5422	370	0	0	0×1	
con-bloqueante	scrum283-microcopy-marcador.test.mjs	1	5397	5397	522	0	0	0×1	
con-bloqueante	scrum199-fuente-unica-hijos.test.mjs	1	5381	5381	66	0	0	0×1	
con-bloqueante	tenancy-permisos.test.mjs	1	5327	5327	80	0	0	0×1	
con-bloqueante	scrum189-citas-con-destino.test.mjs	1	5277	5277	253	0	0	0×1	
con-bloqueante	scrum225-mapa-tres-bd.test.mjs	1	5260	5260	27	0	0	0×1	
con-bloqueante	scrum209-un-solo-desglose.test.mjs	1	5237	5237	466	0	0	0×1	
con-bloqueante	scrum727-vistas-que-existen.test.mjs	1	5112	5112	1076	0	0	0×1	
con-bloqueante	scrum974-firmado-sin-facturar-en-el-lunes.test.mjs	1	4959	4959	712	0	0	0×1	
con-bloqueante	version.test.mjs	1	4819	4819	26	0	0	0×1	
con-bloqueante	scrum238-postinstall-prisma.test.mjs	1	4796	4796	28	0	0	0×1	
con-bloqueante	scrum227-toda-via-deja-rastro.test.mjs	1	4776	4776	41	0	0	0×1	
con-bloqueante	owner.test.mjs	1	4675	4675	27	0	0	0×1	
con-bloqueante	scrum92-login-operario.test.mjs	1	4637	4637	53	0	0	0×1	
con-bloqueante	scrum120-patch-job-roles.test.mjs	1	4447	4447	87	0	0	0×1	
con-bloqueante	scrum85-pay-routes-token.test.mjs	1	4447	4447	76	0	0	0×1	
con-bloqueante	scrum74-recibo-token.test.mjs	1	4427	4427	87	0	0	0×1	FSReqPromise×1
con-bloqueante	scrum57-operario-propagacion.test.mjs	1	4417	4417	57	0	0	0×1	
con-bloqueante	scrum90-pay-bank-mp-token.test.mjs	1	4382	4382	69	0	0	0×1	
con-bloqueante	scrum50-bot-albaranes.test.mjs	1	4382	4382	76	0	0	0×1	
con-bloqueante	scrum47-enviar-albaran-wa.test.mjs	1	4362	4362	61	0	0	0×1	
con-bloqueante	scrum24-operarios-metrics.test.mjs	1	4272	4272	73	0	0	0×1	
con-bloqueante	scrum158-montajes-admin-muestreados.test.mjs	1	4266	4266	22	0	0	0×1	
con-bloqueante	scrum49-firma-remota.test.mjs	1	4257	4257	81	0	0	0×1	
con-bloqueante	scrum25-export-zip.test.mjs	1	4222	4222	108	0	0	0×1	FSReqPromise×1
con-bloqueante	scrum73-verifactu-gate.test.mjs	1	4177	4177	57	0	0	0×1	
con-bloqueante	scrum124-r29-no-borrado-facturas.test.mjs	1	4176	4176	797	0	0	0×1	FSReqPromise×1
con-bloqueante	a55-window-quote.test.mjs	1	4109	4109	87	0	0	0×1	
con-bloqueante	scrum13-cobrado.test.mjs	1	4062	4062	536	0	0	0×1	
con-bloqueante	scrum295-modelo-303-postgres.test.mjs	1	4040	4040	468	0	0	0×1	
con-bloqueante	scrum1062-historial-whatsapp-cliente.test.mjs	1	4023	4023	407	0	0	0×1	
con-bloqueante	scrum1059b-etiquetado-masivo-postgres.test.mjs	1	3978	3978	373	0	0	0×1	
con-bloqueante	scrum221-export-fiscal-cero-bytes.test.mjs	1	3972	3972	90	0	0	0×1	
con-bloqueante	scrum94-register-teammember.test.mjs	1	3972	3972	63	0	0	0×1	
con-bloqueante	scrum296-libro-postgres.test.mjs	1	3965	3965	528	0	0	0×1	
con-bloqueante	scrum967b-el-portal-en-el-envio.test.mjs	1	3959	3959	1078	0	0	0×1	
con-bloqueante	scrum104-clientes-referenciados.test.mjs	1	3942	3942	52	0	0	0×1	
con-bloqueante	scrum1014-sitios-del-cliente.test.mjs	1	3923	3923	383	0	0	0×1	
con-bloqueante	scrum76-email-adjunto.test.mjs	1	3917	3917	94	0	0	0×1	FSReqPromise×1
con-bloqueante	scrum96-no-generated-docs-in-public.test.mjs	1	3910	3910	23	0	0	0×1	
con-bloqueante	scrum22-operario-readpath.test.mjs	1	3907	3907	82	0	0	0×1	
con-bloqueante	scrum131-resend-honesto.test.mjs	1	3907	3907	52	0	0	0×1	
con-bloqueante	scrum127-paywall-bloquea.test.mjs	1	3902	3902	62	0	0	0×1	
con-bloqueante	scrum116-recordatorio-candado.test.mjs	1	3872	3872	71	0	0	0×1	
con-bloqueante	scrum234-carrera-serie.gated.test.mjs	1	3857	3857	81	0	0	0×1	
con-bloqueante	scrum171a-consolidar-cliente.test.mjs	1	3852	3852	54	0	0	0×1	
con-bloqueante	scrum692-guardado-parcial-en-base.test.mjs	1	3843	3843	541	0	0	0×1	
con-bloqueante	scrum814-carrera-de-tramos-postgres.test.mjs	1	3841	3841	34	0	0	0×1	
con-bloqueante	scrum124-r28-graph-facebook-guard.test.mjs	1	3838	3838	213	0	0	0×1	
con-bloqueante	scrum980-historial-del-cliente.test.mjs	1	3833	3833	857	0	0	0×1	
con-bloqueante	scrum51-job-sin-quote.test.mjs	1	3827	3827	57	0	0	0×1	
con-bloqueante	scrum82-zip-verifactu.test.mjs	1	3822	3822	57	0	0	0×1	
con-bloqueante	scrum1036-notas-del-cliente.test.mjs	1	3797	3797	317	0	0	0×1	
con-bloqueante	scrum187-codeowners-zona-roja.test.mjs	1	3756	3756	26	0	0	0×1	
con-bloqueante	scrum58-jobs-n1.test.mjs	1	3727	3727	75	0	0	0×1	
con-bloqueante	scrum52-operario.test.mjs	1	3713	3713	455	0	0	0×1	
con-bloqueante	scrum87-no-public-invoices.test.mjs	1	3701	3701	22	0	0	0×1	
con-bloqueante	scrum25-exports.test.mjs	1	3627	3627	75	0	0	0×1	
con-bloqueante	scrum129-n8n-guard.test.mjs	1	3517	3517	201	0	0	0×1	
con-bloqueante	bot-suite.test.mjs	1	3460	3460	87	0	0	0×1	
con-sonda	zz1405-rojo-en-la-cola.test.mjs	1	315420	353388	95	1	37968	1×1	SimpleWriteWrap×1
con-sonda	zz1405-copia-de-vigia-atascados.test.mjs	1	120065	120065	94	0	0	1×1	
con-sonda	vigia-atascados.test.mjs	1	109622	109622	71	0	0	0×1	
con-sonda	zz1405-copia-de-scrum834-puerta-avisador-rojo.test.mjs	1	107093	107093	101	0	0	1×1	
con-sonda	zz1405-copia-de-scrum524b-trinquete-de-la-tabla.test.mjs	1	98116	98116	3918	0	0	1×1	
con-sonda	scrum834-puerta-avisador-rojo.test.mjs	1	97367	97367	95	0	0	0×1	
con-sonda	scrum524b-trinquete-de-la-tabla.test.mjs	1	89326	89326	5113	0	0	0×1	
con-sonda	scrum1262-la-baja-corta-todas-las-vias.test.mjs	1	75116	75116	1188	0	0	0×1	
con-sonda	scrum454-destructivo-sin-comprobacion.test.mjs	1	73775	73775	162	0	0	0×1	
con-sonda	scrum1350-latido.test.mjs	1	71655	71655	88	0	0	0×1	
con-sonda	scrum853-avisador-solo-obligatorio.test.mjs	1	66951	66951	120	0	0	0×1	
con-sonda	scrum1323-resumen-vs-detalle-sif1.test.mjs	1	66159	66159	134	0	0	0×1	
con-sonda	scrum667-marcador-visible.test.mjs	1	66076	66076	4012	0	0	0×1	FSReqCallback×2
con-sonda	scrum1344-arnes-de-prueba-con-rol.test.mjs	1	62589	62589	5189	0	0	0×1	FSReqPromise×1
con-sonda	scrum888g-senal-en-la-firma.test.mjs	1	58938	58938	835	0	0	0×1	FSReqPromise×1
con-sonda	scrum984-del-presupuesto-al-albaran.test.mjs	1	55315	55315	2315	0	0	0×1	
con-sonda	scrum813-trinquete-de-zona.test.mjs	1	54943	54943	688	0	0	0×1	
con-sonda	scrum811c-skill-ui-declarada.test.mjs	1	53969	53969	2365	0	0	0×1	
con-sonda	scrum312-importador-clientes.test.mjs	1	53408	53408	158	0	0	0×1	FSReqPromise×1
con-sonda	scrum595-etiquetas-del-documento.test.mjs	1	51107	51107	215	0	0	0×1	FSReqPromise×1
con-sonda	scrum411-exports-inalcanzables.test.mjs	1	50311	50311	14040	0	0	0×1	
con-sonda	scrum931-un-solo-importe-de-plantilla.test.mjs	1	49956	49956	580	0	0	0×1	
con-sonda	scrum812-el-rotulo-declara-su-poblacion.test.mjs	1	48336	48336	2047	0	0	1×1	
con-sonda	scrum1038-leer-el-ticket-gasto.test.mjs	1	48198	48198	975	0	0	0×1	
con-sonda	scrum586-forma-de-pago-por-cliente.test.mjs	1	47529	47529	1199	0	0	0×1	Timeout×3
con-sonda	scrum522-guards-fuera-de-la-tanda.test.mjs	1	47280	47280	333	0	0	0×1	
con-sonda	scrum713-buscar-al-cliente-donde-ya-se-busca.test.mjs	1	47001	47001	1897	0	0	0×1	CloseReq×1
con-sonda	scrum237-negacion-respaldada.test.mjs	1	46479	46479	3602	0	0	0×1	
con-sonda	scrum1127-sif-client.test.mjs	1	46114	46114	1524	0	0	0×1	SimpleShutdownWrap×1 TCPServerWrap×25 TCPSocketWrap×2
con-sonda	scrum1152-generador-ancla.test.mjs	1	45170	45170	1802	0	0	0×1	
con-sonda	scrum1093h-censo-fecha-sin-zona.test.mjs	1	45055	45055	7490	0	0	0×1	
con-sonda	scrum580-tags-por-contacto.test.mjs	1	43626	43626	108	0	0	0×1	
con-sonda	scrum651-trabajo-sin-presupuesto.test.mjs	1	43250	43250	1912	0	0	0×1	
con-sonda	scrum1326-vale-pregunta-una-vez.test.mjs	1	42918	42918	3870	0	0	0×1	TCPServerWrap×1
con-sonda	scrum176-guard-mensaje.test.mjs	1	42789	42789	184	0	0	0×1	
con-sonda	scrum1372-auditoria-cierres.test.mjs	1	42701	42701	348	0	0	0×1	
con-sonda	scrum1109-aviso-programado-acreditacion-invoicing-es.test.mjs	1	42358	42358	580	0	0	0×1	
con-sonda	scrum754-el-juez-que-oscila.test.mjs	1	42195	42195	3394	0	0	0×1	
con-sonda	scrum915j-cliente-por-botones.test.mjs	1	41905	41905	1316	0	0	0×1	Timeout×10
con-sonda	scrum996-suelo-de-arranque.test.mjs	1	41590	41590	2468	0	0	0×1	
con-sonda	scrum602-direccion-obra.test.mjs	1	41343	41343	1654	0	0	0×1	FSReqCallback×2
con-sonda	scrum1304-un-cobro-una-factura.test.mjs	1	41274	41274	1860	0	0	0×1	
con-sonda	scrum628-cobertura-visual-del-dashboard.test.mjs	1	41237	41237	1826	0	0	0×1	
con-sonda	scrum951a-equipo-configurable.test.mjs	1	41192	41192	3356	0	0	0×1	
con-sonda	scrum286-bloques-orden.test.mjs	1	40606	40606	1824	0	0	0×1	
con-sonda	scrum285-pantalla-cobros.test.mjs	1	40591	40591	1080	0	0	0×1	
con-sonda	scrum587-descuento-por-defecto.test.mjs	1	40442	40442	898	0	0	0×1	Timeout×1
con-sonda	scrum161-evidencia-tanda.test.mjs	1	35947	40358	78	1	4411	0×1	SimpleWriteWrap×1
con-sonda	scrum859-identidad-y-motivo-cerrado.test.mjs	1	40326	40326	1035	0	0	0×1	
con-sonda	scrum222-deriva-arranque.test.mjs	1	40245	40245	481	0	0	0×1	
con-sonda	scrum912-leer-ticket-gasto.test.mjs	1	39910	39910	462	0	0	0×1	TCPServerWrap×1 TCPSocketWrap×2 Immediate×1
con-sonda	scrum369-verificador-sello.test.mjs	1	39701	39701	717	0	0	0×1	FSReqPromise×1
con-sonda	scrum824-temporales-fuera-del-arbol.test.mjs	1	39672	39672	3466	0	0	1×1	
con-sonda	scrum481-metodo-en-castellano.test.mjs	1	39656	39656	763	0	0	0×1	
con-sonda	scrum1293-cargador-de-marcadores.test.mjs	1	39412	39412	53	0	0	0×1	
con-sonda	scrum676-hojas-del-indice.test.mjs	1	38502	38502	3102	0	0	0×1	
con-sonda	scrum753-censo-de-alcanzabilidad.test.mjs	1	38178	38178	6161	0	0	0×1	
con-sonda	scrum1330-una-sellada-no-se-resella.test.mjs	1	38106	38106	4208	0	0	0×1	
con-sonda	scrum438-v3-sobre.test.mjs	1	37968	37968	796	0	0	0×1	FSReqPromise×1
con-sonda	scrum1235-el-correo-que-no-salio.test.mjs	1	37902	37902	1132	0	0	0×1	
con-sonda	scrum1356-latido-enganchado.test.mjs	1	37802	37802	273	0	0	0×1	
con-sonda	scrum630-default-en-dias.test.mjs	1	37573	37573	1434	0	0	0×1	
con-sonda	scrum576-persona-vinculada-a-empresa.test.mjs	1	37353	37353	841	0	0	0×1	FSReqPromise×1
con-sonda	scrum301-albaranes-seccion.test.mjs	1	37107	37107	731	0	0	0×1	FSReqPromise×1
con-sonda	scrum476-reconciliar-censos.test.mjs	1	37072	37072	306	0	0	0×1	
con-sonda	scrum260-rastro-limpieza.test.mjs	1	36975	36975	62	0	0	0×1	
con-sonda	scrum637-la-rama-que-nadie-mira.test.mjs	1	36899	36899	1449	0	0	0×1	
con-sonda	scrum836-ancla-de-mutacion-viva.test.mjs	1	36635	36635	10853	0	0	0×1	
con-sonda	scrum649-el-ancla-que-no-apunta.test.mjs	1	36529	36529	1853	0	0	0×1	
con-sonda	scrum594-descuentos-presupuesto.test.mjs	1	36378	36378	879	0	0	0×1	FSReqCallback×2
con-sonda	scrum425-aplicador-sql-dev.test.mjs	1	36322	36322	49	0	0	0×1	
con-sonda	scrum475-firma-del-webhook.test.mjs	1	36157	36157	74	0	0	0×1	
con-sonda	scrum1160-cobrar-ahora-modo-recibo.test.mjs	1	36140	36140	1048	0	0	0×1	
con-sonda	scrum356-tres-estados.test.mjs	1	36018	36018	1455	0	0	0×1	Immediate×2
con-sonda	scrum488-un-solo-vocabulario.test.mjs	1	35780	35780	494	0	0	0×1	
con-sonda	scrum235-cliente-por-columnas.test.mjs	1	35665	35665	290	0	0	0×1	
con-sonda	scrum1315-gemelos-estado-dentro-del-where.test.mjs	1	34851	34851	554	0	0	0×1	
con-sonda	scrum716-ritmo-de-despliegue.test.mjs	1	34838	34838	476	0	0	0×1	
con-sonda	scrum575b-nif-cableado.test.mjs	1	34699	34699	1084	0	0	0×1	
con-sonda	scrum423-entrega-en-que-falta.test.mjs	1	34671	34671	3343	0	0	0×1	
con-sonda	scrum1153-censo-entorno-prestado.test.mjs	1	34507	34507	1813	0	0	0×1	
con-sonda	scrum1339d-senal-de-nombres.test.mjs	1	34345	34345	5834	0	0	0×1	
con-sonda	scrum1168-anio-serie-zona-merchant.test.mjs	1	34252	34252	573	0	0	0×1	FSReqPromise×1
con-sonda	scrum687-constancia-del-alter.test.mjs	1	33998	33998	59	0	0	0×1	
con-sonda	scrum475-receptor-webhook.test.mjs	1	33797	33797	2111	0	0	0×1	FSReqPromise×1
con-sonda	scrum514-aprobado-y-aplicado.test.mjs	1	33314	33314	508	0	0	0×1	
con-sonda	scrum685-push-no-arranca-atrasado.test.mjs	1	33114	33114	79	0	0	0×1	
con-sonda	scrum982-la-nota-del-cliente-en-el-trabajo.test.mjs	1	33052	33052	1723	0	0	0×1	
con-sonda	scrum475-ignoran-el-resultado.test.mjs	1	32987	32987	3869	0	0	0×1	FSReqPromise×1
con-sonda	scrum631-la-unicidad-tiene-vigilante.test.mjs	1	32932	32932	335	0	0	0×1	FSReqPromise×1
con-sonda	scrum359-tres-relojes.test.mjs	1	32904	32904	54	0	0	0×1	
con-sonda	scrum239-huella-de-codigo.test.mjs	1	32883	32883	787	0	0	0×1	
con-sonda	scrum600b-la-factura-usa-el-front.test.mjs	1	32877	32877	1693	0	0	0×1	Timeout×6
con-sonda	scrum838-censo-de-tautologias.test.mjs	1	32665	32665	9200	0	0	1×1	
con-sonda	scrum889b-quitar-linea-guardada.test.mjs	1	32599	32599	692	0	0	0×1	
con-sonda	scrum1266b-aviso-no-salia-en-lo-dictado.test.mjs	1	32591	32591	1119	0	0	0×1	
con-sonda	scrum537-afirmacion-falsa.test.mjs	1	32463	32463	782	0	0	0×1	
con-sonda	whatsappTemplates.test.mjs	1	32376	32376	84	0	0	0×1	
con-sonda	scrum878-poblacion-del-guard-29.test.mjs	1	32206	32206	647	0	0	0×1	
con-sonda	scrum371-barrido-poblacion.test.mjs	1	32105	32105	877	0	0	0×1	FSReqPromise×1
con-sonda	scrum655-apartados.test.mjs	1	32054	32054	153	0	0	0×1	
con-sonda	scrum426-libro-recibidas.test.mjs	1	32033	32033	100	0	0	0×1	FSReqPromise×1
con-sonda	scrum188-turno-staging.test.mjs	1	31981	31981	71	0	0	0×1	
con-sonda	scrum553-etiquetas-pegadas.test.mjs	1	31952	31952	17456	0	0	0×1	
con-sonda	scrum1342-plan-desconocido-no-calla.test.mjs	1	31912	31912	237	0	0	0×1	Immediate×6
con-sonda	scrum592-numeracion-doc02.test.mjs	1	31888	31888	117	0	0	0×1	FSReqPromise×1
con-sonda	scrum729-el-escritor-del-cliente.test.mjs	1	31826	31826	462	0	0	0×1	FSReqCallback×2
con-sonda	scrum582-seleccion-multiple-clientes.test.mjs	1	31811	31811	669	0	0	0×1	
con-sonda	scrum507-cantidad-supuesta.test.mjs	1	31593	31593	82	0	0	0×1	
con-sonda	scrum964-la-lista-no-carga-las-fotos.test.mjs	1	31506	31506	624	0	0	0×1	
con-sonda	scrum655b-revision-con-llamador.test.mjs	1	31495	31495	60	0	0	0×1	
con-sonda	scrum500-suplidos.test.mjs	1	31447	31447	607	0	0	0×1	
con-sonda	scrum1341-actividad-del-equipo-sin-importes.test.mjs	1	31428	31428	1068	0	0	0×1	
con-sonda	scrum987-valido-hasta-en-el-pdf.test.mjs	1	31375	31375	1312	0	0	0×1	FSReqCallback×2
con-sonda	scrum775-suelo-que-no-dispara.test.mjs	1	31342	31342	17566	0	0	0×1	
con-sonda	scrum839d-union-solo-en-el-registro.test.mjs	1	31332	31332	1165	0	0	0×1	
con-sonda	scrum905-facturar-solo-si-se-puede.test.mjs	1	31235	31235	1085	0	0	0×1	
con-sonda	scrum899d-aviso-de-uso.test.mjs	1	31218	31218	347	0	0	0×1	
con-sonda	scrum593b-superficie-texto-del-documento.test.mjs	1	31175	31175	380	0	0	0×1	
con-sonda	scrum1268-sembrar-qa.test.mjs	1	31045	31045	189	0	0	0×1	
con-sonda	scrum853d-cortacircuitos.test.mjs	1	30865	30865	329	0	0	0×1	
con-sonda	scrum555-lo-que-el-censo-no-ve.test.mjs	1	30858	30858	421	0	0	0×1	
con-sonda	scrum652c-parte-en-el-movil.test.mjs	1	30811	30811	140	0	0	0×1	
con-sonda	scrum264-copy-que-llega-al-cliente.test.mjs	1	30782	30782	51	0	0	0×1	
con-sonda	scrum650d-pantalla-asignar.test.mjs	1	30716	30716	619	0	0	0×1	
con-sonda	scrum600-un-solo-front-documento.test.mjs	1	30708	30708	1405	0	0	0×1	
con-sonda	scrum688-crear-revision.test.mjs	1	30566	30566	1388	0	0	0×1	FSReqCallback×2
con-sonda	scrum636-sitio-unico-dinero.test.mjs	1	30524	30524	1373	0	0	0×1	FSReqCallback×2
con-sonda	scrum252-procedencia-cliente.test.mjs	1	30510	30510	623	0	0	0×1	
con-sonda	scrum808-el-arbol-que-queda-mutado.test.mjs	1	30492	30492	3559	0	0	0×1	
con-sonda	scrum584-selector-de-columnas.test.mjs	1	30451	30451	1201	0	0	0×1	
con-sonda	scrum599-navegacion-documentos-y-atajo.test.mjs	1	30321	30321	941	0	0	0×1	
con-sonda	scrum1216b-pantalla-arranque.test.mjs	1	30092	30092	924	0	0	0×1	
con-sonda	scrum661b-el-coste-sobrevive-el-viaje.test.mjs	1	29856	29856	1115	0	0	0×1	
con-sonda	scrum1123-vigia-despliegue-aviso.test.mjs	1	29832	29832	221	0	0	0×1	
con-sonda	scrum325-libros-por-periodo.test.mjs	1	29789	29789	125	0	0	0×1	FSReqPromise×1
con-sonda	scrum475-constancia-correo.test.mjs	1	29707	29707	5783	0	0	0×1	FSReqPromise×1
con-sonda	scrum455-almacen-local.test.mjs	1	29646	29646	1197	0	0	0×1	Immediate×1
con-sonda	scrum1354-dueno-de-la-marca.test.mjs	1	29597	29597	832	0	0	0×1	Immediate×3
con-sonda	scrum291-series-huecos.test.mjs	1	29595	29595	133	0	0	0×1	FSReqPromise×1
con-sonda	scrum593e-el-albaran-si-es-alcanzable.test.mjs	1	29496	29496	47	0	0	0×1	
con-sonda	scrum313-pantalla-numeracion.test.mjs	1	29443	29443	176	0	0	0×1	FSReqPromise×1
con-sonda	scrum390-puerta-cliente-real.test.mjs	1	29309	29309	154	0	0	0×1	FSReqPromise×1
con-sonda	scrum693-filtro-de-comentarios.test.mjs	1	29262	29262	496	0	0	0×1	
con-sonda	scrum942-bytes-de-control-en-el-arbol.test.mjs	1	29255	29255	1036	0	0	0×1	
con-sonda	scrum885-documento-sin-enviar.test.mjs	1	29207	29207	1322	0	0	0×1	
con-sonda	scrum1327-el-veredicto-no-se-decide-a-mano.test.mjs	1	29143	29143	959	0	0	0×1	
con-sonda	scrum606-albaran-desde-presupuesto.test.mjs	1	29122	29122	1889	0	0	0×1	
con-sonda	scrum283-tabla-patron-factura.test.mjs	1	28956	28956	489	0	0	0×1	
con-sonda	scrum890b-rechazo-visible.test.mjs	1	28954	28954	1977	0	0	0×1	Timeout×1 Immediate×1
con-sonda	scrum683-parte-dictado.test.mjs	1	28835	28835	66	0	0	0×1	
con-sonda	scrum605-atajos-vencimiento.test.mjs	1	28810	28810	63	0	0	0×1	
con-sonda	scrum644-trinquete-mensaje-crudo.test.mjs	1	28768	28768	1963	0	0	0×1	
con-sonda	scrum267-ancla-de-medicion.test.mjs	1	28758	28758	1425	0	0	0×1	
con-sonda	scrum360-desalojo.test.mjs	1	28737	28737	916	0	0	0×1	Immediate×3
con-sonda	scrum284-asignacion-submenus.test.mjs	1	28715	28715	573	0	0	0×1	
con-sonda	scrum562-arbitro-de-toque.test.mjs	1	28694	28694	645	0	0	0×1	
con-sonda	scrum578-formulario-duplicados.test.mjs	1	28644	28644	502	0	0	0×1	
con-sonda	scrum1302h-firma-directa-ya-registrada.test.mjs	1	28594	28594	882	0	0	0×1	Immediate×3
con-sonda	albaran.test.mjs	1	28580	28580	399	0	0	0×1	FSReqPromise×1
con-sonda	scrum1343-un-hijo-que-no-arranca-es-ciego.test.mjs	1	28392	28392	448	0	0	0×1	
con-sonda	scrum607-precios-fuera-del-albaran.test.mjs	1	28362	28362	530	0	0	0×1	FSReqCallback×2 FSReqPromise×1
con-sonda	scrum563-registro-de-lo-aprobado.test.mjs	1	28315	28315	489	0	0	0×1	
con-sonda	scrum780-formato-f-en-la-factura.test.mjs	1	28237	28237	107	0	0	0×1	FSReqPromise×1
con-sonda	scrum1117-anclas-por-bloque.test.mjs	1	28220	28220	1429	0	0	0×1	
con-sonda	scrum195-pertenencia-por-job.test.mjs	1	28181	28181	94	0	0	0×1	FSReqPromise×1
con-sonda	scrum290-albaran-a-factura.test.mjs	1	28170	28170	51	0	0	0×1	
con-sonda	scrum1362-cargador-de-defectos-del-viaje.test.mjs	1	28092	28092	35	0	0	0×1	
con-sonda	scrum255-audit-log-sync.test.mjs	1	27999	27999	258	0	0	0×1	
con-sonda	scrum652d-puerta-al-parte.test.mjs	1	27989	27989	1530	0	0	0×1	
con-sonda	scrum579-direccion-de-facturacion.test.mjs	1	27988	27988	935	0	0	0×1	
con-sonda	scrum1233-mensaje-para-persona.test.mjs	1	27899	27899	2045	0	0	0×1	
con-sonda	scrum314-wipedemo-derivado.test.mjs	1	27775	27775	552	0	0	0×1	
con-sonda	scrum1097-guard-acreditacion-invoicing-es.test.mjs	1	27774	27774	505	0	0	0×1	
con-sonda	scrum100-webhooks-fail-closed.test.mjs	1	27773	27773	1045	0	0	0×1	SimpleShutdownWrap×1 TCPServerWrap×1 TCPSocketWrap×1
con-sonda	scrum324-justificante-deducible.test.mjs	1	27709	27709	37	0	0	0×1	
con-sonda	scrum420-barra-lateral.test.mjs	1	27696	27696	76	0	0	0×1	
con-sonda	scrum899c-relevar-y-contexto.test.mjs	1	27646	27646	50	0	0	0×1	
con-sonda	scrum839e-solo-pr-armados.test.mjs	1	27634	27634	2452	0	0	0×1	
con-sonda	scrum303-albaran-una-pantalla.test.mjs	1	27616	27616	1166	0	0	0×1	FSReqPromise×1
con-sonda	scrum1351-viaje-firma-sin-red-albaran.test.mjs	1	27543	27543	9565	0	0	0×1	Immediate×2
con-sonda	scrum300-firmante-ids-y-microcopy.test.mjs	1	27501	27501	46	0	0	0×1	
con-sonda	scrum302-presupuesto-y-fotos.test.mjs	1	27288	27288	858	0	0	0×1	FSReqPromise×1
con-sonda	scrum383-clave-vs-destino.test.mjs	1	27214	27214	50	0	0	0×1	
con-sonda	scrum921-firmas-con-respaldo.test.mjs	1	27133	27133	3778	0	0	0×1	
con-sonda	scrum823-la-escalera-mira-el-estado.test.mjs	1	27132	27132	171	0	0	0×1	FSReqPromise×1
con-sonda	scrum764-margen-negativo.test.mjs	1	27108	27108	597	0	0	0×1	
con-sonda	scrum976-guards-entrada-con-techo.test.mjs	1	26997	26997	20026	0	0	0×1	
con-sonda	scrum944b-el-trabajo-se-llama-igual.test.mjs	1	26988	26988	54	0	0	0×1	
con-sonda	scrum351-topologia-node-modules.test.mjs	1	26896	26896	527	0	0	0×1	
con-sonda	scrum855-el-doble-llama-al-callback.test.mjs	1	26879	26879	722	0	0	0×1	
con-sonda	scrum344-cierre-con-saldo.test.mjs	1	26866	26866	533	0	0	0×1	
con-sonda	scrum395-preflight-migracion.test.mjs	1	26770	26770	67	0	0	0×1	
con-sonda	scrum491-metodo-y-registro.test.mjs	1	26734	26734	500	0	0	0×1	
con-sonda	scrum387-censo-reparto.test.mjs	1	26675	26675	503	0	0	0×1	
con-sonda	scrum1027-atajo-flag-off-sin-documento.test.mjs	1	26616	26616	518	0	0	0×1	
con-sonda	scrum357-que-lleva-encima.test.mjs	1	26553	26553	898	0	0	0×1	
con-sonda	scrum358-drenado.test.mjs	1	26423	26423	1083	0	0	0×1	Immediate×3
con-sonda	scrum937-el-nif-no-se-tira-en-silencio.test.mjs	1	26423	26423	193	0	0	0×1	
con-sonda	scrum1185-trinquete-sin-consumir.test.mjs	1	26364	26364	6654	0	0	0×1	
con-sonda	scrum691-contraste-de-tokens.test.mjs	1	26361	26361	101	0	0	0×1	
con-sonda	scrum141-factura-final.test.mjs	1	26283	26283	419	0	0	0×1	
con-sonda	scrum289b-factura-suelta.test.mjs	1	26161	26161	648	0	0	0×1	
con-sonda	scrum921c-firma-con-respaldo-en-codigo.test.mjs	1	26059	26059	4800	0	0	0×1	
con-sonda	automerge-conflicto-no-es-averia.test.mjs	1	26041	26041	71	0	0	0×1	
con-sonda	scrum1336-un-ciego-no-se-pinta-de-hallazgo.test.mjs	1	25950	25950	711	0	0	0×1	
con-sonda	scrum294-recargo-caja.test.mjs	1	25890	25890	470	0	0	0×1	
con-sonda	scrum622-desconocido-no-es-verde.test.mjs	1	25875	25875	2961	0	0	0×1	FSReqPromise×1
con-sonda	scrum1388-facturas-recibidas-literales-firmados.test.mjs	1	25866	25866	1516	0	0	0×1	
con-sonda	scrum938-la-lista-como-fixture.test.mjs	1	25865	25865	1170	0	0	0×1	
con-sonda	scrum1317-cierre-admin-e-inicio-del-operario.test.mjs	1	25839	25839	1255	0	0	0×1	
con-sonda	scrum296-pantalla-libro.test.mjs	1	25837	25837	137	0	0	0×1	
con-sonda	scrum844f-lo-que-cambia-el-importe.test.mjs	1	25828	25828	91	0	0	0×1	FSReqPromise×1
con-sonda	scrum578-duplicados-identificador.test.mjs	1	25772	25772	55	0	0	0×1	
con-sonda	scrum534b-documentos-fantasma.test.mjs	1	25639	25639	49272	0	0	0×1	
con-sonda	scrum1108b-pantalla-garantia.test.mjs	1	25630	25630	937	0	0	0×1	SimpleShutdownWrap×1 TCPServerWrap×1 TCPSocketWrap×1
con-sonda	scrum295-modelo-303.test.mjs	1	25574	25574	53	0	0	0×1	
con-sonda	scrum653-dos-firmas.test.mjs	1	25527	25527	383	0	0	0×1	
con-sonda	scrum670-un-solo-extractor.test.mjs	1	25469	25469	489	0	0	0×1	
con-sonda	scrum1286-intermitente-1281.test.mjs	1	25378	25378	59	0	0	0×1	
con-sonda	scrum352-target-tactil-variantes.test.mjs	1	25322	25322	2390	0	0	0×1	
con-sonda	scrum917g-el-trabajo-plegable.test.mjs	1	25013	25013	201	0	0	0×1	
con-sonda	scrum1126-fusion-de-clientes.test.mjs	1	24941	24941	3285	0	0	0×1	
con-sonda	scrum846b-siembras-a-los-quince.test.mjs	1	24922	24922	417	0	0	0×1	
con-sonda	scrum305-entrega-pendiente.test.mjs	1	24918	24918	471	0	0	0×1	
con-sonda	scrum954-vivo-no-es-listado.test.mjs	1	24858	24858	514	0	0	0×1	
con-sonda	scrum633-caducidad-en-la-zona.test.mjs	1	24823	24823	488	0	0	0×1	
con-sonda	scrum899-sesion-lista-blanca.test.mjs	1	24802	24802	583	0	0	0×1	
con-sonda	scrum501-una-fila-por-envio.test.mjs	1	24793	24793	434	0	0	0×1	FSReqPromise×1
con-sonda	scrum358-encolar-firma.test.mjs	1	24744	24744	1070	0	0	0×1	Immediate×2
con-sonda	scrum304-albaranes-tabla.test.mjs	1	24707	24707	656	0	0	0×1	
con-sonda	scrum664-el-compilador-como-censo.test.mjs	1	24689	24689	922	0	0	0×1	
con-sonda	scrum1289-por-que-cayo.test.mjs	1	24645	24645	143	0	0	0×1	
con-sonda	scrum853-lecturas-que-fallan-cerrado.test.mjs	1	24614	24614	976	0	0	0×1	
con-sonda	scrum558-ancla-alcanzable.test.mjs	1	24573	24573	401	0	0	0×1	
con-sonda	scrum499-el-registro-tiene-sitio.test.mjs	1	24490	24490	666	0	0	0×1	FSReqPromise×1
con-sonda	scrum600e-condiciones-contra-el-emisor.test.mjs	1	24466	24466	1316	0	0	0×1	
con-sonda	scrum820-estados-en-castellano.test.mjs	1	24435	24435	2377	0	0	0×1	
con-sonda	scrum494-export-que-sobra.test.mjs	1	24368	24368	9473	0	0	0×1	
con-sonda	scrum993-boton-un-toque.test.mjs	1	24341	24341	1395	0	0	0×1	Timeout×7
con-sonda	scrum815c-el-escritor-de-los-cinco.test.mjs	1	24330	24330	1421	0	0	0×1	FSReqPromise×1
con-sonda	scrum1322-el-bot-entiende-lo-que-pide.test.mjs	1	24328	24328	1076	0	0	0×1	TCPServerWrap×1
con-sonda	scrum626-calentar-el-navegador.test.mjs	1	24323	24323	45	0	0	0×1	
con-sonda	scrum774-arbol-de-otra-sesion.test.mjs	1	24225	24225	1994	0	0	0×1	
con-sonda	scrum759-el-guard-ciego-fuera-de-su-fichero.test.mjs	1	24180	24180	6615	0	0	0×1	
con-sonda	scrum551-anclas-bloque-f.test.mjs	1	24163	24163	390	0	0	0×1	
con-sonda	scrum615-pedir-tipo-destinatario.test.mjs	1	24117	24117	371	0	0	0×1	
con-sonda	scrum1157-censo-convenio-microcopy.test.mjs	1	24111	24111	3275	0	0	0×1	
con-sonda	scrum656-iva-y-clausulas.test.mjs	1	24103	24103	459	0	0	0×1	
con-sonda	scrum192-borrado-merchant.test.mjs	1	24061	24061	46	0	0	0×1	
con-sonda	scrum1325b-expresiones-sobre-texto-de-persona.test.mjs	1	24036	24036	4071	0	0	0×1	
con-sonda	scrum1040-pantalla-facturas-recibidas.test.mjs	1	24033	24033	70	0	0	0×1	
con-sonda	scrum932-el-turno-tiene-mecanismo.test.mjs	1	24014	24014	753	0	0	0×1	
con-sonda	scrum508-los-cinco-dejan-fila.test.mjs	1	24005	24005	2071	0	0	0×1	FSReqPromise×1
con-sonda	scrum216-tipo-rectificativa-sin-defecto.test.mjs	1	23993	23993	777	0	0	0×1	
con-sonda	scrum804-la-rama-viva.test.mjs	1	23933	23933	7621	0	0	0×1	
con-sonda	scrum598-el-margen-sale-del-documento.test.mjs	1	23825	23825	1102	0	0	0×1	
con-sonda	scrum677-vigilante-de-despliegue.test.mjs	1	23814	23814	34	0	0	0×1	
con-sonda	scrum333-tarjetas-gremio.test.mjs	1	23809	23809	64	0	0	0×1	
con-sonda	scrum319-documentos-por-tipo.test.mjs	1	23723	23723	678	0	0	0×1	
con-sonda	scrum565-encargo-completo.test.mjs	1	23678	23678	38	0	0	0×1	
con-sonda	scrum1128-envio-construido.test.mjs	1	23650	23650	492	0	0	0×1	
con-sonda	scrum959b-el-arranque-no-duplica-el-equipo.test.mjs	1	23621	23621	9013	0	0	0×1	
con-sonda	scrum672-un-test-que-desaparece.test.mjs	1	23573	23573	45	0	0	0×1	
con-sonda	scrum542-objetivo-tactil.test.mjs	1	23565	23565	52	0	0	0×1	
con-sonda	scrum766-el-grep-que-cuenta-lineas.test.mjs	1	23555	23555	1797	0	0	0×1	
con-sonda	scrum591-alta-desde-el-documento.test.mjs	1	23531	23531	1676	0	0	0×1	
con-sonda	scrum438-atestiguar.test.mjs	1	23524	23524	79	0	0	0×1	FSReqPromise×1
con-sonda	pr-automatico-el-mensaje-del-automerge.test.mjs	1	23446	23446	326	0	0	0×1	
con-sonda	scrum574-switch-forma-juridica.test.mjs	1	23438	23438	397	0	0	0×1	
con-sonda	scrum581-pestanas-y-orden-clientes.test.mjs	1	23374	23374	44	0	0	0×1	
con-sonda	wa-log-sync.test.mjs	1	23307	23307	158	0	0	0×1	
con-sonda	scrum452-pdf-lo-que-se-sello.test.mjs	1	23305	23305	730	0	0	0×1	FSReqCallback×2
con-sonda	scrum645-la-puerta-no-tira-los-tramos.test.mjs	1	23249	23249	137	0	0	0×1	
con-sonda	scrum652-parte-trabajo.test.mjs	1	23208	23208	55	0	0	0×1	
con-sonda	scrum739-informes-al-sitio-unico.test.mjs	1	23189	23189	624	0	0	0×1	
con-sonda	scrum284-configuracion-submenus.test.mjs	1	23108	23108	716	0	0	0×1	
con-sonda	scrum253-adopcion.test.mjs	1	23055	23055	7418	0	0	0×1	
con-sonda	scrum887-el-cobro-es-lo-firmado.test.mjs	1	23052	23052	1780	0	0	0×1	
con-sonda	scrum294c-criterio-del-merchant.test.mjs	1	22990	22990	152	0	0	0×1	
con-sonda	scrum805-que-firmo-el-cliente.test.mjs	1	22985	22985	1021	0	0	0×1	
con-sonda	scrum388-censo-mecanismo.test.mjs	1	22973	22973	2390	0	0	0×1	
con-sonda	scrum1381-escritores-por-fila.test.mjs	1	22928	22928	1012	0	0	0×1	
con-sonda	scrum899b-arranque-de-la-tanda.test.mjs	1	22851	22851	1952	0	0	0×1	
con-sonda	scrum17-recapitulativa.test.mjs	1	22833	22833	296	0	0	0×1	FSReqPromise×1
con-sonda	scrum397-fecha-real-de-cobro.test.mjs	1	22765	22765	2382	0	0	0×1	
con-sonda	scrum1102f-sii-y-foral-se-preguntan-y-se-guardan.test.mjs	1	22725	22725	1157	0	0	0×1	
con-sonda	scrum568-promesa-con-mecanismo.test.mjs	1	22709	22709	573	0	0	0×1	
con-sonda	scrum564b-hueco-condicion.test.mjs	1	22702	22702	393	0	0	0×1	
con-sonda	scrum698-vistas-que-no-se-miden.test.mjs	1	22646	22646	3315	0	0	0×1	
con-sonda	scrum660-iva-defecto-del-documento.test.mjs	1	22626	22626	1298	0	0	0×1	Timeout×5
con-sonda	scrum596-la-nota-interna-no-sale.test.mjs	1	22585	22585	839	0	0	0×1	FSReqCallback×2
con-sonda	scrum329-legal-pagina-publica.test.mjs	1	22579	22579	970	0	0	0×1	ConnectWrap×1 TCPServerWrap×1 TCPSocketWrap×1
con-sonda	scrum320-que-falta-para-cobrar.test.mjs	1	22573	22573	85	0	0	0×1	
con-sonda	scrum844c-el-xml-que-se-remite.test.mjs	1	22561	22561	559	0	0	0×1	FSReqPromise×1
con-sonda	scrum1298-mesa-por-puesto.test.mjs	1	22535	22535	1071	0	0	0×1	
con-sonda	scrum268-espera-automatica.test.mjs	1	22497	22497	6002	0	0	0×1	
con-sonda	scrum400-conformidad-landing.test.mjs	1	22478	22478	59	0	0	0×1	
con-sonda	scrum745-comparar-por-identidad.test.mjs	1	22421	22421	6174	0	0	0×1	
con-sonda	scrum816-la-lista-no-miente.test.mjs	1	22414	22414	135	0	0	0×1	
con-sonda	scrum600g-plantillas-en-el-documento-suelto.test.mjs	1	22395	22395	3474	0	0	0×1	Timeout×2
con-sonda	scrum689-pestanas-clientes-con-css.test.mjs	1	22344	22344	509	0	0	0×1	
con-sonda	scrum386-hojas-fuera.test.mjs	1	22312	22312	633	0	0	0×1	
con-sonda	scrum733-el-censo-no-se-encoge-en-silencio.test.mjs	1	22235	22235	301	0	0	0×1	
con-sonda	scrum564-afirmaciones-publicadas.test.mjs	1	22199	22199	512	0	0	0×1	
con-sonda	scrum1303-estado-dentro-del-where.test.mjs	1	22149	22149	466	0	0	0×1	
con-sonda	scrum1259-abierto-con-trabajo-en-main.test.mjs	1	22146	22146	250	0	0	0×1	
con-sonda	scrum195-lectura-serializacion.test.mjs	1	22139	22139	41	0	0	0×1	
con-sonda	scrum317-trabajo-por-su-nombre.test.mjs	1	22098	22098	68	0	0	0×1	
con-sonda	scrum853c-el-vigia-no-se-cree-un-error.test.mjs	1	22073	22073	12787	0	0	0×1	
con-sonda	scrum683b-cableado-dictado.test.mjs	1	22070	22070	574	0	0	0×1	FSReqPromise×1
con-sonda	scrum244-cobertura-portabilidad.test.mjs	1	22004	22004	146	0	0	0×1	FSReqPromise×1
con-sonda	scrum397-instante-de-cobro.test.mjs	1	21895	21895	3324	0	0	0×1	
con-sonda	scrum229-margen-en-pie.test.mjs	1	21888	21888	125	0	0	0×1	
con-sonda	scrum919-cola-al-volver-la-red.test.mjs	1	21882	21882	1373	0	0	0×1	Immediate×2
con-sonda	scrum771-el-emisor-no-valida-el-tipo.test.mjs	1	21856	21856	3154	0	0	0×1	
con-sonda	scrum1325-una-tilde-no-rompe-lo-que-entiende.test.mjs	1	21840	21840	140	0	0	0×1	
con-sonda	scrum593-cabecera-y-pie-del-documento.test.mjs	1	21826	21826	633	0	0	0×1	FSReqCallback×2
con-sonda	scrum1258-el-tipo-del-registro-es-el-de-la-huella.test.mjs	1	21729	21729	920	0	0	0×1	
con-sonda	scrum627b-censo-declara-reimplementaciones.test.mjs	1	21722	21722	3052	0	0	0×1	
con-sonda	scrum1007-1011-1026-relevo-lanzar-bloqueo.test.mjs	1	21718	21718	10055	0	0	0×1	
con-sonda	scrum461-censo-no-encoge.test.mjs	1	21641	21641	440	0	0	0×1	
con-sonda	scrum887c-caso-c-bloqueado.test.mjs	1	21630	21630	1087	0	0	0×1	FSReqPromise×1
con-sonda	scrum443-toast-legible.test.mjs	1	21629	21629	489	0	0	0×1	
con-sonda	scrum362-residuales.test.mjs	1	21569	21569	1357	0	0	0×1	Immediate×3
con-sonda	scrum451-plazo-de-red.test.mjs	1	21560	21560	5141	0	0	0×1	
con-sonda	scrum946-censo-de-huerfanos.test.mjs	1	21542	21542	1210	0	0	0×1	
con-sonda	scrum716c-la-memoria-del-vigia.test.mjs	1	21521	21521	1478	0	0	0×1	TCPServerWrap×1 ProcessWrap×1
con-sonda	scrum331-heroe.test.mjs	1	21514	21514	53	0	0	0×1	
con-sonda	scrum711-guards-sin-sitio.test.mjs	1	21415	21415	394	0	0	0×1	
con-sonda	scrum892-firma-vacia.test.mjs	1	21365	21365	885	0	0	0×1	
con-sonda	scrum1349-entorno-prestado-solo-baja.test.mjs	1	21351	21351	5258	0	0	0×1	
con-sonda	scrum337-aviso-atado-al-bloqueo.test.mjs	1	21345	21345	1880	0	0	0×1	
con-sonda	scrum195-loop-adicional.test.mjs	1	21286	21286	652	0	0	0×1	FSReqPromise×1
con-sonda	scrum350-modal-footer-envuelve.test.mjs	1	21279	21279	2616	0	0	0×1	
con-sonda	scrum1167-irreversible-gana-la-cascada.test.mjs	1	21274	21274	350	0	0	0×1	
con-sonda	scrum233-prosa-sin-url-insegura.test.mjs	1	21199	21199	644	0	0	0×1	
con-sonda	scrum666b-toda-clase-pintada-tiene-regla.test.mjs	1	21195	21195	1715	0	0	0×1	
con-sonda	scrum417-descargar-datos-carga.test.mjs	1	21191	21191	731	0	0	0×1	Immediate×1
con-sonda	scrum1333-una-factura-se-encola-una-vez.test.mjs	1	21176	21176	730	0	0	0×1	
con-sonda	scrum1075-aviso-resumen-trimestre.test.mjs	1	21150	21150	653	0	0	0×1	
con-sonda	scrum615-plazo-con-null.test.mjs	1	21083	21083	12900	0	0	0×1	FSReqPromise×1
con-sonda	scrum939b-trinquete-de-las-skills.test.mjs	1	21071	21071	155	0	0	0×1	
con-sonda	scrum418-credencial-de-produccion.test.mjs	1	21045	21045	53	0	0	0×1	
con-sonda	scrum702-suelo-misma-poblacion.test.mjs	1	21027	21027	6886	0	0	0×1	
con-sonda	scrum469-aviso-desalojo.test.mjs	1	20937	20937	1436	0	0	0×1	Immediate×2
con-sonda	scrum298-modo-visible.test.mjs	1	20922	20922	421	0	0	0×1	
con-sonda	scrum1324-nadie-vigila-el-silencio.test.mjs	1	20904	20904	1014	0	0	0×1	
con-sonda	scrum844e-el-libro-es-una-declaracion.test.mjs	1	20904	20904	51	0	0	0×1	
con-sonda	scrum427-composicion-detalle.test.mjs	1	20890	20890	839	0	0	0×1	
con-sonda	scrum884-importador-normaliza-telefono.test.mjs	1	20855	20855	179	0	0	0×1	FSReqPromise×1
con-sonda	scrum880-el-empate-del-sello.test.mjs	1	20815	20815	1832	0	0	0×1	FSReqPromise×1
con-sonda	scrum406-escribenos.test.mjs	1	20810	20810	606	0	0	0×1	
con-sonda	scrum405-microcopy-descarga.test.mjs	1	20806	20806	709	0	0	0×1	
con-sonda	scrum242-backup-verificado.test.mjs	1	20775	20775	485	0	0	0×1	
con-sonda	scrum1216b-numero-de-arranque.test.mjs	1	20759	20759	882	0	0	0×1	SimpleShutdownWrap×1 TCPServerWrap×1 TCPSocketWrap×1
con-sonda	scrum600d-el-envio-tras-emitir.test.mjs	1	20691	20691	1948	0	0	0×1	Timeout×16
con-sonda	scrum643-zona-del-merchant.test.mjs	1	20657	20657	3288	0	0	0×1	FSReqPromise×1
con-sonda	scrum1338-la-barra-del-operario-contra-los-gates.test.mjs	1	20641	20641	2219	0	0	0×1	
con-sonda	scrum1059-etiquetado-masivo.test.mjs	1	20573	20573	74	0	0	0×1	
con-sonda	scrum336-atribucion-sin-almacenamiento.test.mjs	1	20549	20549	1185	0	0	0×1	
con-sonda	scrum639-vocabulario-sale-de-la-puerta.test.mjs	1	20545	20545	45	0	0	0×1	
con-sonda	scrum561-citar-fuera-del-esquema.test.mjs	1	20544	20544	450	0	0	0×1	
con-sonda	scrum856-canje-una-sola-vez.test.mjs	1	20514	20514	39	0	0	0×1	
con-sonda	scrum217-failopen-entrada.test.mjs	1	20508	20508	169	0	0	0×1	
con-sonda	scrum839c-la-pasada-se-ejecuta.test.mjs	1	20496	20496	678	0	0	0×1	
con-sonda	scrum821-la-lista-que-decide-que-se-mira.test.mjs	1	20468	20468	49	0	0	0×1	
con-sonda	scrum421-registro-presupuesto.test.mjs	1	20436	20436	1140	0	0	0×1	
con-sonda	scrum379-recarga-sin-await.test.mjs	1	20339	20339	501	0	0	0×1	
con-sonda	scrum506-cobros-distingue-el-desconocido.test.mjs	1	20330	20330	515	0	0	0×1	FSReqPromise×1
con-sonda	scrum725-dato-inventado-en-la-descripcion.test.mjs	1	20304	20304	47	0	0	0×1	
con-sonda	scrum890-parte-vacio.test.mjs	1	20300	20300	134	0	0	0×1	
con-sonda	scrum949-el-suelo-como-cociente.test.mjs	1	20281	20281	1642	0	0	0×1	
con-sonda	scrum289-censo-origen-factura.test.mjs	1	20236	20236	2789	0	0	0×1	
con-sonda	scrum394-plan-mudo.test.mjs	1	20179	20179	506	0	0	0×1	FSReqPromise×1
con-sonda	scrum1107-retencion-garantia.test.mjs	1	20150	20150	37	0	0	0×1	
con-sonda	scrum274-shell-alineado.test.mjs	1	19995	19995	51	0	0	0×1	
con-sonda	scrum1355-borrador-no-es-deuda.test.mjs	1	19975	19975	369	0	0	0×1	FSReqPromise×1
con-sonda	scrum1313-ciego-no-es-verde-ni-rojo.test.mjs	1	19961	19961	562	0	0	0×1	
con-sonda	scrum1228b-permisos-no-reintentan.test.mjs	1	19935	19935	513	0	0	0×1	SimpleShutdownWrap×1 TCPServerWrap×11 TCPSocketWrap×1
con-sonda	scrum358-alta-idempotente.test.mjs	1	19919	19919	96	0	0	0×1	FSReqPromise×1
con-sonda	scrum1276-decision-no-reabre.test.mjs	1	19911	19911	1068	0	0	0×1	
con-sonda	scrum215-sin-destinatario.test.mjs	1	19902	19902	1248	0	0	0×1	
con-sonda	scrum480-fin-de-linea.test.mjs	1	19882	19882	3864	0	0	0×1	
con-sonda	scrum458-paquete-de-precarga.test.mjs	1	19870	19870	343	0	0	0×1	FSReqPromise×1
con-sonda	scrum244-supresion-y-anonimizado.test.mjs	1	19842	19842	617	0	0	0×1	
con-sonda	scrum292-nif-antes-de-emitir.test.mjs	1	19840	19840	600	0	0	0×1	
con-sonda	scrum887b-descuento-global.test.mjs	1	19826	19826	780	0	0	0×1	FSReqPromise×1
con-sonda	scrum290-endpoint-convertir.test.mjs	1	19770	19770	491	0	0	0×1	
con-sonda	tecnosel-precios-tras-firmar.test.mjs	1	19729	19729	63	0	0	0×1	
con-sonda	scrum168-zona-roja.test.mjs	1	19723	19723	46	0	0	0×1	
con-sonda	scrum1116-digest-garantia-retenida.test.mjs	1	19685	19685	449	0	0	0×1	FSReqPromise×1
con-sonda	scrum268-cesion.test.mjs	1	19680	19680	530	0	0	0×1	
con-sonda	scrumD1-puerta-serie.test.mjs	1	19669	19669	77	0	0	0×1	
con-sonda	scrum903-marcador-no-se-imprime.test.mjs	1	19655	19655	429	0	0	0×1	FSReqCallback×2
con-sonda	scrum1048-resumen-trimestre.test.mjs	1	19650	19650	28	0	0	0×1	
con-sonda	scrum365-permisos-tarifario.test.mjs	1	19636	19636	1269	0	0	0×1	FSReqPromise×1
con-sonda	scrum296-libro-registro.test.mjs	1	19573	19573	48	0	0	0×1	
con-sonda	scrum1191-tope-cola-firmas.test.mjs	1	19525	19525	694	0	0	0×1	Immediate×3
con-sonda	scrum893-solo-lo-que-puede-cobrar.test.mjs	1	19496	19496	608	0	0	0×1	TCPServerWrap×1 TCPSocketWrap×2 Immediate×1
con-sonda	scrum943-la-categoria-se-valida.test.mjs	1	19490	19490	252	0	0	0×1	
con-sonda	scrum762-el-pdf-emitido-se-rehace.test.mjs	1	19485	19485	1861	0	0	0×1	FSReqCallback×2
con-sonda	scrum1107b-rutas-garantia.test.mjs	1	19435	19435	377	0	0	0×1	SimpleShutdownWrap×1 TCPServerWrap×1 TCPSocketWrap×1
con-sonda	scrum1289b-reporters-como-argumentos.test.mjs	1	19400	19400	906	0	0	0×1	
con-sonda	scrum603b-descripcion-en-el-albaran.test.mjs	1	19380	19380	607	0	0	0×1	FSReqCallback×2
con-sonda	scrum308-bloqueo-rectify.test.mjs	1	19365	19365	528	0	0	0×1	FSReqPromise×1
con-sonda	scrum306-serie-albaranes.test.mjs	1	19364	19364	108	0	0	0×1	FSReqPromise×1
con-sonda	scrum728d-viajes-de-la-reserva.test.mjs	1	19329	19329	79	0	0	0×1	FSReqPromise×1
con-sonda	scrum432-plantillas-pestana.test.mjs	1	19325	19325	851	0	0	0×1	
con-sonda	scrum588-referencia-interna.test.mjs	1	19254	19254	63	0	0	0×1	
con-sonda	scrum757-la-declaracion-que-nadie-lee.test.mjs	1	19245	19245	5338	0	0	0×1	
con-sonda	scrum656b-clausulas-configuracion.test.mjs	1	19139	19139	393	0	0	0×1	
con-sonda	scrum525d-anclas-que-apuntan.test.mjs	1	19111	19111	445	0	0	0×1	
con-sonda	scrum477-avisos-con-constancia.test.mjs	1	19080	19080	2600	0	0	0×1	
con-sonda	scrum642-tramos-del-arranque.test.mjs	1	19050	19050	538	0	0	0×1	
con-sonda	scrum694b-el-filtro-que-no-ve-la-url.test.mjs	1	18986	18986	3462	0	0	0×1	
con-sonda	scrum704-el-cuerpo-llega.test.mjs	1	18976	18976	1634	0	0	0×1	
con-sonda	scrum727-constancia-del-vigia.test.mjs	1	18940	18940	562	0	0	0×1	
con-sonda	scrum441-metodo-declarado.test.mjs	1	18915	18915	51	0	0	0×1	
con-sonda	scrum1292-cobro-pagado-no-retrocede.test.mjs	1	18876	18876	374	0	0	0×1	
con-sonda	scrum690-contraste-segmented.test.mjs	1	18869	18869	332	0	0	0×1	
con-sonda	scrum1091-guard-cwd-posix.test.mjs	1	18837	18837	43	0	0	0×1	
con-sonda	scrum316-detalle-trabajo-b2.test.mjs	1	18824	18824	622	0	0	0×1	
con-sonda	scrum549-nada-publicable-sin-marcar.test.mjs	1	18824	18824	73	0	0	0×1	
con-sonda	scrum493-dos-instrumentos.test.mjs	1	18816	18816	11026	0	0	0×1	
con-sonda	scrum232-turno-contexto.test.mjs	1	18810	18810	57	0	0	0×1	
con-sonda	scrum1285-guardado-en-vuelo.test.mjs	1	18715	18715	943	0	0	0×1	Timeout×5
con-sonda	scrum348-tenencia-por-lectura.test.mjs	1	18678	18678	1476	0	0	0×1	
con-sonda	scrum1155-alta-rediseno.test.mjs	1	18644	18644	37	0	0	0×1	
con-sonda	scrum597-asignar-usuario-al-documento.test.mjs	1	18636	18636	814	0	0	0×1	SimpleShutdownWrap×1 TCPServerWrap×1 TCPSocketWrap×1
con-sonda	scrum1063b-303-soportado-resultado.test.mjs	1	18634	18634	40	0	0	0×1	
con-sonda	scrum623-desglose-por-tipo.test.mjs	1	18615	18615	882	0	0	0×1	FSReqCallback×2
con-sonda	scrum714-cada-numero-con-su-unidad.test.mjs	1	18596	18596	297	0	0	0×1	
con-sonda	scrum244-colgados-de-otro-modelo.test.mjs	1	18595	18595	93	0	0	0×1	
con-sonda	scrum399-hambre-del-lote.test.mjs	1	18541	18541	724	0	0	0×1	FSReqPromise×1
con-sonda	scrum497-dato-personal-no-sobrevive.test.mjs	1	18540	18540	148	0	0	0×1	FSReqPromise×1
con-sonda	scrum740-carrera-por-el-arbol.test.mjs	1	18529	18529	3195	0	0	0×1	
con-sonda	scrum662-lista-de-scripts.test.mjs	1	18509	18509	386	0	0	0×1	
con-sonda	scrum361-version-al-firmar.test.mjs	1	18475	18475	755	0	0	0×1	
con-sonda	scrum697-un-solo-render.test.mjs	1	18466	18466	1578	0	0	0×1	
con-sonda	scrum1301-bizum-hoy-de-madrugada.test.mjs	1	18442	18442	362	0	0	0×1	
con-sonda	emission.test.mjs	1	18440	18440	111	0	0	0×1	FSReqPromise×1
con-sonda	scrum710b-anclaje-por-identidad.test.mjs	1	18437	18437	24494	0	0	0×1	
con-sonda	scrum734-una-sola-carga.test.mjs	1	18401	18401	584	0	0	0×1	
con-sonda	scrum503-desconocido-no-es-error.test.mjs	1	18355	18355	517	0	0	0×1	FSReqPromise×1
con-sonda	scrum1232-libro-sin-justificantes.test.mjs	1	18329	18329	166	0	0	0×1	
con-sonda	scrum616-que-guarda-la-factura.test.mjs	1	18308	18308	43	0	0	0×1	
con-sonda	scrum346-justificante-suelto.test.mjs	1	18251	18251	453	0	0	0×1	FSReqPromise×1
con-sonda	scrum1320-hallazgo-y-ciego-no-son-excluyentes.test.mjs	1	18235	18235	674	0	0	0×1	
con-sonda	scrum716-vigia-no-dice-al-dia-sin-mirar.test.mjs	1	18215	18215	35	0	0	0×1	
con-sonda	scrum848b-el-fixture-llega-a-la-pantalla.test.mjs	1	18181	18181	898	0	0	0×1	
con-sonda	scrum809-paywall-tras-cancelar.test.mjs	1	18171	18171	10863	0	0	0×1	TCPServerWrap×1
con-sonda	scrum209-desglose-conforme.test.mjs	1	18165	18165	928	0	0	0×1	
con-sonda	scrum712-decimales-de-precio.test.mjs	1	18111	18111	656	0	0	0×1	
con-sonda	scrum330-contador-solo-activas.test.mjs	1	18109	18109	83	0	0	0×1	FSReqPromise×1
con-sonda	scrum755-el-contador-que-cuadro-solo.test.mjs	1	18106	18106	2277	0	0	0×1	
con-sonda	scrum1398-la-sonda-de-colision.test.mjs	1	18047	18047	1252	0	0	0×1	
con-sonda	scrum1047-beneficio-sobre-la-base.test.mjs	1	18019	18019	30	0	0	0×1	
con-sonda	scrum318-rail-contenido.test.mjs	1	18016	18016	644	0	0	0×1	
con-sonda	scrum381-semilla.test.mjs	1	17961	17961	3332	0	0	0×1	
con-sonda	scrum360-entorno-guardado.test.mjs	1	17926	17926	200	0	0	0×1	FSReqPromise×1
con-sonda	scrum577-nombre-para-documento.test.mjs	1	17914	17914	428	0	0	0×1	
con-sonda	scrum781-concurrencia-de-la-factura.test.mjs	1	17911	17911	448	0	0	0×1	
con-sonda	scrum258-nota-por-sesion.test.mjs	1	17907	17907	5442	0	0	0×1	
con-sonda	scrum1200-sin-respuesta.test.mjs	1	17886	17886	597	0	0	0×1	
con-sonda	scrum368-anillo-foco-primario.test.mjs	1	17856	17856	243	0	0	0×1	
con-sonda	scrum574-mismo-cliente-tras-migracion.test.mjs	1	17852	17852	299	0	0	0×1	
con-sonda	scrum1296-emitir-encola.test.mjs	1	17808	17808	105	0	0	0×1	
con-sonda	scrum723-guard-contra-su-base.test.mjs	1	17782	17782	9475	0	0	0×1	
con-sonda	scrum665a-congelar-el-emisor.test.mjs	1	17781	17781	951	0	0	0×1	FSReqCallback×2
con-sonda	scrum867-el-modal-muerto.test.mjs	1	17741	17741	4929	0	0	0×1	
con-sonda	scrum741-la-entrada-no-la-linea.test.mjs	1	17736	17736	462	0	0	0×1	
con-sonda	scrum428-terminado-sin-cobrar.test.mjs	1	17734	17734	49	0	0	0×1	
con-sonda	scrum719-el-suelo-de-los-doce.test.mjs	1	17715	17715	415	0	0	0×1	
con-sonda	scrum654-dictado-sin-conexion.test.mjs	1	17689	17689	49	0	0	0×1	
con-sonda	scrum895b-literales-firmados.test.mjs	1	17684	17684	965	0	0	0×1	FSReqPromise×1
con-sonda	scrum1222-sesion-panel.test.mjs	1	17680	17680	198	0	0	0×1	
con-sonda	scrum750-los-dos-calendarios.test.mjs	1	17672	17672	9518	0	0	0×1	
con-sonda	scrum746b-guarda-en-la-conexion.test.mjs	1	17615	17615	50	0	0	0×1	
con-sonda	scrum270-evidencia-reunida.test.mjs	1	17604	17604	38	0	0	0×1	
con-sonda	scrum302-duplicar.test.mjs	1	17585	17585	487	0	0	0×1	FSReqPromise×1
con-sonda	scrum731-el-descuento-explicado.test.mjs	1	17555	17555	640	0	0	0×1	FSReqCallback×2
con-sonda	scrum1103-retencion-practicada-en-gastos.test.mjs	1	17555	17555	774	0	0	0×1	
con-sonda	scrum444-avisos-no-se-pisan.test.mjs	1	17540	17540	688	0	0	0×1	Timeout×13
con-sonda	scrum659-lector-de-lineas-del-pdf.test.mjs	1	17521	17521	366	0	0	0×1	FSReqCallback×2
con-sonda	scrum610-precio-final-del-catalogo.test.mjs	1	17520	17520	40	0	0	0×1	
con-sonda	scrum361-version-al-editar.test.mjs	1	17516	17516	436	0	0	0×1	
con-sonda	scrum1296-procesador-cola.test.mjs	1	17500	17500	84	0	0	0×1	FSReqPromise×1
con-sonda	scrum778-la-lista-cableada.test.mjs	1	17462	17462	3418	0	0	0×1	
con-sonda	scrum445-cobros-duplicados.test.mjs	1	17459	17459	78	0	0	0×1	FSReqPromise×1
con-sonda	scrum293-retencion-irpf.test.mjs	1	17440	17440	74	0	0	0×1	
con-sonda	scrum641-nombre-cogido-sin-500.test.mjs	1	17425	17425	559	0	0	0×1	
con-sonda	scrum709-microcopy-por-fichero.test.mjs	1	17367	17367	2031	0	0	0×1	
con-sonda	scrum743-tercera-forma.test.mjs	1	17350	17350	608	0	0	0×1	
con-sonda	scrum230-qr-pagina.test.mjs	1	17345	17345	43	0	0	0×1	
con-sonda	scrum861-firma-por-delegacion.test.mjs	1	17306	17306	257	0	0	0×1	
con-sonda	scrum844d-quien-entra-en-la-cadena.test.mjs	1	17255	17255	83	0	0	0×1	FSReqPromise×1
con-sonda	scrum758-cabecera-no-miente.test.mjs	1	17189	17189	487	0	0	0×1	
con-sonda	scrum244-menu-portabilidad.test.mjs	1	17178	17178	451	0	0	0×1	
con-sonda	scrum284-censo-configuracion.test.mjs	1	17176	17176	442	0	0	0×1	
con-sonda	scrum1042-ajuste-foto-tecnico.test.mjs	1	17104	17104	38	0	0	0×1	
con-sonda	scrum1360-caja-albaran-firma-de-parte.test.mjs	1	17007	17007	600	0	0	0×1	Immediate×2
con-sonda	scrum70-consolidacion-cliente.test.mjs	1	16984	16984	332	0	0	0×1	FSReqPromise×1
con-sonda	scrum677b-el-vigia-esta-cableado.test.mjs	1	16960	16960	35	0	0	0×1	
con-sonda	scrum409-fixtures-sin-merchant-demo.test.mjs	1	16957	16957	5899	0	0	0×1	
con-sonda	merchant-fixture.test.mjs	1	16945	16945	375	0	0	0×1	
con-sonda	scrum831-albaranes-con-acciones.test.mjs	1	16904	16904	98	0	0	0×1	
con-sonda	scrum360-entorno-instalada.test.mjs	1	16901	16901	753	0	0	0×1	
con-sonda	scrum619-vocabulario-de-linea.test.mjs	1	16887	16887	2062	0	0	0×1	
con-sonda	scrum783-seleccion-sobrevive-navegacion.test.mjs	1	16868	16868	2269	0	0	0×1	
con-sonda	scrum557-alcance-por-identidad.test.mjs	1	16810	16810	450	0	0	0×1	
con-sonda	scrum760-iva-de-voz-rechazado.test.mjs	1	16772	16772	1882	0	0	0×1	Timeout×2
con-sonda	scrum385-preview-fiable.test.mjs	1	16736	16736	4114	0	0	0×1	
con-sonda	scrum162-conceptos-frecuentes.test.mjs	1	16734	16734	58	0	0	0×1	
con-sonda	scrum1105-semilla-destino-por-bandera.test.mjs	1	16721	16721	595	0	0	0×1	
con-sonda	scrum311-cantidad-inventada-derivada.test.mjs	1	16700	16700	1080	0	0	0×1	
con-sonda	scrum464-precarga-del-tecnico.test.mjs	1	16699	16699	100	0	0	0×1	FSReqPromise×1
con-sonda	scrum1133-whatsapp-del-cliente.test.mjs	1	16691	16691	925	0	0	0×1	
con-sonda	scrum384-min-height-locales.test.mjs	1	16690	16690	414	0	0	0×1	
con-sonda	scrum1108-aviso-garantia-retenida.test.mjs	1	16665	16665	428	0	0	0×1	FSReqPromise×1
con-sonda	scrum195-url-bd-sin-fuga.test.mjs	1	16661	16661	1477	0	0	0×1	
con-sonda	scrum363-eje-de-cobro.test.mjs	1	16639	16639	81	0	0	0×1	FSReqPromise×1
con-sonda	scrum818-la-cabecera-no-miente.test.mjs	1	16630	16630	432	0	0	0×1	
con-sonda	scrum245-llamador-declara-merchant.test.mjs	1	16626	16626	2122	0	0	0×1	
con-sonda	scrum827-el-trinquete-mira-el-valor.test.mjs	1	16611	16611	1839	0	0	0×1	
con-sonda	scrum632-la-descripcion-de-la-linea.test.mjs	1	16607	16607	608	0	0	0×1	FSReqCallback×2
con-sonda	scrum419-ci-declara-lo-que-no-corre.test.mjs	1	16604	16604	12699	0	0	0×1	
con-sonda	scrum1299-respaldo-smtp-deja-fila.test.mjs	1	16572	16572	220	0	0	0×1	
con-sonda	scrum118-db-guard-pertenencia.test.mjs	1	16571	16571	33	0	0	0×1	
con-sonda	scrum519-un-solo-criterio-de-cobro.test.mjs	1	16565	16565	476	0	0	0×1	
con-sonda	scrum530-la-alerta-que-no-puede-pronunciarse.test.mjs	1	16562	16562	720	0	0	0×1	
con-sonda	scrum929-el-total-del-borrador.test.mjs	1	16561	16561	167	0	0	0×1	FSReqPromise×1
con-sonda	scrum86-csv-formato.test.mjs	1	16539	16539	58	0	0	0×1	FSReqPromise×1
con-sonda	scrum889-anadir-linea-del-parte.test.mjs	1	16511	16511	619	0	0	0×1	
con-sonda	scrum1284-minutos-actions.test.mjs	1	16510	16510	43	0	0	0×1	
con-sonda	scrum466-el-firmante-ve-el-albaran.test.mjs	1	16496	16496	546	0	0	0×1	
con-sonda	scrum448-cobros-estado-de-carga.test.mjs	1	16470	16470	1084	0	0	0×1	Timeout×1
con-sonda	scrum608-tipo-de-documento-en-la-cabecera.test.mjs	1	16462	16462	1011	0	0	0×1	FSReqCallback×2
con-sonda	scrum527-la-unica-que-eran-siete.test.mjs	1	16461	16461	469	0	0	0×1	
con-sonda	scrum862-el-fallo-entra-en-el-denominador.test.mjs	1	16460	16460	31	0	0	0×1	
con-sonda	scrum1008-ficha-articulo.test.mjs	1	16410	16410	263	0	0	0×1	FSReqPromise×1
con-sonda	scrum300-albaran-campos.test.mjs	1	16330	16330	854	0	0	0×1	FSReqCallback×2
con-sonda	scrum845-la-lista-pregunta-lo-que-el-servidor-contesta.test.mjs	1	16324	16324	92	0	0	0×1	FSReqPromise×1
con-sonda	scrum257-albaran-desde-presupuesto.test.mjs	1	16311	16311	487	0	0	0×1	FSReqPromise×1
con-sonda	scrum308-caracterizacion-rectify.test.mjs	1	16301	16301	416	0	0	0×1	FSReqPromise×1
con-sonda	scrum1000-vigia-sesiones-jv.test.mjs	1	16300	16300	42	0	0	0×1	
con-sonda	scrum785-productos-y-proveedores-descuelgan.test.mjs	1	16297	16297	1205	0	0	0×1	
con-sonda	scrum362-banco-sin-cobertura.test.mjs	1	16296	16296	872	0	0	0×1	Timeout×3
con-sonda	scrum424-donde-tiene-dato.test.mjs	1	16266	16266	393	0	0	0×1	FSReqPromise×1
con-sonda	scrum744-el-guard-mira-la-accion.test.mjs	1	16261	16261	56	0	0	0×1	
con-sonda	scrum1285d-plan-de-cobro-version-pantalla.test.mjs	1	16252	16252	951	0	0	0×1	
con-sonda	scrum611-tipo-iva-elegible.test.mjs	1	16251	16251	542	0	0	0×1	
con-sonda	scrum265-margen-en-recibo.test.mjs	1	16245	16245	229	0	0	0×1	
con-sonda	scrum627-censo-ciego.test.mjs	1	16232	16232	3072	0	0	0×1	
con-sonda	scrum738-el-tablero-contra-el-arbol.test.mjs	1	16222	16222	1022	0	0	0×1	
con-sonda	scrum966-censo-ve-las-ramas.test.mjs	1	16217	16217	449	0	0	0×1	
con-sonda	scrum249-latido-turno.test.mjs	1	16210	16210	55	0	0	0×1	
con-sonda	scrum1270-pr-mudo-avisado-en-el-pr.test.mjs	1	16201	16201	76	0	0	0×1	
con-sonda	scrum1175-horas-del-parte.test.mjs	1	16180	16180	53	0	0	0×1	
con-sonda	scrum71c-voz-albaran-ui.test.mjs	1	16179	16179	66	0	0	0×1	
con-sonda	scrum849-escritura-no-afloja.test.mjs	1	16177	16177	1974	0	0	0×1	FSReqPromise×1
con-sonda	scrum635-el-csv-sin-iva-y-con-coste.test.mjs	1	16176	16176	54	0	0	0×1	
con-sonda	scrum666-banco-lee-css.test.mjs	1	16170	16170	337	0	0	0×1	
con-sonda	scrum756-el-rechazo-se-ve.test.mjs	1	16167	16167	1725	0	0	0×1	
con-sonda	scrum203-embudo-factura.test.mjs	1	16136	16136	3180	0	0	0×1	
con-sonda	scrum634-banco-atributo-no-copiado.test.mjs	1	16110	16110	390	0	0	0×1	
con-sonda	scrum511-exencion-por-mencion.test.mjs	1	16108	16108	7458	0	0	0×1	
con-sonda	scrum1003-1004-vcard-como-llegar.test.mjs	1	16097	16097	746	0	0	0×1	
con-sonda	scrum603-descripcion-en-el-pdf.test.mjs	1	16091	16091	519	0	0	0×1	FSReqCallback×2
con-sonda	scrum173-cadena-verifactu-serializada.test.mjs	1	16083	16083	90	0	0	0×1	
con-sonda	scrum707-estado-no-contemplado.test.mjs	1	16076	16076	60	0	0	0×1	
con-sonda	scrum402-marcador-no-se-pinta.test.mjs	1	15998	15998	1661	0	0	0×1	
con-sonda	scrum1213-quoteadmin-tenencia-fail-closed.test.mjs	1	15986	15986	80	0	0	0×1	FSReqPromise×1
con-sonda	scrum1093-bulk-paid-hoy-de-madrugada.test.mjs	1	15977	15977	376	0	0	0×1	FSReqPromise×1
con-sonda	scrum284-dos-poblaciones.test.mjs	1	15946	15946	467	0	0	0×1	
con-sonda	scrum915d-pasos-del-editor.test.mjs	1	15942	15942	855	0	0	0×1	Timeout×1
con-sonda	scrum1164-ocultar-en-receipt-inicio-planes.test.mjs	1	15937	15937	1040	0	0	0×1	
con-sonda	scrum857-union-de-vias.test.mjs	1	15932	15932	153	0	0	0×1	
con-sonda	scrum629-telefono-que-no-se-destruye.test.mjs	1	15922	15922	172	0	0	0×1	
con-sonda	scrum736-el-suelo-que-no-avisa.test.mjs	1	15893	15893	7689	0	0	0×1	
con-sonda	scrum370-gastos-del-trabajo.test.mjs	1	15885	15885	49	0	0	0×1	
con-sonda	scrum1189b-tipo-contra-la-ruta-real.test.mjs	1	15872	15872	656	0	0	0×1	
con-sonda	scrum841-el-escritor-del-albaran.test.mjs	1	15803	15803	1449	0	0	0×1	FSReqPromise×1
con-sonda	scrum973-titulo-del-pr.test.mjs	1	15802	15802	201	0	0	0×1	
con-sonda	scrum728d-ms-en-loopback.test.mjs	1	15786	15786	1908	0	0	0×1	
con-sonda	scrum986-chip-whatsapp-en-la-lista.test.mjs	1	15776	15776	765	0	0	0×1	FSReqPromise×1
con-sonda	scrum647-presupuesto-tambien-neutral.test.mjs	1	15762	15762	882	0	0	0×1	FSReqCallback×2
con-sonda	scrum684-albaran-en-averia.test.mjs	1	15731	15731	45	0	0	0×1	
con-sonda	scrum441-selector-metodo.test.mjs	1	15730	15730	51	0	0	0×1	
con-sonda	billingPlan.test.mjs	1	15730	15730	54	0	0	0×1	
con-sonda	scrum145-verifactu-xsd.test.mjs	1	15726	15726	140	0	0	0×1	FSReqPromise×1
con-sonda	scrum445-cobros-sin-duplicar.test.mjs	1	15706	15706	97	0	0	0×1	FSReqPromise×1
con-sonda	scrum313-continuidad-numeracion.test.mjs	1	15660	15660	126	0	0	0×1	FSReqPromise×1
con-sonda	scrum1291-fusion-mueve-direcciones-de-obra.test.mjs	1	15636	15636	475	0	0	0×1	FSReqPromise×1
con-sonda	scrum604b-desglose-presupuesto.test.mjs	1	15631	15631	827	0	0	0×1	FSReqCallback×2
con-sonda	scrum1186-textos-al-duplicar-y-borrador.test.mjs	1	15618	15618	1521	0	0	0×1	Timeout×1
con-sonda	scrum226-url-credencial-en-argv.test.mjs	1	15617	15617	5557	0	0	0×1	
con-sonda	scrum951d-ensayo-instalacion.test.mjs	1	15615	15615	42	0	0	0×1	
con-sonda	scrum71-voz-albaran.test.mjs	1	15614	15614	127	0	0	0×1	FSReqPromise×1
con-sonda	scrum207-misma-tx.test.mjs	1	15611	15611	1024	0	0	0×1	
con-sonda	scrum769-el-motivo-de-las-dos-que-no.test.mjs	1	15572	15572	881	0	0	0×1	
con-sonda	scrum983-la-ficha-360-carga-lo-que-edita.test.mjs	1	15558	15558	1282	0	0	0×1	
con-sonda	scrum681-esperar-la-condicion.test.mjs	1	15536	15536	58	0	0	0×1	
con-sonda	scrum864-el-temporal-que-se-borra.test.mjs	1	15531	15531	96	0	0	0×1	
con-sonda	scrum548-peaje-package-json.test.mjs	1	15530	15530	59	0	0	0×1	
con-sonda	scrum351-diagnostico-dependencias.test.mjs	1	15516	15516	75	0	0	0×1	
con-sonda	scrum694-los-guards-migrados.test.mjs	1	15483	15483	5096	0	0	0×1	
con-sonda	scrum415-version-del-sello.test.mjs	1	15461	15461	52	0	0	0×1	
con-sonda	scrum907-cobrado-de-mas.test.mjs	1	15457	15457	490	0	0	0×1	
con-sonda	scrum403-beneficio-sin-iva.test.mjs	1	15416	15416	531	0	0	0×1	
con-sonda	scrum1257-vacio-facturas-segun-modo.test.mjs	1	15411	15411	747	0	0	0×1	
con-sonda	scrum837-decisiones-encerradas.test.mjs	1	15392	15392	8513	0	0	0×1	
con-sonda	scrum398-vocabulario-de-cobro.test.mjs	1	15385	15385	506	0	0	0×1	
con-sonda	scrum460-precarga-al-movil.test.mjs	1	15341	15341	706	0	0	0×1	
con-sonda	scrum1371-reintentar-no-vuelve-a-crear.test.mjs	1	15338	15338	622	0	0	0×1	Timeout×2
con-sonda	scrum590b-el-campo-en-la-pantalla.test.mjs	1	15277	15277	1019	0	0	0×1	
con-sonda	scrum801-el-respaldo-de-la-n.test.mjs	1	15263	15263	2691	0	0	0×1	
con-sonda	scrum655c-pantalla-revisiones.test.mjs	1	15246	15246	426	0	0	0×1	
con-sonda	scrum742-internos-de-prisma.test.mjs	1	15223	15223	7672	0	0	0×1	
con-sonda	scrum1302f-envio-sin-telefono.test.mjs	1	15223	15223	1206	0	0	0×1	
con-sonda	scrum575-nif-espanol.test.mjs	1	15220	15220	41	0	0	0×1	
con-sonda	scrum293-cero-literales-retencion.test.mjs	1	15173	15173	1375	0	0	0×1	
con-sonda	scrum440-tenencia-supresion.test.mjs	1	15138	15138	2051	0	0	0×1	FSReqPromise×1
con-sonda	scrum815-el-modelo-apunta-a-la-tabla.test.mjs	1	15136	15136	61	0	0	0×1	FSReqPromise×1
con-sonda	scrum378-carga-por-pagina.test.mjs	1	15128	15128	5965	0	0	0×1	
con-sonda	scrum748-no-lo-se-no-es-al-dia.test.mjs	1	15127	15127	1075	0	0	0×1	
con-sonda	scrum315-checklist-hasta-el-cobro.test.mjs	1	14964	14964	41	0	0	0×1	
con-sonda	scrum228-desglose-empleado-suma.test.mjs	1	14916	14916	530	0	0	0×1	
con-sonda	scrum293-tres-estados-retencion.test.mjs	1	14871	14871	42	0	0	0×1	
con-sonda	scrum904-completar-lleva-al-campo.test.mjs	1	14862	14862	59	0	0	0×1	
con-sonda	scrum908c-la-cola-que-se-pierde.test.mjs	1	14842	14842	4313	0	0	0×1	ProcessWrap×1
con-sonda	scrum349-copy-no-comentarios.test.mjs	1	14832	14832	1033	0	0	0×1	
con-sonda	scrum1164-ocultar-en-receipt-ficha-trabajo.test.mjs	1	14827	14827	1177	0	0	0×1	
con-sonda	scrum382-foto-duplicada.test.mjs	1	14820	14820	35	0	0	0×1	
con-sonda	scrum777-el-modal-escondido-no-mata-la-n.test.mjs	1	14813	14813	1652	0	0	0×1	
con-sonda	scrum302-patron-albaran.test.mjs	1	14795	14795	48	0	0	0×1	
con-sonda	scrum609b-switch-tipo-articulo.test.mjs	1	14781	14781	379	0	0	0×1	
con-sonda	scrum792-barra-alcanzable-en-movil.test.mjs	1	14768	14768	616	0	0	0×1	
con-sonda	scrum776-una-sola-voz.test.mjs	1	14766	14766	196	0	0	0×1	
con-sonda	scrum271-cantidad-sin-inventar.test.mjs	1	14750	14750	33	0	0	0×1	
con-sonda	scrum367-quote-line-index.test.mjs	1	14740	14740	368	0	0	0×1	FSReqPromise×1
con-sonda	scrum960-nif-del-proveedor.test.mjs	1	14735	14735	249	0	0	0×1	
con-sonda	scrum554-el-censo-no-confunde-el-numero.test.mjs	1	14713	14713	1084	0	0	0×1	
con-sonda	scrum328-aviso-bizum-sin-telefono.test.mjs	1	14696	14696	75	0	0	0×1	
con-sonda	scrum832-atras-vuelve-a-la-lista.test.mjs	1	14691	14691	521	0	0	0×1	
con-sonda	scrum1175c-datos-del-parte-plegados.test.mjs	1	14677	14677	728	0	0	0×1	
con-sonda	scrum1070-vivas-relevo.test.mjs	1	14671	14671	30	0	0	0×1	
con-sonda	scrum266-ttl-desatado.test.mjs	1	14671	14671	975	0	0	0×1	
con-sonda	scrum694c-el-corte-a-pelo.test.mjs	1	14667	14667	535	0	0	0×1	
con-sonda	scrum570-cr-en-disco.test.mjs	1	14645	14645	36	0	0	0×1	
con-sonda	scrum265-timeouts-tanda.test.mjs	1	14635	14635	469	0	0	0×1	
con-sonda	scrum854-todo-merge-deja-entrada.test.mjs	1	14618	14618	160	0	0	0×1	
con-sonda	scrum650-asignacion-a-varios.test.mjs	1	14611	14611	73	0	0	0×1	
con-sonda	scrum860-trinquete-del-select.test.mjs	1	14599	14599	5832	0	0	0×1	
con-sonda	scrum625-formato-importe-pdf.test.mjs	1	14597	14597	765	0	0	0×1	FSReqCallback×2
con-sonda	scrum37-plan-front-vs-back.test.mjs	1	14595	14595	44	0	0	0×1	
con-sonda	scrum804b-el-barrido-de-la-42.test.mjs	1	14590	14590	11676	0	0	0×1	
con-sonda	scrum297-paquete-piezas.test.mjs	1	14575	14575	402	0	0	0×1	
con-sonda	scrum412-primaria-nunca-es-sm.test.mjs	1	14542	14542	252	0	0	0×1	
con-sonda	scrum708-el-fichero-que-no-corre.test.mjs	1	14539	14539	5291	0	0	0×1	
con-sonda	scrum786-irreversibles-44px.test.mjs	1	14523	14523	608	0	0	0×1	
con-sonda	scrum643-huso-del-sello-fiscal.test.mjs	1	14497	14497	542	0	0	0×1	FSReqPromise×1
con-sonda	scrum505-dato-personal-en-contenido.test.mjs	1	14497	14497	38	0	0	0×1	
con-sonda	scrum888c-descuentos-en-lineas.test.mjs	1	14487	14487	130	0	0	0×1	
con-sonda	scrum850-la-poblacion-del-instrumento.test.mjs	1	14482	14482	2155	0	0	0×1	
con-sonda	scrum815-referido-una-sola-vez.test.mjs	1	14482	14482	49	0	0	0×1	
con-sonda	scrum1382-borrador-no-es-fallo-real.test.mjs	1	14478	14478	121	0	0	0×1	
con-sonda	scrum259-diagnostico-ausencia.test.mjs	1	14444	14444	31	0	0	0×1	
con-sonda	scrum793-la-carrera-del-token.test.mjs	1	14421	14421	39	0	0	0×1	
con-sonda	scrum474-filtro-cobros-un-cubo.test.mjs	1	14397	14397	722	0	0	0×1	FSReqPromise×1
con-sonda	scrum210-semaforo-payload.test.mjs	1	14355	14355	47	0	0	0×1	
con-sonda	scrum686-cabecera-y-pie-viajan.test.mjs	1	14332	14332	43	0	0	0×1	
con-sonda	scrum589-nombre-por-documento.test.mjs	1	14330	14330	170	0	0	0×1	
con-sonda	scrum1365-cobrar-resto-solo-aceptados.test.mjs	1	14328	14328	543	0	0	0×1	
con-sonda	scrum1193-mas-acciones-44.test.mjs	1	14317	14317	402	0	0	0×1	
con-sonda	scrum521-resolvedor-de-importadores.test.mjs	1	14299	14299	1866	0	0	0×1	
con-sonda	scrum1296-esquema-cola.test.mjs	1	14297	14297	468	0	0	0×1	
con-sonda	scrum83-render-paralelo.test.mjs	1	14231	14231	197	0	0	0×1	
con-sonda	scrum413-tipo-factura-cerrado.test.mjs	1	14228	14228	1963	0	0	0×1	FSReqPromise×1
con-sonda	scrum918-arranque-sin-red.test.mjs	1	14210	14210	46	0	0	0×1	
con-sonda	scrum768-listas-sin-atajo.test.mjs	1	14203	14203	8790	0	0	0×1	
con-sonda	scrum294b-devengo-por-cobro.test.mjs	1	14202	14202	70	0	0	0×1	
con-sonda	scrum692-un-formulario-no-borra-lo-que-no-muestra.test.mjs	1	14153	14153	771	0	0	0×1	
con-sonda	scrum728-serie-ocupada-postgres.test.mjs	1	14146	14146	15001	0	0	0×1	
con-sonda	scrum624c-total-canonico.test.mjs	1	14128	14128	730	0	0	0×1	FSReqPromise×1
con-sonda	scrum3-bizum-auto.test.mjs	1	14124	14124	32	0	0	0×1	
con-sonda	scrum815-idempotencia-del-webhook.test.mjs	1	14118	14118	1323	0	0	0×1	FSReqPromise×1
con-sonda	scrum979-ultima-visita.test.mjs	1	14112	14112	594	0	0	0×1	
con-sonda	scrum475-un-solo-emisor.test.mjs	1	14107	14107	494	0	0	0×1	
con-sonda	scrum1331-sin-red-se-dice.test.mjs	1	14093	14093	1194	0	0	0×1	
con-sonda	scrum593c-todas-las-puertas-del-documento.test.mjs	1	14047	14047	502	0	0	0×1	
con-sonda	scrum746-barrera-y-punto-de-conexion.test.mjs	1	14037	14037	126	0	0	0×1	
con-sonda	scrum858b-la-tanda-sin-veredicto.test.mjs	1	14034	14034	8940	0	0	0×1	
con-sonda	scrum294a-recargo-en-cliente.test.mjs	1	14031	14031	62	0	0	0×1	
con-sonda	scrum170-facturacion-parcial.test.mjs	1	14012	14012	99	0	0	0×1	
con-sonda	scrum153d-ui-anular.test.mjs	1	13995	13995	57	0	0	0×1	
con-sonda	scrum1239-alta-cliente-sin-conexion.test.mjs	1	13983	13983	1185	0	0	0×1	
con-sonda	scrum1214-clasificador-apretado.test.mjs	1	13977	13977	38	0	0	0×1	
con-sonda	scrum502-pasarela-no-resucita-anulada.test.mjs	1	13942	13942	91	0	0	0×1	FSReqPromise×1
con-sonda	scrum1287-descripcion-no-se-corta.test.mjs	1	13933	13933	852	0	0	0×1	
con-sonda	scrum877-la-novena-a-pelo.test.mjs	1	13929	13929	2068	0	0	0×1	
con-sonda	scrum705-procedimiento-unico.test.mjs	1	13918	13918	431	0	0	0×1	
con-sonda	scrum726-quien-firma-la-microcopy.test.mjs	1	13918	13918	211	0	0	0×1	
con-sonda	scrum711b-escritorio-36.test.mjs	1	13916	13916	354	0	0	0×1	
con-sonda	scrum1380-suelo-corrio-y-no-reporto.test.mjs	1	13912	13912	32	0	0	0×1	
con-sonda	scrum472-seed-no-fabrica-firmas.test.mjs	1	13868	13868	4057	0	0	0×1	
con-sonda	scrum263-sin-lineas-409.test.mjs	1	13863	13863	578	0	0	0×1	
con-sonda	scrum728b-aviso-legible.test.mjs	1	13838	13838	789	0	0	0×1	
con-sonda	scrum1223-motivos-de-rechazo.test.mjs	1	13825	13825	30	0	0	0×1	
con-sonda	scrum183-consola-e2e.test.mjs	1	13805	13805	37	0	0	0×1	
con-sonda	scrum244-puerta-portabilidad.test.mjs	1	13721	13721	455	0	0	0×1	FSReqPromise×1
con-sonda	scrum624-cuantos-sitios-calculan-dinero.test.mjs	1	13712	13712	1540	0	0	0×1	
con-sonda	scrum433-dispatch-sin-camino.test.mjs	1	13712	13712	677	0	0	0×1	
con-sonda	scrum1169-linea-tiempo-modo-recibo.test.mjs	1	13703	13703	755	0	0	0×1	
con-sonda	scrum1170-seccion-facturas-modo-recibo.test.mjs	1	13703	13703	747	0	0	0×1	
con-sonda	scrum637-un-numero-una-regla.test.mjs	1	13668	13668	223	0	0	0×1	
con-sonda	scrum705-cadena-tecnosel.test.mjs	1	13663	13663	1208	0	0	0×1	
con-sonda	scrum807-esquemas-del-href.test.mjs	1	13602	13602	385	0	0	0×1	
con-sonda	scrum274-huella-estaticos.test.mjs	1	13571	13571	114	0	0	0×1	
con-sonda	scrum297-lector-paquete-v2.test.mjs	1	13567	13567	311	0	0	0×1	FSReqPromise×1
con-sonda	billingPlanView.test.mjs	1	13542	13542	54	0	0	0×1	
con-sonda	scrum1166-detalle-quote-tiene-numero.test.mjs	1	13527	13527	95	0	0	0×1	FSReqPromise×1
con-sonda	scrum910-la-transferencia-que-no-mira.test.mjs	1	13519	13519	486	0	0	0×1	TCPServerWrap×1 TCPSocketWrap×2 Immediate×1
con-sonda	scrum37-editar-tramos.test.mjs	1	13511	13511	35	0	0	0×1	
con-sonda	scrum453-precache-con-huella.test.mjs	1	13497	13497	31	0	0	0×1	
con-sonda	scrum765-la-puerta-y-el-suelo.test.mjs	1	13474	13474	14397	0	0	0×1	
con-sonda	scrum474-dos-copias-atadas.test.mjs	1	13474	13474	2910	0	0	0×1	
con-sonda	scrum965-un-solo-documento.test.mjs	1	13455	13455	59	0	0	0×1	
con-sonda	scrum405-descarga-verificada.test.mjs	1	13453	13453	960	0	0	0×1	
con-sonda	scrum180-fixtures-nunca-a-meta.test.mjs	1	13375	13375	153	0	0	0×1	FSReqPromise×1
con-sonda	scrum462-firmado-sin-sobre.test.mjs	1	13358	13358	875	0	0	0×1	
con-sonda	scrum895-boton-imposible.test.mjs	1	13326	13326	52	0	0	0×1	
con-sonda	scrum368-contraste-tokens.test.mjs	1	13296	13296	43	0	0	0×1	
con-sonda	scrum334-destino-de-los-cta.test.mjs	1	13291	13291	902	0	0	0×1	SimpleShutdownWrap×1 TCPServerWrap×1 TCPSocketWrap×1
con-sonda	scrum1127-sif-cola.test.mjs	1	13286	13286	36	0	0	0×1	
con-sonda	scrum339-importador-productos.test.mjs	1	13282	13282	136	0	0	0×1	FSReqPromise×1
con-sonda	scrum810b-los-suelos-derivados.test.mjs	1	13257	13257	4548	0	0	0×1	
con-sonda	scrum364-cambiar-gremio.test.mjs	1	13237	13237	505	0	0	0×1	
con-sonda	scrum928b-el-veredicto-que-el-color-tapa.test.mjs	1	13234	13234	1011	0	0	0×1	
con-sonda	scrum1135-etiquetar-seleccion.test.mjs	1	13233	13233	1054	0	0	0×1	
con-sonda	scrum590-el-movil-es-el-canal.test.mjs	1	13223	13223	144	0	0	0×1	
con-sonda	scrum850b-las-formas-que-mienten.test.mjs	1	13219	13219	4120	0	0	0×1	
con-sonda	scrum1033-1034-cabecera-etiquetas-cliente.test.mjs	1	13215	13215	3290	0	0	0×1	Timeout×2
con-sonda	scrum1321-el-resumen-no-prueba-el-final.test.mjs	1	13194	13194	664	0	0	0×1	
con-sonda	scrum218-flag-fiscal-auditado.test.mjs	1	13154	13154	80	0	0	0×1	FSReqPromise×1
con-sonda	scrum25-entrega-zip.test.mjs	1	13142	13142	87	0	0	0×1	FSReqPromise×1
con-sonda	scrum1205-cobrar-resto-lista-modo.test.mjs	1	13109	13109	1219	0	0	0×1	
con-sonda	scrum1106-respuestas-ia-no-son-del-asesor.test.mjs	1	13107	13107	73	0	0	0×1	
con-sonda	scrum1269-retencion-irpf-se-guarda.test.mjs	1	13102	13102	195	0	0	0×1	FSReqPromise×1
con-sonda	scrum436-un-solo-formato-euros.test.mjs	1	13098	13098	1329	0	0	0×1	
con-sonda	scrum431-sobre-lee-vivo.test.mjs	1	13087	13087	38	0	0	0×1	
con-sonda	scrum844b-que-documento-se-declara.test.mjs	1	13071	13071	90	0	0	0×1	FSReqPromise×1
con-sonda	scrum37b-agregacion-por-job.test.mjs	1	13066	13066	100	0	0	0×1	FSReqPromise×1
con-sonda	scrum164-gate-por-campo.test.mjs	1	13051	13051	59	0	0	0×1	
con-sonda	scrum457-logout-purga-claves.test.mjs	1	13048	13048	1749	0	0	0×1	
con-sonda	scrum151-sin-tramos.test.mjs	1	13046	13046	67	0	0	0×1	
con-sonda	scrum661-el-coste-no-llega-al-papel.test.mjs	1	13043	13043	1073	0	0	0×1	FSReqCallback×2
con-sonda	scrum138-export-selectivo.test.mjs	1	13036	13036	65	0	0	0×1	FSReqPromise×1
con-sonda	scrum324-cadena-hasta-el-libro.test.mjs	1	13012	13012	1065	0	0	0×1	
con-sonda	invoiceNumber.test.mjs	1	13010	13010	75	0	0	0×1	FSReqPromise×1
con-sonda	scrum240-sobre-unico.test.mjs	1	13003	13003	1862	0	0	0×1	
con-sonda	scrum534d-extractores-a-mano.test.mjs	1	12975	12975	357	0	0	0×1	
con-sonda	scrum910d-microcopy-recibo-pendiente.test.mjs	1	12924	12924	381	0	0	0×1	SimpleShutdownWrap×1 TCPServerWrap×1 TCPSocketWrap×1
con-sonda	scrum1188-plantilla-guarda-el-cobro.test.mjs	1	12910	12910	3087	0	0	0×1	Timeout×5
con-sonda	scrum245-exencion-demo.test.mjs	1	12892	12892	414	0	0	0×1	
con-sonda	scrum1285c-censo-escrituras-sin-version.test.mjs	1	12892	12892	1370	0	0	0×1	
con-sonda	scrum844-sellar-dentro-de-transaccion.test.mjs	1	12888	12888	114	0	0	0×1	FSReqPromise×1
con-sonda	scrum1245b-patron-de-la-tanda-entre-comillas.test.mjs	1	12822	12822	391	0	0	0×1	
con-sonda	scrum153b-annulled-vistas.test.mjs	1	12821	12821	57	0	0	0×1	
con-sonda	scrum992-partes-recortan-por-rol.test.mjs	1	12819	12819	2375	0	0	0×1	
con-sonda	scrum463-firmante-ve-el-contenido.test.mjs	1	12798	12798	442	0	0	0×1	
con-sonda	scrum62-albaran-ventana.test.mjs	1	12785	12785	31	0	0	0×1	
con-sonda	scrum815-disputa-una-sola-vez.test.mjs	1	12759	12759	160	0	0	0×1	
con-sonda	scrum191-paid-via.test.mjs	1	12735	12735	40	0	0	0×1	
con-sonda	scrum495-tres-registros.test.mjs	1	12732	12732	46	0	0	0×1	
con-sonda	scrum772-rechazo-iva-visible.test.mjs	1	12703	12703	509	0	0	0×1	
con-sonda	scrum286-censo-nuevo-presupuesto.test.mjs	1	12696	12696	562	0	0	0×1	
con-sonda	scrum1142-irreversibles-factura-44.test.mjs	1	12678	12678	630	0	0	0×1	
con-sonda	scrum618-leer-el-ci.test.mjs	1	12627	12627	32	0	0	0×1	
con-sonda	scrum496-anulada-no-vuelve-en-lote.test.mjs	1	12627	12627	97	0	0	0×1	FSReqPromise×1
con-sonda	scrum648b-motivo-del-ambar.test.mjs	1	12617	12617	313	0	0	0×1	FSReqPromise×1
con-sonda	scrum894-falta-en-otra-pestana.test.mjs	1	12577	12577	69	0	0	0×1	
con-sonda	scrum147-roles-fail-closed.test.mjs	1	12557	12557	61	0	0	0×1	
con-sonda	scrum1285b-plan-de-cobro-con-version.test.mjs	1	12553	12553	321	0	0	0×1	
con-sonda	scrum1041-facturas-emitidas-sin-marcador.test.mjs	1	12542	12542	293	0	0	0×1	
con-sonda	scrum650b-tres-ejes.test.mjs	1	12527	12527	45	0	0	0×1	
con-sonda	scrum1363-tests-que-cubren.test.mjs	1	12510	12510	10121	0	0	0×1	
con-sonda	scrum988-revisiones-en-la-ficha.test.mjs	1	12474	12474	1061	0	0	0×1	
con-sonda	scrum784-el-cuarto-veredicto.test.mjs	1	12449	12449	3574	0	0	0×1	
con-sonda	scrum377-plural-de-programador.test.mjs	1	12417	12417	342	0	0	0×1	
con-sonda	scrum729-el-cliente-congelado-en-el-cliente.test.mjs	1	12412	12412	51	0	0	0×1	
con-sonda	scrum140-plantilla-argumento.test.mjs	1	12378	12378	297	0	0	0×1	
con-sonda	scrum604-desglose-en-el-pdf.test.mjs	1	12363	12363	511	0	0	0×1	FSReqCallback×2
con-sonda	scrum794-un-solo-anadir-linea.test.mjs	1	12354	12354	828	0	0	0×1	
con-sonda	scrum835-credenciales-en-el-historial.test.mjs	1	12350	12350	9602	0	0	0×1	
con-sonda	scrum1271-importe-pendiente-de-facturar.test.mjs	1	12344	12344	359	0	0	0×1	FSReqPromise×1
con-sonda	scrum393-marcadores-de-conflicto.test.mjs	1	12338	12338	998	0	0	0×1	
con-sonda	scrum468-firma-ve-lo-que-firma.test.mjs	1	12338	12338	598	0	0	0×1	FSReqPromise×1
con-sonda	whatsappLog.test.mjs	1	12301	12301	78	0	0	0×1	FSReqPromise×1
con-sonda	scrum609-margen-catalogo.test.mjs	1	12297	12297	35	0	0	0×1	
con-sonda	scrum69-pendientes-facturar.test.mjs	1	12257	12257	303	0	0	0×1	FSReqPromise×1
con-sonda	scrum1397-el-tecnico-ve-sus-facturas.test.mjs	1	12245	12245	3320	0	0	0×1	
con-sonda	scrum139-cuadernillo.test.mjs	1	12196	12196	84	0	0	0×1	
con-sonda	scrum473-metodo-validado.test.mjs	1	12191	12191	39	0	0	0×1	
con-sonda	scrum1229-firma-del-tecnico-viaje.test.mjs	1	12189	12189	849	0	0	0×1	
con-sonda	scrum632-los-dos-cortes-de-la-linea.test.mjs	1	12178	12178	49	0	0	0×1	
con-sonda	scrum815-el-correo-una-sola-vez.test.mjs	1	12160	12160	287	0	0	0×1	
con-sonda	scrum743b-cantidad-presencial-igual-que-remota.test.mjs	1	12114	12114	749	0	0	0×1	FSReqPromise×1
con-sonda	scrum814-recuento-dentro.test.mjs	1	12094	12094	573	0	0	0×1	
con-sonda	scrum206-sin-huella-no-salen-bytes.test.mjs	1	12082	12082	444	0	0	0×1	FSReqPromise×1
con-sonda	scrum700-filtros-de-comentario.test.mjs	1	12079	12079	286	0	0	0×1	
con-sonda	scrum675-ancla-por-identidad.test.mjs	1	12078	12078	44	0	0	0×1	
con-sonda	scrum424-lugar-al-crear.test.mjs	1	12067	12067	33	0	0	0×1	
con-sonda	scrum347-origen-de-la-factura.test.mjs	1	12063	12063	819	0	0	0×1	FSReqPromise×1
con-sonda	scrum244-registro-portabilidad.test.mjs	1	12061	12061	85	0	0	0×1	FSReqPromise×1
con-sonda	scrum205-un-solo-punto-de-sellado.test.mjs	1	12058	12058	2685	0	0	0×1	
con-sonda	scrum81-allocate-flags.test.mjs	1	12057	12057	70	0	0	0×1	FSReqPromise×1
con-sonda	scrum273-registro-por-fichero.test.mjs	1	12037	12037	45	0	0	0×1	
con-sonda	scrum725b-el-aviso-se-pinta.test.mjs	1	12009	12009	602	0	0	0×1	
con-sonda	scrum1093-quotenumber-zona-merchant.test.mjs	1	12003	12003	79	0	0	0×1	FSReqPromise×1
con-sonda	scrum1266-marca-dato-inventado.test.mjs	1	11999	11999	741	0	0	0×1	
con-sonda	restauracion-del-arbol-ejecutable.test.mjs	1	11985	11985	3272	0	0	0×1	
con-sonda	scrum489-mp-no-inventa-metodo.test.mjs	1	11964	11964	669	0	0	0×1	
con-sonda	scrum727b-asignados-en-la-lista.test.mjs	1	11963	11963	298	0	0	0×1	
con-sonda	scrum1089b-espejo-skills-agentes.test.mjs	1	11922	11922	54	0	0	0×1	
con-sonda	scrum701-sellado-ve-las-dos-comillas.test.mjs	1	11918	11918	80	0	0	0×1	
con-sonda	scrum338-carga-de-catalogo-no-muda.test.mjs	1	11917	11917	52	0	0	0×1	
con-sonda	scrum1302a-marca-en-la-vista-de-oficina.test.mjs	1	11900	11900	628	0	0	0×1	
con-sonda	scrum669-restos-de-doc08.test.mjs	1	11889	11889	730	0	0	0×1	
con-sonda	dashboard-colision-declaraciones.test.mjs	1	11888	11888	888	0	0	0×1	
con-sonda	scrum104-leeme-criterios.test.mjs	1	11886	11886	59	0	0	0×1	FSReqPromise×1
con-sonda	scrum715-consta-por-identidad.test.mjs	1	11883	11883	396	0	0	0×1	
con-sonda	scrum504-cantidad-vacia.test.mjs	1	11864	11864	539	0	0	0×1	
con-sonda	scrum372-un-dato-un-nombre.test.mjs	1	11864	11864	1992	0	0	0×1	
con-sonda	scrum290-adicional.test.mjs	1	11858	11858	569	0	0	0×1	
con-sonda	scrum985-el-aviso-de-importar-no-promete-excel.test.mjs	1	11853	11853	99	0	0	0×1	
con-sonda	scrum1057b-fusion-clientes-postgres.test.mjs	1	11845	11845	1062	0	0	0×1	
con-sonda	scrum632c-el-payload-se-construye.test.mjs	1	11843	11843	33	0	0	0×1	
con-sonda	scrum846c-trinquete-instrumentos-con-caso.test.mjs	1	11831	11831	5617	0	0	0×1	
con-sonda	scrum917f-lo-que-falta.test.mjs	1	11827	11827	63	0	0	0×1	
con-sonda	scrum246-sin-lineas-no-se-emite.test.mjs	1	11824	11824	2178	0	0	0×1	
con-sonda	scrum728-seccion-critica-de-la-serie.test.mjs	1	11803	11803	1153	0	0	0×1	
con-sonda	scrum226-url-bd-sin-parseo-a-mano.test.mjs	1	11799	11799	4568	0	0	0×1	
con-sonda	scrum865-un-solo-minimo-para-la-landing.test.mjs	1	11768	11768	318	0	0	0×1	
con-sonda	scrum810-el-suelo-a-la-primera.test.mjs	1	11749	11749	2784	0	0	0×1	
con-sonda	scrum908-la-muda-se-explica.test.mjs	1	11743	11743	363	0	0	0×1	
con-sonda	scrum381-scripts-cargables.test.mjs	1	11725	11725	4742	0	0	0×1	
con-sonda	scrum881-el-detector-sin-fecha.test.mjs	1	11723	11723	107	0	0	0×1	FSReqPromise×1
con-sonda	scrum624b-guardado-vs-impreso.test.mjs	1	11699	11699	463	0	0	0×1	FSReqCallback×2
con-sonda	scrum441-cobros-leen-paid-via.test.mjs	1	11688	11688	81	0	0	0×1	FSReqPromise×1
con-sonda	scrum486-preferencia-traducida.test.mjs	1	11679	11679	693	0	0	0×1	
con-sonda	scrum804-el-guard-no-es-el-numero.test.mjs	1	11662	11662	422	0	0	0×1	
con-sonda	scrum720-marcadores-en-lo-pintado.test.mjs	1	11658	11658	47	0	0	0×1	
con-sonda	scrum747-validar-antes-de-normalizar.test.mjs	1	11634	11634	1475	0	0	0×1	FSReqPromise×1
con-sonda	scrum139-acciones-linea.test.mjs	1	11611	11611	72	0	0	0×1	
con-sonda	scrum427-notas-internas-detalle.test.mjs	1	11597	11597	628	0	0	0×1	
con-sonda	scrum1216a-serie-sin-promesa.test.mjs	1	11589	11589	545	0	0	0×1	
con-sonda	scrum749-la-primitiva-que-normaliza.test.mjs	1	11588	11588	292	0	0	0×1	FSReqPromise×1
con-sonda	scrum467-tecnico-ve-lo-suyo.test.mjs	1	11588	11588	73	0	0	0×1	
con-sonda	scrum1061-fotos-en-historial.test.mjs	1	11584	11584	551	0	0	0×1	
con-sonda	scrum272-criterio-referencial.test.mjs	1	11557	11557	41	0	0	0×1	
con-sonda	scrum139-plantillas-rapidas.test.mjs	1	11537	11537	115	0	0	0×1	
con-sonda	scrum475-schema-vs-sql.test.mjs	1	11523	11523	2899	0	0	0×1	
con-sonda	scrum1184-serie-siguiente-numero.test.mjs	1	11518	11518	437	0	0	0×1	FSReqPromise×1
con-sonda	scrum685b-parte-numero-unico.test.mjs	1	11503	11503	351	0	0	0×1	
con-sonda	scrum1040-facturas-recibidas-servidor.test.mjs	1	11498	11498	130	0	0	0×1	FSReqPromise×1
con-sonda	scrum375-recarga-no-es-escritura.test.mjs	1	11462	11462	414	0	0	0×1	
con-sonda	scrum293-retencion-control-negativo.test.mjs	1	11462	11462	56	0	0	0×1	
con-sonda	scrum139-hoja-ajustes.test.mjs	1	11457	11457	96	0	0	0×1	
con-sonda	scrum171b-periodicidad-aviso.test.mjs	1	11442	11442	300	0	0	0×1	FSReqPromise×1
con-sonda	scrum797-el-dueno-se-escribe.test.mjs	1	11412	11412	4235	0	0	0×1	
con-sonda	scrum886-exportar-clientes-desde-clientes.test.mjs	1	11400	11400	1669	0	0	0×1	FSReqPromise×1
con-sonda	scrum1136-columnas-reconocidas-llegan.test.mjs	1	11379	11379	752	0	0	0×1	
con-sonda	scrum1278-banco-dice-no-medida.test.mjs	1	11375	11375	416	0	0	0×1	
con-sonda	scrum302-rotulos-completos.test.mjs	1	11357	11357	436	0	0	0×1	
con-sonda	scrum446-cabecera-modal.test.mjs	1	11313	11313	571	0	0	0×1	
con-sonda	scrum703-rotulos-del-tipo.test.mjs	1	11297	11297	33	0	0	0×1	
con-sonda	scrum601-copy-del-documento-vs-flag.test.mjs	1	11278	11278	4993	0	0	0×1	
con-sonda	scrum404-trazo-no-se-pierde.test.mjs	1	11268	11268	500	0	0	0×1	
con-sonda	scrum737-cifra-con-arbol-y-hora.test.mjs	1	11264	11264	8890	0	0	0×1	
con-sonda	scrum544-reserva-barra-anuncio.test.mjs	1	11248	11248	39	0	0	0×1	
con-sonda	scrum543-landing-a11y.test.mjs	1	11227	11227	34	0	0	0×1	
con-sonda	scrum864c-el-temporal-no-vuelve.test.mjs	1	11220	11220	825	0	0	0×1	
con-sonda	scrum593d-viaje-completo-del-texto.test.mjs	1	11202	11202	86	0	0	0×1	
con-sonda	scrum1154-google-encargado.test.mjs	1	11143	11143	89	0	0	0×1	
con-sonda	scrum935b-main-no-cancela.test.mjs	1	11138	11138	37	0	0	0×1	
con-sonda	scrum340-la-plaza-comprada.test.mjs	1	11088	11088	97	0	0	0×1	FSReqPromise×1
con-sonda	scrum149-sin-lineas-no-sella.test.mjs	1	11085	11085	115	0	0	0×1	FSReqPromise×1
con-sonda	scrum1230-colocar-lineas-dictadas.test.mjs	1	11080	11080	781	0	0	0×1	
con-sonda	scrum1307-negarse-con-envios.test.mjs	1	11073	11073	31	0	0	0×1	
con-sonda	scrum817-orden-del-detalle-del-trabajo.test.mjs	1	11070	11070	696	0	0	0×1	
con-sonda	scrum673-arranque-no-produce-veredicto.test.mjs	1	11063	11063	36	0	0	0×1	
con-sonda	scrum940-el-censo-de-suelos.test.mjs	1	11049	11049	274	0	0	0×1	
con-sonda	scrum498-cifra-derivada.test.mjs	1	11043	11043	141	0	0	0×1	FSReqPromise×1
con-sonda	scrum368-residuo-btn-sm.test.mjs	1	11037	11037	1567	0	0	0×1	
con-sonda	scrum182-arbol-movido.test.mjs	1	10992	10992	61	0	0	0×1	
con-sonda	scrum207-emision-auditada.test.mjs	1	10990	10990	115	0	0	0×1	FSReqPromise×1
con-sonda	scrum1226-firma-no-baja-el-estado.test.mjs	1	10970	10970	232	0	0	0×1	
con-sonda	scrum699-tabla-en-su-carril.test.mjs	1	10919	10919	660	0	0	0×1	
con-sonda	scrum927-el-censo-de-los-censos.test.mjs	1	10894	10894	423	0	0	0×1	
con-sonda	scrum1257-p8-detalle-receipt-sin-justificantes.test.mjs	1	10865	10865	1681	0	0	0×1	
con-sonda	scrum767-portal-token.test.mjs	1	10844	10844	693	0	0	0×1	
con-sonda	scrum1280-nombres-no-declarados.test.mjs	1	10838	10838	5216	0	0	0×1	
con-sonda	scrum646-cortafuegos-defaultvat.test.mjs	1	10825	10825	1471	0	0	0×1	
con-sonda	scrum824b-el-sha-que-parecia-un-numero.test.mjs	1	10814	10814	36	0	0	0×1	
con-sonda	scrum730-ruta-desde-import-meta.test.mjs	1	10795	10795	3210	0	0	0×1	
con-sonda	scrum1281-fixture-git-raiz-propia.test.mjs	1	10731	10731	2074	0	0	0×1	
con-sonda	scrum1272-anulada-no-es-deuda.test.mjs	1	10712	10712	769	0	0	0×1	
con-sonda	scrum471-node-modules-al-dia.test.mjs	1	10708	10708	81	0	0	0×1	
con-sonda	scrum1171-whatsapp-y-llamar-en-el-trabajo.test.mjs	1	10665	10665	617	0	0	0×1	
con-sonda	scrum547-el-documento-que-nadie-mira.test.mjs	1	10665	10665	191	0	0	0×1	
con-sonda	scrum406-canal-prometido-existe.test.mjs	1	10639	10639	206	0	0	0×1	
con-sonda	scrum1318-resend-dice-si-salio.test.mjs	1	10604	10604	143	0	0	0×1	
con-sonda	scrum1212-correo-aceptado-sin-emitir-factura.test.mjs	1	10588	10588	87	0	0	0×1	FSReqPromise×1
con-sonda	scrum442-facturas-sin-justificantes.test.mjs	1	10582	10582	39	0	0	0×1	
con-sonda	scrum1032-contacto-con-un-toque.test.mjs	1	10574	10574	581	0	0	0×1	
con-sonda	scrum512-el-pago-no-se-olvida.test.mjs	1	10558	10558	28	0	0	0×1	
con-sonda	scrum804f-la-rama-sin-slug.test.mjs	1	10554	10554	43	0	0	0×1	
con-sonda	scrum592-concurrencia-serie.test.mjs	1	10550	10550	23	0	0	0×1	
con-sonda	scrum804h-la-fase-con-corte.test.mjs	1	10549	10549	35	0	0	0×1	
con-sonda	scrum665e-el-escritor-del-emisor.test.mjs	1	10519	10519	139	0	0	0×1	FSReqPromise×1
con-sonda	scrum1288-dinero-es-en-avisos-s1.test.mjs	1	10495	10495	830	0	0	0×1	
con-sonda	scrum825-rama-justificante-retirada.test.mjs	1	10485	10485	1402	0	0	0×1	
con-sonda	scrum1263-gancho-pre-push.test.mjs	1	10450	10450	887	0	0	0×1	
con-sonda	scrum245-sin-listas-blancas.test.mjs	1	10449	10449	1151	0	0	0×1	
con-sonda	scrum55-admin-fail-closed.test.mjs	1	10441	10441	847	0	0	0×1	FSReqPromise×1
con-sonda	scrum197-parse-cuenta.test.mjs	1	10438	10438	23	0	0	0×1	
con-sonda	scrum901-banco-fiel-a-la-inicio.test.mjs	1	10434	10434	636	0	0	0×1	
con-sonda	scrum247-productor-constante.test.mjs	1	10420	10420	1376	0	0	0×1	
con-sonda	scrum373-avisos-facturas.test.mjs	1	10409	10409	600	0	0	0×1	
con-sonda	scrum1049-resumen-trimestre.test.mjs	1	10400	10400	568	0	0	0×1	
con-sonda	scrum795-el-portal-en-la-ficha.test.mjs	1	10380	10380	367	0	0	0×1	
con-sonda	scrum283-censo-acciones-factura.test.mjs	1	10379	10379	636	0	0	0×1	
con-sonda	scrum1022-importa-xlsx-real.test.mjs	1	10373	10373	440	0	0	0×1	
con-sonda	whatsappPolicy.test.mjs	1	10363	10363	44	0	0	0×1	
con-sonda	scrum68-evidencias-firma.test.mjs	1	10353	10353	296	0	0	0×1	FSReqPromise×1
con-sonda	flags.test.mjs	1	10332	10332	37	0	0	0×1	
con-sonda	scrum285-censo-cobro-factura.test.mjs	1	10313	10313	535	0	0	0×1	
con-sonda	scrum961b-el-nif-que-no-cuela.test.mjs	1	10279	10279	83	0	0	0×1	FSReqPromise×1
con-sonda	scrum416-ayuda-dentro.test.mjs	1	10263	10263	58	0	0	0×1	
con-sonda	scrum3b-selector-bizum.test.mjs	1	10233	10233	44	0	0	0×1	
con-sonda	scrum716b-el-job-le-da-main-al-vigia.test.mjs	1	10228	10228	25	0	0	0×1	
con-sonda	scrum366-una-sola-escalera.test.mjs	1	10228	10228	326	0	0	0×1	
con-sonda	scrum387-procedencia-aprobacion.test.mjs	1	10225	10225	2418	0	0	0×1	
con-sonda	utils.test.mjs	1	10182	10182	39	0	0	0×1	
con-sonda	scrum763-restaurar-el-arbol.test.mjs	1	10180	10180	6446	0	0	0×1	
con-sonda	scrum332-comparativa-anclas.test.mjs	1	10153	10153	30	0	0	0×1	
con-sonda	scrum345-rotulo-y-destino.test.mjs	1	10153	10153	122	0	0	0×1	
con-sonda	scrum429-cliente-privado.test.mjs	1	10148	10148	351	0	0	0×1	
con-sonda	scrum152-guard-paquete-completo.test.mjs	1	10108	10108	86	0	0	0×1	FSReqPromise×1
con-sonda	scrum819-el-menu-deja-rastro.test.mjs	1	10090	10090	420	0	0	0×1	
con-sonda	scrum648-verde-que-no-sabe.test.mjs	1	10084	10084	343	0	0	0×1	FSReqPromise×1
con-sonda	scrum126-send-outcome.test.mjs	1	10068	10068	36	0	0	0×1	
con-sonda	scrum1279-la-firma-ve-las-clausulas.test.mjs	1	10035	10035	395	0	0	0×1	FSReqCallback×2
con-sonda	scrum221-export-fiscal-auditado.test.mjs	1	9998	9998	543	0	0	0×1	FSReqPromise×1
con-sonda	scrum401-anular-no-borra-el-cobro.test.mjs	1	9983	9983	588	0	0	0×1	
con-sonda	scrum1302g-foto-con-diez.test.mjs	1	9980	9980	954	0	0	0×1	
con-sonda	scrum1219-plantilla-sin-condiciones.test.mjs	1	9976	9976	1842	0	0	0×1	Timeout×3
con-sonda	scrum297-fuentes-selladas.test.mjs	1	9949	9949	497	0	0	0×1	
con-sonda	scrum1282-contexto-nombres-de-hoy.test.mjs	1	9934	9934	36	0	0	0×1	
con-sonda	scrum300-direccion-sugerida.test.mjs	1	9918	9918	589	0	0	0×1	
con-sonda	scrum262-telefonos-de-prueba.test.mjs	1	9909	9909	682	0	0	0×1	
con-sonda	scrum153c-ciclo-anulacion.test.mjs	1	9899	9899	121	0	0	0×1	FSReqPromise×1
con-sonda	scrum843-el-ancla-que-no-caduca.test.mjs	1	9849	9849	351	0	0	0×1	
con-sonda	scrum414-url-a-mano.test.mjs	1	9830	9830	2582	0	0	0×1	
con-sonda	scrum1267-alta-albaran-idempotente.test.mjs	1	9825	9825	945	0	0	0×1	Timeout×4
con-sonda	scrum767-cura-concurrencia.test.mjs	1	9823	9823	24	0	0	0×1	
con-sonda	scrum1199-avisos-alta-cliente.test.mjs	1	9821	9821	1510	0	0	0×1	
con-sonda	scrum569-agents-es-puntero.test.mjs	1	9814	9814	31	0	0	0×1	
con-sonda	scrum1196-cloudflare-encargado.test.mjs	1	9809	9809	80	0	0	0×1	
con-sonda	scrum224b-sello-build.test.mjs	1	9807	9807	34	0	0	0×1	
con-sonda	scrum928-guards-entrada-recuento-con-color.test.mjs	1	9775	9775	194	0	0	0×1	
con-sonda	scrum718-escaner-contra-parser.test.mjs	1	9770	9770	926	0	0	0×1	
con-sonda	scrum1165-verifactu-xml-solo-en-fiscal.test.mjs	1	9755	9755	715	0	0	0×1	
con-sonda	scrum1175b-firmas-en-su-paso.test.mjs	1	9749	9749	40	0	0	0×1	
con-sonda	scrum1093f-albarannumber-zona-merchant.test.mjs	1	9680	9680	73	0	0	0×1	FSReqPromise×1
con-sonda	scrum1180-editor-clausulas-excluidas.test.mjs	1	9670	9670	898	0	0	0×1	Timeout×3
con-sonda	scrum1161-alta-sin-correo.test.mjs	1	9600	9600	845	0	0	0×1	
con-sonda	scrum1277-aviso-importe-aceptado.test.mjs	1	9565	9565	684	0	0	0×1	
con-sonda	scrum1275-la-fila-abre-la-factura.test.mjs	1	9555	9555	634	0	0	0×1	
con-sonda	zz1405-rojo-suelto.test.mjs	1	9536	9536	35	0	0	1×1	
con-sonda	scrum1333-carrera-del-encolado-postgres.test.mjs	1	9532	9532	588	0	0	0×1	
con-sonda	scrum1147-resumen-del-servidor.test.mjs	1	9505	9505	606	0	0	0×1	
con-sonda	scrum128-send-endpoints-fail-closed.test.mjs	1	9487	9487	818	0	0	0×1	FSReqPromise×1
con-sonda	scrum665b-el-esquema-declara.test.mjs	1	9400	9400	434	0	0	0×1	FSReqCallback×2
con-sonda	scrum1271-pendiente-tras-parcial.test.mjs	1	9365	9365	773	0	0	0×1	
con-sonda	scrum1233d-texto-aprobado-local.test.mjs	1	9340	9340	515	0	0	0×1	
con-sonda	registroBuilder.test.mjs	1	9313	9313	38	0	0	0×1	
con-sonda	scrum1130-demo-llega-a-firmado.test.mjs	1	9309	9309	409	0	0	0×1	
con-sonda	scrum98-public-access-fail-closed.test.mjs	1	9253	9253	1092	0	0	0×1	FSReqPromise×1
con-sonda	scrum198-consumidores-xml.test.mjs	1	9235	9235	1253	0	0	0×1	
con-sonda	scrum653c-firmas-sin-coletilla.test.mjs	1	9234	9234	47	0	0	0×1	
con-sonda	scrum447-byte-invisible-en-patrones.test.mjs	1	9220	9220	304	0	0	0×1	
con-sonda	verifactu.test.mjs	1	9198	9198	93	0	0	0×1	FSReqPromise×1
con-sonda	scrum374-direccion-sin-escritores.test.mjs	1	9194	9194	358	0	0	0×1	FSReqPromise×1
con-sonda	scrum243-tenencia-lectura.test.mjs	1	9190	9190	2216	0	0	0×1	
con-sonda	scrum334-correo-sin-consentimiento.test.mjs	1	9119	9119	66	0	0	0×1	
con-sonda	scrum1202-sin-accept-publico.test.mjs	1	9089	9089	480	0	0	0×1	FSReqPromise×1
con-sonda	scrum285-cobro-a-factura.test.mjs	1	9087	9087	27	0	0	0×1	
con-sonda	scrum620-servidor-que-no-arranca.test.mjs	1	9070	9070	337	0	0	0×1	TCPServerWrap×2
con-sonda	scrum1078-precios-del-parte-solo-admin.test.mjs	1	9034	9034	312	0	0	0×1	
con-sonda	scrum1294-a9-leccion-en-a10.test.mjs	1	9024	9024	122	0	0	0×1	
con-sonda	scrum846-instrumentos-con-caso-conocido.test.mjs	1	8984	8984	450	0	0	0×1	
con-sonda	scrum396-referencia-justificante.test.mjs	1	8975	8975	594	0	0	0×1	FSReqPromise×1
con-sonda	scrum793-condicion-en-el-where.test.mjs	1	8965	8965	487	0	0	0×1	
con-sonda	scrum514-leeme-multilinea.test.mjs	1	8918	8918	65	0	0	0×1	FSReqPromise×1
con-sonda	scrum1043-quien-me-debe-servidor.test.mjs	1	8903	8903	300	0	0	0×1	FSReqPromise×1
con-sonda	scrum324-aviso-simplificado-ui.test.mjs	1	8869	8869	403	0	0	0×1	
con-sonda	locales.test.mjs	1	8858	8858	34	0	0	0×1	
con-sonda	scrum761-sembrador-columnas-derivadas.test.mjs	1	8836	8836	1855	0	0	0×1	FSReqPromise×1
con-sonda	scrum285-bloque-cobro.test.mjs	1	8829	8829	40	0	0	0×1	
con-sonda	scrum299-copy-factura-publico.test.mjs	1	8819	8819	743	0	0	0×1	
con-sonda	scrum132-iva-unidad.test.mjs	1	8819	8819	29	0	0	0×1	
con-sonda	scrum441-paidvia-sin-copia.test.mjs	1	8816	8816	2381	0	0	0×1	
con-sonda	scrum980b-pestana-trabajos.test.mjs	1	8795	8795	959	0	0	0×1	
con-sonda	scrum1247-rotulo-ia-no-nombra-proveedor.test.mjs	1	8789	8789	84	0	0	0×1	
con-sonda	scrum380-primaria-tactil.test.mjs	1	8784	8784	71	0	0	0×1	
con-sonda	scrum242-backup-codec.test.mjs	1	8777	8777	115	0	0	0×1	
con-sonda	scrum824b-el-mas-antiguo-no-es-el-primero.test.mjs	1	8760	8760	185	0	0	0×1	
con-sonda	scrum172-cobertura-tenancy.test.mjs	1	8758	8758	45	0	0	0×1	
con-sonda	scrum538-skills-no-prometen-ficheros.test.mjs	1	8754	8754	32	0	0	0×1	
con-sonda	scrum821b-las-capturas-que-ya-existian.test.mjs	1	8735	8735	50	0	0	0×1	
con-sonda	pdfs.test.mjs	1	8711	8711	481	0	0	0×1	FSReqCallback×2
con-sonda	scrum1349-no-se-empuja-con-una-mutacion-puesta.test.mjs	1	8706	8706	249	0	0	0×1	
con-sonda	scrum302-sin-callejones.test.mjs	1	8675	8675	622	0	0	0×1	
con-sonda	scrum809b-paywall-sin-banco.test.mjs	1	8656	8656	352	0	0	0×1	
con-sonda	scrum293-censo-or-numerico.test.mjs	1	8639	8639	32	0	0	0×1	
con-sonda	scrum560-patron-fetch-servidor.test.mjs	1	8620	8620	1038	0	0	0×1	
con-sonda	scrum1221-banco-fallo-visible.test.mjs	1	8611	8611	893	0	0	0×1	
con-sonda	scrum1274-presupuesto-desde-el-trabajo.test.mjs	1	8601	8601	846	0	0	0×1	Timeout×3
con-sonda	scrum242-runbook-no-se-declara-probado.test.mjs	1	8589	8589	36	0	0	0×1	
con-sonda	scrum1312-boton-email-recibo-gateado.test.mjs	1	8586	8586	325	0	0	0×1	SimpleShutdownWrap×1 TCPServerWrap×1 TCPSocketWrap×1
con-sonda	scrum236-equipo-sin-asignar.test.mjs	1	8574	8574	35	0	0	0×1	
con-sonda	scrum212-copy-sin-claim-fiscal.test.mjs	1	8549	8549	456	0	0	0×1	FSReqPromise×1
con-sonda	scrum135-gasto-tenencia.test.mjs	1	8542	8542	87	0	0	0×1	
con-sonda	scrum822-el-arbol-con-punto.test.mjs	1	8531	8531	2036	0	0	0×1	SimpleShutdownWrap×1 TCPServerWrap×1 TCPSocketWrap×1
con-sonda	scrum205-fallo-de-sellado-no-entrega.test.mjs	1	8516	8516	2121	0	0	0×1	
con-sonda	scrum214-semaforo-sin-llamadores.test.mjs	1	8510	8510	1204	0	0	0×1	
con-sonda	scrum541-comparativa-a11y.test.mjs	1	8499	8499	35	0	0	0×1	
con-sonda	scrum1309-banner-mail-sent-gateado.test.mjs	1	8496	8496	298	0	0	0×1	SimpleShutdownWrap×1 TCPServerWrap×1 TCPSocketWrap×1
con-sonda	scrum902-botones-del-parte-con-estilo.test.mjs	1	8476	8476	599	0	0	0×1	
con-sonda	scrum234-censo-reserva-serie.test.mjs	1	8440	8440	2041	0	0	0×1	
con-sonda	scrum139-total-protagonista.test.mjs	1	8423	8423	86	0	0	0×1	
con-sonda	scrum236-embudo-misma-poblacion.test.mjs	1	8353	8353	72	0	0	0×1	FSReqPromise×1
con-sonda	scrum207-conciliacion.test.mjs	1	8353	8353	64	0	0	0×1	FSReqPromise×1
con-sonda	scrum924-pay-mp-no-inventa-estado.test.mjs	1	8341	8341	252	0	0	0×1	SimpleShutdownWrap×1 TCPServerWrap×1 TCPSocketWrap×1
con-sonda	scrum1051-isp-s2.test.mjs	1	8330	8330	322	0	0	0×1	
con-sonda	scrum900-push-de-claude-con-la-app.test.mjs	1	8326	8326	168	0	0	0×1	TCPServerWrap×1 ProcessWrap×1
con-sonda	scrum136-hub-equipo.test.mjs	1	8297	8297	76	0	0	0×1	
con-sonda	scrum296-lector-tenencia.test.mjs	1	8269	8269	431	0	0	0×1	
con-sonda	scrum952-respaldo-gemini-con-cupo.test.mjs	1	8255	8255	65	0	0	0×1	
con-sonda	scrum245-tipo-obliga-declarar.test.mjs	1	8251	8251	11097	0	0	0×1	
con-sonda	scrum130-card-charge-connect.test.mjs	1	8229	8229	29	0	0	0×1	
con-sonda	scrum888b-descuento-redibuja.test.mjs	1	8229	8229	80	0	0	0×1	
con-sonda	scrum917d-titulo-propio-en-la-lista.test.mjs	1	8225	8225	339	0	0	0×1	
con-sonda	scrum1151-conteo-no-deducible.test.mjs	1	8221	8221	157	0	0	0×1	FSReqPromise×1
con-sonda	scrum806-el-pdf-del-portal.test.mjs	1	8151	8151	456	0	0	0×1	
con-sonda	scrum844g-el-tipo-de-lo-recibido.test.mjs	1	8144	8144	29	0	0	0×1	
con-sonda	scrum1163-whatsapp-cliente-solo-movil.test.mjs	1	8126	8126	593	0	0	0×1	
con-sonda	scrum1249-descarga-recibidas-alcanzable.test.mjs	1	8091	8091	633	0	0	0×1	Timeout×3
con-sonda	scrum720b-el-nav-abre.test.mjs	1	8091	8091	1273	0	0	0×1	
con-sonda	scrum1184-vista-previa-en-el-alta.test.mjs	1	8076	8076	1121	0	0	0×1	
con-sonda	scrum1035-cifras-del-cliente-todos-sus-documentos.test.mjs	1	8065	8065	292	0	0	0×1	FSReqPromise×1
con-sonda	scrum111-canario-zip.test.mjs	1	8064	8064	168	0	0	0×1	
con-sonda	scrum389-censo-vat.test.mjs	1	8016	8016	2076	0	0	0×1	
con-sonda	scrum1227-perfil-ida-y-vuelta.test.mjs	1	8010	8010	92	0	0	0×1	FSReqPromise×1
con-sonda	scrum743-cantidad-una-sola-forma.test.mjs	1	7970	7970	305	0	0	0×1	FSReqPromise×1
con-sonda	scrum1234-inter-autoalojada.test.mjs	1	7964	7964	83	0	0	0×1	
con-sonda	node-p-capturado-sin-color.test.mjs	1	7956	7956	221	0	0	0×1	
con-sonda	scrum1138-patch-customers.test.mjs	1	7921	7921	351	0	0	0×1	FSReqPromise×1
con-sonda	scrum829b-la-ref-rancia-se-poda.test.mjs	1	7916	7916	390	0	0	0×1	
con-sonda	scrum1308-scripts-sin-nombre-de-test.test.mjs	1	7911	7911	340	0	0	0×1	
con-sonda	scrum1215-revisiones-error-crear.test.mjs	1	7901	7901	788	0	0	0×1	
con-sonda	scrum1141-nif-en-la-ficha-del-proveedor.test.mjs	1	7886	7886	603	0	0	0×1	
con-sonda	scrum713c-trinquete-de-estilos-en-js.test.mjs	1	7861	7861	1274	0	0	0×1	
con-sonda	scrum1187-detalle-con-textos-doc.test.mjs	1	7835	7835	89	0	0	0×1	FSReqPromise×1
con-sonda	scrum1172-botones-de-la-ficha-del-trabajo-44.test.mjs	1	7830	7830	35	0	0	0×1	
con-sonda	scrum176b-force-por-identidad.test.mjs	1	7720	7720	43	0	0	0×1	
con-sonda	scrum696-censo-del-arbol.test.mjs	1	7644	7644	6865	0	0	0×1	
con-sonda	vat.test.mjs	1	7629	7629	40	0	0	0×1	
con-sonda	scrum128-frontend-census.test.mjs	1	7622	7622	64	0	0	0×1	
con-sonda	scrum219-tx-tipado.test.mjs	1	7576	7576	825	0	0	0×1	
con-sonda	scrum590-el-destino-pasa-por-el-resolvedor.test.mjs	1	7574	7574	1215	0	0	0×1	
con-sonda	scrum1212b-correo-aceptado-sin-firma.test.mjs	1	7531	7531	449	0	0	0×1	
con-sonda	scrum751-clave-duplicada-en-silencio.test.mjs	1	7527	7527	4283	0	0	0×1	
con-sonda	scrum341-condicion-precio-publicada.test.mjs	1	7500	7500	41	0	0	0×1	
con-sonda	scrum1196-fecha-de-la-politica.test.mjs	1	7500	7500	32	0	0	0×1	
con-sonda	scrum814-carrera-del-tramo.gated.test.mjs	1	7452	7452	60	0	0	0×1	
con-sonda	scrum275-message-en-superficie-publica.test.mjs	1	7388	7388	794	0	0	0×1	
con-sonda	scrum420-barra-navegable-por-hash.test.mjs	1	7300	7300	42	0	0	0×1	
con-sonda	scrum1179d-herramientas-no-red.test.mjs	1	7270	7270	45	0	0	0×1	
con-sonda	scrum1179c-censo-clics-informativo.test.mjs	1	7249	7249	30	0	0	0×1	
con-sonda	scrum113-migracion-fixtures.test.mjs	1	7248	7248	130	0	0	0×1	
con-sonda	webhooks-idempotencia.test.mjs	1	7242	7242	395	0	0	0×1	FSReqPromise×1
con-sonda	scrum1001-sin-pago-la-pagina-lo-dice.test.mjs	1	7225	7225	426	0	0	0×1	FSReqPromise×1
con-sonda	scrum1162-asistente-avanza-cada-paso.test.mjs	1	7201	7201	493	0	0	0×1	
con-sonda	scrum1306-consta-en-alguno.test.mjs	1	7197	7197	2829	0	0	0×1	
con-sonda	scrum1022c-selector-ofrece-xlsx.test.mjs	1	7171	7171	144	0	0	0×1	
con-sonda	scrum1179c-censo-accion-informativo.test.mjs	1	7134	7134	25	0	0	0×1	
con-sonda	scrum242-scripts-no-prometen-documentos.test.mjs	1	7116	7116	576	0	0	0×1	
con-sonda	scrum391-guards-declarados-presentes.test.mjs	1	7111	7111	369	0	0	0×1	
con-sonda	scrum789-health-tiempo-del-select.test.mjs	1	7085	7085	205	0	0	0×1	
con-sonda	scrum206b-quien-emite-sella.test.mjs	1	7007	7007	1923	0	0	0×1	
con-sonda	scrum215-costura-de-test.test.mjs	1	7002	7002	1443	0	0	0×1	
con-sonda	scrum254-sin-lectura-cross-merchant.test.mjs	1	6975	6975	477	0	0	0×1	
con-sonda	scrum339-microcopy-import.test.mjs	1	6975	6975	45	0	0	0×1	
con-sonda	scrum205-sql-a-mano-contra-schema.test.mjs	1	6970	6970	42	0	0	0×1	
con-sonda	scrum388-centinela-main.test.mjs	1	6952	6952	2735	0	0	0×1	
con-sonda	scrum858c-el-cierre-con-indice.test.mjs	1	6940	6940	257	0	0	0×1	
con-sonda	scrum897-repintar-reemplaza.test.mjs	1	6931	6931	504	0	0	0×1	
con-sonda	scrum151-motivo-sin-tramo.test.mjs	1	6929	6929	37	0	0	0×1	
con-sonda	scrum241-backup-tablas.test.mjs	1	6880	6880	38	0	0	0×1	
con-sonda	quoteNumber.test.mjs	1	6804	6804	107	0	0	0×1	FSReqPromise×1
con-sonda	scrum128-frontend-mira-sent.test.mjs	1	6776	6776	207	0	0	0×1	
con-sonda	scrum163-base-url-guard.test.mjs	1	6689	6689	29	0	0	0×1	
con-sonda	scrum342-dispute-package-quote-nulo.test.mjs	1	6672	6672	484	0	0	0×1	FSReqPromise×1
con-sonda	scrum1332-la-caida-no-tapa-lo-de-despues.test.mjs	1	6653	6653	2320	0	0	0×1	
con-sonda	scrum923-fallback-cuenta-conectada.test.mjs	1	6582	6582	397	0	0	0×1	SimpleShutdownWrap×1 TCPServerWrap×1 TCPSocketWrap×1
con-sonda	scrum888d-firma-con-descuentos.test.mjs	1	6506	6506	417	0	0	0×1	FSReqPromise×1
con-sonda	scrum1171-trabajo-numero-whatsapp.test.mjs	1	6292	6292	388	0	0	0×1	
con-sonda	scrum1212c-ajuste-correo-aceptado-desde-whatsapp.test.mjs	1	6201	6201	366	0	0	0×1	
con-sonda	scrum1093g-parte-numero-zona-merchant.test.mjs	1	6156	6156	318	0	0	0×1	
con-sonda	scrum888d-detalle-con-descuento-global.test.mjs	1	6131	6131	92	0	0	0×1	FSReqPromise×1
con-sonda	scrum515-aviso-bizum-render.test.mjs	1	6096	6096	46	0	0	0×1	
con-sonda	scrum1180-detalle-con-clausulas-excluidas.test.mjs	1	6041	6041	78	0	0	0×1	FSReqPromise×1
con-sonda	scrum109-expense-teammember.test.mjs	1	6032	6032	83	0	0	0×1	
con-sonda	scrum597-las-dos-secciones-conviven.test.mjs	1	6016	6016	33	0	0	0×1	
con-sonda	scrum201-citas-aeat.test.mjs	1	5946	5946	52	0	0	0×1	
con-sonda	scrum106-trabajos-fecha.test.mjs	1	5931	5931	75	0	0	0×1	FSReqPromise×1
con-sonda	scrum178-emision-manual.test.mjs	1	5927	5927	72	0	0	0×1	
con-sonda	scrum910-admin-sin-enlaces-undefined.test.mjs	1	5900	5900	25	0	0	0×1	
con-sonda	scrum1317-productos-del-operario.test.mjs	1	5896	5896	558	0	0	0×1	
con-sonda	scrum115-wa-fallo-registrado.test.mjs	1	5887	5887	72	0	0	0×1	
con-sonda	scrum1057-duplicados-antes-de-id.test.mjs	1	5867	5867	325	0	0	0×1	FSReqPromise×1
con-sonda	scrum297-evidencias-postgres.test.mjs	1	5743	5743	1103	0	0	0×1	
con-sonda	public-js-parsea.test.mjs	1	5743	5743	4292	0	0	0×1	
con-sonda	scrum72-pdfs-privados.test.mjs	1	5691	5691	79	0	0	0×1	FSReqPromise×1
con-sonda	scrum66-tipo-operacion.test.mjs	1	5661	5661	77	0	0	0×1	FSReqPromise×1
con-sonda	scrum148-filtro-por-miembro.test.mjs	1	5657	5657	122	0	0	0×1	
con-sonda	scrum343-cabecera-gastos-unica.test.mjs	1	5636	5636	506	0	0	0×1	FSReqPromise×1
con-sonda	scrum242-restauracion-cubre-todos-los-tipos.test.mjs	1	5630	5630	77	0	0	0×1	
con-sonda	scrum124-r29-perfil-publico-sin-datos.test.mjs	1	5610	5610	30	0	0	0×1	
con-sonda	scrum1215c-foto-oculta-en-firmado.test.mjs	1	5541	5541	283	0	0	0×1	
con-sonda	scrum1179c-censo-tactil-informativo.test.mjs	1	5526	5526	30	0	0	0×1	
con-sonda	scrum389-un-solo-iva.test.mjs	1	5512	5512	1024	0	0	0×1	
con-sonda	scrum1080-cobro-profesional.test.mjs	1	5443	5443	1294	0	0	0×1	
con-sonda	scrum1215b-sin-lineas-cerrado.test.mjs	1	5422	5422	505	0	0	0×1	
con-sonda	scrum283-microcopy-marcador.test.mjs	1	5397	5397	507	0	0	0×1	
con-sonda	scrum199-fuente-unica-hijos.test.mjs	1	5381	5381	69	0	0	0×1	
con-sonda	tenancy-permisos.test.mjs	1	5327	5327	73	0	0	0×1	
con-sonda	scrum189-citas-con-destino.test.mjs	1	5277	5277	253	0	0	0×1	
con-sonda	scrum225-mapa-tres-bd.test.mjs	1	5261	5261	30	0	0	0×1	
con-sonda	scrum209-un-solo-desglose.test.mjs	1	5237	5237	498	0	0	0×1	
con-sonda	scrum727-vistas-que-existen.test.mjs	1	5112	5112	1192	0	0	0×1	
con-sonda	scrum974-firmado-sin-facturar-en-el-lunes.test.mjs	1	4959	4959	784	0	0	0×1	
con-sonda	version.test.mjs	1	4820	4820	30	0	0	0×1	
con-sonda	scrum238-postinstall-prisma.test.mjs	1	4796	4796	30	0	0	0×1	
con-sonda	scrum227-toda-via-deja-rastro.test.mjs	1	4776	4776	40	0	0	0×1	
con-sonda	owner.test.mjs	1	4675	4675	27	0	0	0×1	
con-sonda	scrum92-login-operario.test.mjs	1	4637	4637	56	0	0	0×1	
con-sonda	scrum85-pay-routes-token.test.mjs	1	4447	4447	86	0	0	0×1	
con-sonda	scrum120-patch-job-roles.test.mjs	1	4447	4447	96	0	0	0×1	
con-sonda	scrum74-recibo-token.test.mjs	1	4428	4428	99	0	0	0×1	FSReqPromise×1
con-sonda	scrum57-operario-propagacion.test.mjs	1	4417	4417	57	0	0	0×1	
con-sonda	scrum50-bot-albaranes.test.mjs	1	4382	4382	102	0	0	0×1	
con-sonda	scrum90-pay-bank-mp-token.test.mjs	1	4382	4382	83	0	0	0×1	
con-sonda	scrum47-enviar-albaran-wa.test.mjs	1	4362	4362	55	0	0	0×1	
con-sonda	scrum24-operarios-metrics.test.mjs	1	4273	4273	113	0	0	0×1	
con-sonda	scrum158-montajes-admin-muestreados.test.mjs	1	4266	4266	27	0	0	0×1	
con-sonda	scrum49-firma-remota.test.mjs	1	4257	4257	59	0	0	0×1	
con-sonda	scrum25-export-zip.test.mjs	1	4222	4222	99	0	0	0×1	FSReqPromise×1
con-sonda	scrum73-verifactu-gate.test.mjs	1	4177	4177	57	0	0	0×1	
con-sonda	scrum124-r29-no-borrado-facturas.test.mjs	1	4176	4176	861	0	0	0×1	FSReqPromise×1
con-sonda	a55-window-quote.test.mjs	1	4109	4109	151	0	0	0×1	
con-sonda	scrum13-cobrado.test.mjs	1	4063	4063	540	0	0	0×1	
con-sonda	scrum295-modelo-303-postgres.test.mjs	1	4040	4040	519	0	0	0×1	
con-sonda	scrum1062-historial-whatsapp-cliente.test.mjs	1	4023	4023	416	0	0	0×1	
con-sonda	scrum1059b-etiquetado-masivo-postgres.test.mjs	1	3978	3978	423	0	0	0×1	
con-sonda	scrum94-register-teammember.test.mjs	1	3972	3972	84	0	0	0×1	
con-sonda	scrum221-export-fiscal-cero-bytes.test.mjs	1	3971	3971	79	0	0	0×1	
con-sonda	scrum296-libro-postgres.test.mjs	1	3964	3964	574	0	0	0×1	
con-sonda	scrum967b-el-portal-en-el-envio.test.mjs	1	3959	3959	1176	0	0	0×1	
con-sonda	scrum104-clientes-referenciados.test.mjs	1	3941	3941	57	0	0	0×1	
con-sonda	scrum1014-sitios-del-cliente.test.mjs	1	3923	3923	407	0	0	0×1	
con-sonda	scrum76-email-adjunto.test.mjs	1	3917	3917	106	0	0	0×1	FSReqPromise×1
con-sonda	scrum96-no-generated-docs-in-public.test.mjs	1	3912	3912	31	0	0	0×1	
con-sonda	scrum22-operario-readpath.test.mjs	1	3906	3906	88	0	0	0×1	
con-sonda	scrum131-resend-honesto.test.mjs	1	3906	3906	55	0	0	0×1	
con-sonda	scrum127-paywall-bloquea.test.mjs	1	3902	3902	70	0	0	0×1	
con-sonda	scrum116-recordatorio-candado.test.mjs	1	3872	3872	80	0	0	0×1	
con-sonda	scrum234-carrera-serie.gated.test.mjs	1	3857	3857	71	0	0	0×1	
con-sonda	scrum171a-consolidar-cliente.test.mjs	1	3852	3852	85	0	0	0×1	
con-sonda	scrum692-guardado-parcial-en-base.test.mjs	1	3842	3842	558	0	0	0×1	
con-sonda	scrum814-carrera-de-tramos-postgres.test.mjs	1	3841	3841	30	0	0	0×1	
con-sonda	scrum124-r28-graph-facebook-guard.test.mjs	1	3838	3838	191	0	0	0×1	
con-sonda	scrum980-historial-del-cliente.test.mjs	1	3833	3833	885	0	0	0×1	
con-sonda	scrum51-job-sin-quote.test.mjs	1	3827	3827	67	0	0	0×1	
con-sonda	scrum82-zip-verifactu.test.mjs	1	3822	3822	83	0	0	0×1	
con-sonda	scrum1036-notas-del-cliente.test.mjs	1	3798	3798	319	0	0	0×1	
con-sonda	scrum187-codeowners-zona-roja.test.mjs	1	3757	3757	34	0	0	0×1	
con-sonda	scrum58-jobs-n1.test.mjs	1	3727	3727	61	0	0	0×1	
con-sonda	scrum52-operario.test.mjs	1	3713	3713	511	0	0	0×1	
con-sonda	scrum87-no-public-invoices.test.mjs	1	3701	3701	21	0	0	0×1	
con-sonda	scrum25-exports.test.mjs	1	3627	3627	84	0	0	0×1	
con-sonda	scrum129-n8n-guard.test.mjs	1	3518	3518	214	0	0	0×1	
con-sonda	bot-suite.test.mjs	1	3460	3460	87	0	0	0×1	
sin-sonda	zz1405-rojo-en-la-cola.test.mjs	1	352492	352492	98	0	0	1×1	
sin-sonda	zz1405-copia-de-vigia-atascados.test.mjs	1	120065	120065	101	0	0	1×1	
sin-sonda	vigia-atascados.test.mjs	1	109622	109622	95	0	0	0×1	
sin-sonda	zz1405-copia-de-scrum834-puerta-avisador-rojo.test.mjs	1	107093	107093	107	0	0	1×1	
sin-sonda	zz1405-copia-de-scrum524b-trinquete-de-la-tabla.test.mjs	1	98114	98114	4078	0	0	1×1	
sin-sonda	scrum834-puerta-avisador-rojo.test.mjs	1	97367	97367	102	0	0	0×1	
sin-sonda	scrum524b-trinquete-de-la-tabla.test.mjs	1	89326	89326	5056	0	0	0×1	
sin-sonda	scrum1262-la-baja-corta-todas-las-vias.test.mjs	1	75116	75116	962	0	0	0×1	
sin-sonda	scrum454-destructivo-sin-comprobacion.test.mjs	1	73775	73775	143	0	0	0×1	
sin-sonda	scrum1350-latido.test.mjs	1	71655	71655	98	0	0	0×1	
sin-sonda	scrum853-avisador-solo-obligatorio.test.mjs	1	66952	66952	126	0	0	0×1	
sin-sonda	scrum1323-resumen-vs-detalle-sif1.test.mjs	1	66160	66160	176	0	0	0×1	
sin-sonda	scrum667-marcador-visible.test.mjs	1	66076	66076	3523	0	0	0×1	
sin-sonda	scrum1344-arnes-de-prueba-con-rol.test.mjs	1	62589	62589	4924	0	0	0×1	
sin-sonda	scrum888g-senal-en-la-firma.test.mjs	1	58938	58938	830	0	0	0×1	
sin-sonda	scrum984-del-presupuesto-al-albaran.test.mjs	1	55315	55315	2020	0	0	0×1	
sin-sonda	scrum813-trinquete-de-zona.test.mjs	1	54943	54943	624	0	0	0×1	
sin-sonda	scrum811c-skill-ui-declarada.test.mjs	1	53968	53968	2297	0	0	0×1	
sin-sonda	scrum312-importador-clientes.test.mjs	1	53408	53408	200	0	0	0×1	
sin-sonda	scrum595-etiquetas-del-documento.test.mjs	1	51107	51107	241	0	0	0×1	
sin-sonda	scrum411-exports-inalcanzables.test.mjs	1	50311	50311	13826	0	0	0×1	
sin-sonda	scrum931-un-solo-importe-de-plantilla.test.mjs	1	49956	49956	552	0	0	0×1	
sin-sonda	scrum812-el-rotulo-declara-su-poblacion.test.mjs	1	48336	48336	2083	0	0	1×1	
sin-sonda	scrum1038-leer-el-ticket-gasto.test.mjs	1	48198	48198	954	0	0	0×1	
sin-sonda	scrum586-forma-de-pago-por-cliente.test.mjs	1	47530	47530	3339	0	0	0×1	
sin-sonda	scrum522-guards-fuera-de-la-tanda.test.mjs	1	47279	47279	321	0	0	0×1	
sin-sonda	scrum713-buscar-al-cliente-donde-ya-se-busca.test.mjs	1	47001	47001	2101	0	0	0×1	
sin-sonda	scrum237-negacion-respaldada.test.mjs	1	46479	46479	3734	0	0	0×1	
sin-sonda	scrum1127-sif-client.test.mjs	1	46114	46114	1510	0	0	0×1	TCPSocketWrap×1
sin-sonda	scrum1152-generador-ancla.test.mjs	1	45170	45170	1816	0	0	0×1	
sin-sonda	scrum1093h-censo-fecha-sin-zona.test.mjs	1	45056	45056	7390	0	0	0×1	
sin-sonda	scrum580-tags-por-contacto.test.mjs	1	43626	43626	126	0	0	0×1	
sin-sonda	scrum651-trabajo-sin-presupuesto.test.mjs	1	43250	43250	1884	0	0	0×1	
sin-sonda	scrum1326-vale-pregunta-una-vez.test.mjs	1	42918	42918	3902	0	0	0×1	
sin-sonda	scrum176-guard-mensaje.test.mjs	1	42790	42790	172	0	0	0×1	
sin-sonda	scrum1372-auditoria-cierres.test.mjs	1	42701	42701	342	0	0	0×1	
sin-sonda	scrum1109-aviso-programado-acreditacion-invoicing-es.test.mjs	1	42358	42358	604	0	0	0×1	
sin-sonda	scrum754-el-juez-que-oscila.test.mjs	1	42195	42195	3431	0	0	0×1	
sin-sonda	scrum915j-cliente-por-botones.test.mjs	1	41905	41905	3377	0	0	0×1	
sin-sonda	scrum996-suelo-de-arranque.test.mjs	1	41590	41590	1709	0	0	0×1	
sin-sonda	scrum602-direccion-obra.test.mjs	1	41343	41343	1509	0	0	0×1	
sin-sonda	scrum1304-un-cobro-una-factura.test.mjs	1	41274	41274	1719	0	0	0×1	
sin-sonda	scrum628-cobertura-visual-del-dashboard.test.mjs	1	41237	41237	1496	0	0	0×1	
sin-sonda	scrum951a-equipo-configurable.test.mjs	1	41191	41191	3196	0	0	0×1	
sin-sonda	scrum286-bloques-orden.test.mjs	1	40605	40605	1401	0	0	0×1	
sin-sonda	scrum285-pantalla-cobros.test.mjs	1	40591	40591	1314	0	0	0×1	
sin-sonda	scrum587-descuento-por-defecto.test.mjs	1	40443	40443	2661	0	0	0×1	
sin-sonda	scrum859-identidad-y-motivo-cerrado.test.mjs	1	40326	40326	972	0	0	0×1	
sin-sonda	scrum222-deriva-arranque.test.mjs	1	40245	40245	429	0	0	0×1	
sin-sonda	scrum161-evidencia-tanda.test.mjs	1	39997	39997	71	0	0	0×1	
sin-sonda	scrum912-leer-ticket-gasto.test.mjs	1	39910	39910	409	0	0	0×1	
sin-sonda	scrum369-verificador-sello.test.mjs	1	39701	39701	643	0	0	0×1	
sin-sonda	scrum824-temporales-fuera-del-arbol.test.mjs	1	39672	39672	3484	0	0	1×1	
sin-sonda	scrum481-metodo-en-castellano.test.mjs	1	39656	39656	783	0	0	0×1	
sin-sonda	scrum1293-cargador-de-marcadores.test.mjs	1	39412	39412	43	0	0	0×1	
sin-sonda	scrum676-hojas-del-indice.test.mjs	1	38502	38502	2984	0	0	0×1	
sin-sonda	scrum753-censo-de-alcanzabilidad.test.mjs	1	38178	38178	5205	0	0	0×1	
sin-sonda	scrum1330-una-sellada-no-se-resella.test.mjs	1	38106	38106	4204	0	0	0×1	
sin-sonda	scrum438-v3-sobre.test.mjs	1	37968	37968	720	0	0	0×1	
sin-sonda	scrum1235-el-correo-que-no-salio.test.mjs	1	37901	37901	972	0	0	0×1	
sin-sonda	scrum1356-latido-enganchado.test.mjs	1	37802	37802	269	0	0	0×1	
sin-sonda	scrum630-default-en-dias.test.mjs	1	37572	37572	1316	0	0	0×1	
sin-sonda	scrum576-persona-vinculada-a-empresa.test.mjs	1	37353	37353	829	0	0	0×1	
sin-sonda	scrum301-albaranes-seccion.test.mjs	1	37106	37106	750	0	0	0×1	
sin-sonda	scrum476-reconciliar-censos.test.mjs	1	37072	37072	330	0	0	0×1	
sin-sonda	scrum260-rastro-limpieza.test.mjs	1	36975	36975	73	0	0	0×1	
sin-sonda	scrum637-la-rama-que-nadie-mira.test.mjs	1	36899	36899	1421	0	0	0×1	
sin-sonda	scrum836-ancla-de-mutacion-viva.test.mjs	1	36636	36636	10549	0	0	0×1	
sin-sonda	scrum649-el-ancla-que-no-apunta.test.mjs	1	36528	36528	1862	0	0	0×1	
sin-sonda	scrum594-descuentos-presupuesto.test.mjs	1	36378	36378	818	0	0	0×1	
sin-sonda	scrum425-aplicador-sql-dev.test.mjs	1	36322	36322	70	0	0	0×1	
sin-sonda	scrum475-firma-del-webhook.test.mjs	1	36157	36157	81	0	0	0×1	
sin-sonda	scrum1160-cobrar-ahora-modo-recibo.test.mjs	1	36140	36140	1134	0	0	0×1	
sin-sonda	scrum356-tres-estados.test.mjs	1	36018	36018	1383	0	0	0×1	
sin-sonda	scrum488-un-solo-vocabulario.test.mjs	1	35780	35780	402	0	0	0×1	
sin-sonda	scrum235-cliente-por-columnas.test.mjs	1	35665	35665	219	0	0	0×1	
sin-sonda	scrum1315-gemelos-estado-dentro-del-where.test.mjs	1	34851	34851	587	0	0	0×1	
sin-sonda	scrum716-ritmo-de-despliegue.test.mjs	1	34837	34837	433	0	0	0×1	
sin-sonda	scrum575b-nif-cableado.test.mjs	1	34699	34699	1237	0	0	0×1	
sin-sonda	scrum423-entrega-en-que-falta.test.mjs	1	34671	34671	3050	0	0	0×1	
sin-sonda	scrum1153-censo-entorno-prestado.test.mjs	1	34506	34506	1813	0	0	0×1	
sin-sonda	scrum1339d-senal-de-nombres.test.mjs	1	34345	34345	5546	0	0	0×1	
sin-sonda	scrum1168-anio-serie-zona-merchant.test.mjs	1	34252	34252	556	0	0	0×1	
sin-sonda	scrum687-constancia-del-alter.test.mjs	1	33998	33998	55	0	0	0×1	
sin-sonda	scrum475-receptor-webhook.test.mjs	1	33797	33797	2127	0	0	0×1	
sin-sonda	scrum514-aprobado-y-aplicado.test.mjs	1	33314	33314	610	0	0	0×1	
sin-sonda	scrum685-push-no-arranca-atrasado.test.mjs	1	33114	33114	68	0	0	0×1	
sin-sonda	scrum982-la-nota-del-cliente-en-el-trabajo.test.mjs	1	33052	33052	1608	0	0	0×1	
sin-sonda	scrum475-ignoran-el-resultado.test.mjs	1	32986	32986	4171	0	0	0×1	
sin-sonda	scrum631-la-unicidad-tiene-vigilante.test.mjs	1	32932	32932	504	0	0	0×1	
sin-sonda	scrum359-tres-relojes.test.mjs	1	32904	32904	49	0	0	0×1	
sin-sonda	scrum239-huella-de-codigo.test.mjs	1	32883	32883	729	0	0	0×1	
sin-sonda	scrum600b-la-factura-usa-el-front.test.mjs	1	32876	32876	4081	0	0	0×1	
sin-sonda	scrum838-censo-de-tautologias.test.mjs	1	32665	32665	9463	0	0	1×1	
sin-sonda	scrum889b-quitar-linea-guardada.test.mjs	1	32599	32599	747	0	0	0×1	
sin-sonda	scrum1266b-aviso-no-salia-en-lo-dictado.test.mjs	1	32591	32591	884	0	0	0×1	
sin-sonda	scrum537-afirmacion-falsa.test.mjs	1	32463	32463	751	0	0	0×1	
sin-sonda	whatsappTemplates.test.mjs	1	32376	32376	96	0	0	0×1	
sin-sonda	scrum878-poblacion-del-guard-29.test.mjs	1	32207	32207	621	0	0	0×1	
sin-sonda	scrum371-barrido-poblacion.test.mjs	1	32105	32105	677	0	0	0×1	
sin-sonda	scrum655-apartados.test.mjs	1	32054	32054	171	0	0	0×1	
sin-sonda	scrum426-libro-recibidas.test.mjs	1	32033	32033	132	0	0	0×1	
sin-sonda	scrum188-turno-staging.test.mjs	1	31981	31981	72	0	0	0×1	
sin-sonda	scrum553-etiquetas-pegadas.test.mjs	1	31952	31952	16495	0	0	0×1	
sin-sonda	scrum1342-plan-desconocido-no-calla.test.mjs	1	31912	31912	197	0	0	0×1	
sin-sonda	scrum592-numeracion-doc02.test.mjs	1	31889	31889	180	0	0	0×1	
sin-sonda	scrum729-el-escritor-del-cliente.test.mjs	1	31826	31826	450	0	0	0×1	
sin-sonda	scrum582-seleccion-multiple-clientes.test.mjs	1	31810	31810	803	0	0	0×1	
sin-sonda	scrum507-cantidad-supuesta.test.mjs	1	31593	31593	70	0	0	0×1	
sin-sonda	scrum964-la-lista-no-carga-las-fotos.test.mjs	1	31506	31506	633	0	0	0×1	
sin-sonda	scrum655b-revision-con-llamador.test.mjs	1	31495	31495	60	0	0	0×1	
sin-sonda	scrum500-suplidos.test.mjs	1	31449	31449	510	0	0	0×1	
sin-sonda	scrum1341-actividad-del-equipo-sin-importes.test.mjs	1	31428	31428	933	0	0	0×1	
sin-sonda	scrum987-valido-hasta-en-el-pdf.test.mjs	1	31376	31376	1310	0	0	0×1	
sin-sonda	scrum775-suelo-que-no-dispara.test.mjs	1	31342	31342	16139	0	0	0×1	
sin-sonda	scrum839d-union-solo-en-el-registro.test.mjs	1	31332	31332	1130	0	0	0×1	
sin-sonda	scrum905-facturar-solo-si-se-puede.test.mjs	1	31237	31237	1084	0	0	0×1	
sin-sonda	scrum899d-aviso-de-uso.test.mjs	1	31218	31218	281	0	0	0×1	
sin-sonda	scrum593b-superficie-texto-del-documento.test.mjs	1	31175	31175	282	0	0	0×1	
sin-sonda	scrum1268-sembrar-qa.test.mjs	1	31045	31045	175	0	0	0×1	
sin-sonda	scrum853d-cortacircuitos.test.mjs	1	30865	30865	298	0	0	0×1	
sin-sonda	scrum555-lo-que-el-censo-no-ve.test.mjs	1	30858	30858	398	0	0	0×1	
sin-sonda	scrum652c-parte-en-el-movil.test.mjs	1	30811	30811	125	0	0	0×1	
sin-sonda	scrum264-copy-que-llega-al-cliente.test.mjs	1	30783	30783	60	0	0	0×1	
sin-sonda	scrum650d-pantalla-asignar.test.mjs	1	30716	30716	585	0	0	0×1	
sin-sonda	scrum600-un-solo-front-documento.test.mjs	1	30708	30708	1328	0	0	0×1	
sin-sonda	scrum688-crear-revision.test.mjs	1	30566	30566	1327	0	0	0×1	
sin-sonda	scrum636-sitio-unico-dinero.test.mjs	1	30526	30526	1366	0	0	0×1	
sin-sonda	scrum252-procedencia-cliente.test.mjs	1	30510	30510	627	0	0	0×1	
sin-sonda	scrum808-el-arbol-que-queda-mutado.test.mjs	1	30492	30492	3929	0	0	0×1	
sin-sonda	scrum584-selector-de-columnas.test.mjs	1	30451	30451	1237	0	0	0×1	
sin-sonda	scrum599-navegacion-documentos-y-atajo.test.mjs	1	30321	30321	1055	0	0	0×1	
sin-sonda	scrum1216b-pantalla-arranque.test.mjs	1	30092	30092	952	0	0	0×1	
sin-sonda	scrum661b-el-coste-sobrevive-el-viaje.test.mjs	1	29856	29856	1024	0	0	0×1	
sin-sonda	scrum1123-vigia-despliegue-aviso.test.mjs	1	29832	29832	239	0	0	0×1	
sin-sonda	scrum325-libros-por-periodo.test.mjs	1	29790	29790	148	0	0	0×1	
sin-sonda	scrum475-constancia-correo.test.mjs	1	29707	29707	5788	0	0	0×1	
sin-sonda	scrum455-almacen-local.test.mjs	1	29645	29645	833	0	0	0×1	
sin-sonda	scrum1354-dueno-de-la-marca.test.mjs	1	29598	29598	812	0	0	0×1	
sin-sonda	scrum291-series-huecos.test.mjs	1	29595	29595	162	0	0	0×1	
sin-sonda	scrum593e-el-albaran-si-es-alcanzable.test.mjs	1	29496	29496	47	0	0	0×1	
sin-sonda	scrum313-pantalla-numeracion.test.mjs	1	29444	29444	159	0	0	0×1	
sin-sonda	scrum390-puerta-cliente-real.test.mjs	1	29310	29310	214	0	0	0×1	
sin-sonda	scrum693-filtro-de-comentarios.test.mjs	1	29262	29262	451	0	0	0×1	
sin-sonda	scrum942-bytes-de-control-en-el-arbol.test.mjs	1	29255	29255	1139	0	0	0×1	
sin-sonda	scrum885-documento-sin-enviar.test.mjs	1	29208	29208	1375	0	0	0×1	
sin-sonda	scrum1327-el-veredicto-no-se-decide-a-mano.test.mjs	1	29143	29143	944	0	0	0×1	
sin-sonda	scrum606-albaran-desde-presupuesto.test.mjs	1	29122	29122	1734	0	0	0×1	
sin-sonda	scrum283-tabla-patron-factura.test.mjs	1	28956	28956	490	0	0	0×1	
sin-sonda	scrum890b-rechazo-visible.test.mjs	1	28954	28954	2925	0	0	0×1	
sin-sonda	scrum683-parte-dictado.test.mjs	1	28835	28835	77	0	0	0×1	
sin-sonda	scrum605-atajos-vencimiento.test.mjs	1	28809	28809	69	0	0	0×1	
sin-sonda	scrum644-trinquete-mensaje-crudo.test.mjs	1	28768	28768	1860	0	0	0×1	
sin-sonda	scrum267-ancla-de-medicion.test.mjs	1	28757	28757	1389	0	0	0×1	
sin-sonda	scrum360-desalojo.test.mjs	1	28737	28737	940	0	0	0×1	
sin-sonda	scrum284-asignacion-submenus.test.mjs	1	28715	28715	486	0	0	0×1	
sin-sonda	scrum562-arbitro-de-toque.test.mjs	1	28693	28693	640	0	0	0×1	
sin-sonda	scrum578-formulario-duplicados.test.mjs	1	28645	28645	457	0	0	0×1	
sin-sonda	scrum1302h-firma-directa-ya-registrada.test.mjs	1	28594	28594	666	0	0	0×1	
sin-sonda	albaran.test.mjs	1	28580	28580	397	0	0	0×1	
sin-sonda	scrum1343-un-hijo-que-no-arranca-es-ciego.test.mjs	1	28392	28392	514	0	0	0×1	
sin-sonda	scrum607-precios-fuera-del-albaran.test.mjs	1	28362	28362	501	0	0	0×1	
sin-sonda	scrum563-registro-de-lo-aprobado.test.mjs	1	28314	28314	457	0	0	0×1	
sin-sonda	scrum780-formato-f-en-la-factura.test.mjs	1	28237	28237	124	0	0	0×1	
sin-sonda	scrum1117-anclas-por-bloque.test.mjs	1	28220	28220	1446	0	0	0×1	
sin-sonda	scrum195-pertenencia-por-job.test.mjs	1	28181	28181	93	0	0	0×1	
sin-sonda	scrum290-albaran-a-factura.test.mjs	1	28170	28170	60	0	0	0×1	
sin-sonda	scrum1362-cargador-de-defectos-del-viaje.test.mjs	1	28092	28092	40	0	0	0×1	
sin-sonda	scrum255-audit-log-sync.test.mjs	1	27999	27999	260	0	0	0×1	
sin-sonda	scrum579-direccion-de-facturacion.test.mjs	1	27988	27988	1102	0	0	0×1	
sin-sonda	scrum652d-puerta-al-parte.test.mjs	1	27988	27988	1331	0	0	0×1	
sin-sonda	scrum1233-mensaje-para-persona.test.mjs	1	27899	27899	1542	0	0	0×1	
sin-sonda	scrum1097-guard-acreditacion-invoicing-es.test.mjs	1	27777	27777	490	0	0	0×1	
sin-sonda	scrum314-wipedemo-derivado.test.mjs	1	27775	27775	486	0	0	0×1	
sin-sonda	scrum100-webhooks-fail-closed.test.mjs	1	27773	27773	994	0	0	0×1	
sin-sonda	scrum324-justificante-deducible.test.mjs	1	27709	27709	47	0	0	0×1	
sin-sonda	scrum420-barra-lateral.test.mjs	1	27696	27696	54	0	0	0×1	
sin-sonda	scrum899c-relevar-y-contexto.test.mjs	1	27646	27646	38	0	0	0×1	
sin-sonda	scrum839e-solo-pr-armados.test.mjs	1	27634	27634	2309	0	0	0×1	
sin-sonda	scrum303-albaran-una-pantalla.test.mjs	1	27616	27616	1156	0	0	0×1	
sin-sonda	scrum1351-viaje-firma-sin-red-albaran.test.mjs	1	27543	27543	9627	0	0	0×1	
sin-sonda	scrum300-firmante-ids-y-microcopy.test.mjs	1	27501	27501	62	0	0	0×1	
sin-sonda	scrum302-presupuesto-y-fotos.test.mjs	1	27288	27288	867	0	0	0×1	
sin-sonda	scrum383-clave-vs-destino.test.mjs	1	27214	27214	47	0	0	0×1	
sin-sonda	scrum823-la-escalera-mira-el-estado.test.mjs	1	27132	27132	215	0	0	0×1	
sin-sonda	scrum921-firmas-con-respaldo.test.mjs	1	27132	27132	3983	0	0	0×1	
sin-sonda	scrum764-margen-negativo.test.mjs	1	27107	27107	574	0	0	0×1	
sin-sonda	scrum976-guards-entrada-con-techo.test.mjs	1	26997	26997	19803	0	0	0×1	
sin-sonda	scrum944b-el-trabajo-se-llama-igual.test.mjs	1	26988	26988	54	0	0	0×1	
sin-sonda	scrum351-topologia-node-modules.test.mjs	1	26896	26896	514	0	0	0×1	
sin-sonda	scrum855-el-doble-llama-al-callback.test.mjs	1	26879	26879	744	0	0	0×1	
sin-sonda	scrum344-cierre-con-saldo.test.mjs	1	26866	26866	575	0	0	0×1	
sin-sonda	scrum395-preflight-migracion.test.mjs	1	26771	26771	45	0	0	0×1	
sin-sonda	scrum491-metodo-y-registro.test.mjs	1	26734	26734	460	0	0	0×1	
sin-sonda	scrum387-censo-reparto.test.mjs	1	26675	26675	447	0	0	0×1	
sin-sonda	scrum1027-atajo-flag-off-sin-documento.test.mjs	1	26617	26617	485	0	0	0×1	
sin-sonda	scrum357-que-lleva-encima.test.mjs	1	26553	26553	922	0	0	0×1	
sin-sonda	scrum358-drenado.test.mjs	1	26423	26423	999	0	0	0×1	
sin-sonda	scrum937-el-nif-no-se-tira-en-silencio.test.mjs	1	26423	26423	219	0	0	0×1	
sin-sonda	scrum1185-trinquete-sin-consumir.test.mjs	1	26364	26364	5536	0	0	0×1	
sin-sonda	scrum691-contraste-de-tokens.test.mjs	1	26361	26361	100	0	0	0×1	
sin-sonda	scrum141-factura-final.test.mjs	1	26283	26283	526	0	0	0×1	
sin-sonda	scrum289b-factura-suelta.test.mjs	1	26161	26161	566	0	0	0×1	
sin-sonda	scrum921c-firma-con-respaldo-en-codigo.test.mjs	1	26058	26058	4550	0	0	0×1	
sin-sonda	automerge-conflicto-no-es-averia.test.mjs	1	26042	26042	51	0	0	0×1	
sin-sonda	scrum1336-un-ciego-no-se-pinta-de-hallazgo.test.mjs	1	25950	25950	758	0	0	0×1	
sin-sonda	scrum294-recargo-caja.test.mjs	1	25890	25890	421	0	0	0×1	
sin-sonda	scrum622-desconocido-no-es-verde.test.mjs	1	25875	25875	3440	0	0	0×1	
sin-sonda	scrum1388-facturas-recibidas-literales-firmados.test.mjs	1	25866	25866	1586	0	0	0×1	
sin-sonda	scrum938-la-lista-como-fixture.test.mjs	1	25865	25865	1131	0	0	0×1	
sin-sonda	scrum1317-cierre-admin-e-inicio-del-operario.test.mjs	1	25838	25838	1063	0	0	0×1	
sin-sonda	scrum296-pantalla-libro.test.mjs	1	25836	25836	107	0	0	0×1	
sin-sonda	scrum844f-lo-que-cambia-el-importe.test.mjs	1	25828	25828	115	0	0	0×1	
sin-sonda	scrum578-duplicados-identificador.test.mjs	1	25771	25771	64	0	0	0×1	
sin-sonda	scrum534b-documentos-fantasma.test.mjs	1	25639	25639	43257	0	0	0×1	
sin-sonda	scrum1108b-pantalla-garantia.test.mjs	1	25630	25630	876	0	0	0×1	
sin-sonda	scrum295-modelo-303.test.mjs	1	25575	25575	47	0	0	0×1	
sin-sonda	scrum653-dos-firmas.test.mjs	1	25527	25527	395	0	0	0×1	
sin-sonda	scrum670-un-solo-extractor.test.mjs	1	25469	25469	500	0	0	0×1	
sin-sonda	scrum1286-intermitente-1281.test.mjs	1	25378	25378	42	0	0	0×1	
sin-sonda	scrum352-target-tactil-variantes.test.mjs	1	25322	25322	2446	0	0	0×1	
sin-sonda	scrum917g-el-trabajo-plegable.test.mjs	1	25013	25013	215	0	0	0×1	
sin-sonda	scrum1126-fusion-de-clientes.test.mjs	1	24941	24941	3230	0	0	0×1	
sin-sonda	scrum846b-siembras-a-los-quince.test.mjs	1	24922	24922	405	0	0	0×1	
sin-sonda	scrum305-entrega-pendiente.test.mjs	1	24918	24918	454	0	0	0×1	
sin-sonda	scrum954-vivo-no-es-listado.test.mjs	1	24859	24859	528	0	0	0×1	
sin-sonda	scrum633-caducidad-en-la-zona.test.mjs	1	24822	24822	488	0	0	0×1	
sin-sonda	scrum899-sesion-lista-blanca.test.mjs	1	24804	24804	475	0	0	0×1	
sin-sonda	scrum501-una-fila-por-envio.test.mjs	1	24794	24794	525	0	0	0×1	
sin-sonda	scrum358-encolar-firma.test.mjs	1	24744	24744	985	0	0	0×1	
sin-sonda	scrum304-albaranes-tabla.test.mjs	1	24707	24707	604	0	0	0×1	
sin-sonda	scrum664-el-compilador-como-censo.test.mjs	1	24689	24689	691	0	0	0×1	
sin-sonda	scrum1289-por-que-cayo.test.mjs	1	24644	24644	103	0	0	0×1	
sin-sonda	scrum853-lecturas-que-fallan-cerrado.test.mjs	1	24615	24615	1003	0	0	0×1	
sin-sonda	scrum558-ancla-alcanzable.test.mjs	1	24573	24573	307	0	0	0×1	
sin-sonda	scrum499-el-registro-tiene-sitio.test.mjs	1	24489	24489	696	0	0	0×1	
sin-sonda	scrum600e-condiciones-contra-el-emisor.test.mjs	1	24465	24465	1079	0	0	0×1	
sin-sonda	scrum820-estados-en-castellano.test.mjs	1	24435	24435	2203	0	0	0×1	
sin-sonda	scrum494-export-que-sobra.test.mjs	1	24368	24368	9065	0	0	0×1	
sin-sonda	scrum993-boton-un-toque.test.mjs	1	24341	24341	4449	0	0	0×1	
sin-sonda	scrum815c-el-escritor-de-los-cinco.test.mjs	1	24330	24330	1333	0	0	0×1	
sin-sonda	scrum1322-el-bot-entiende-lo-que-pide.test.mjs	1	24328	24328	1054	0	0	0×1	
sin-sonda	scrum626-calentar-el-navegador.test.mjs	1	24323	24323	46	0	0	0×1	
sin-sonda	scrum774-arbol-de-otra-sesion.test.mjs	1	24226	24226	1938	0	0	0×1	
sin-sonda	scrum759-el-guard-ciego-fuera-de-su-fichero.test.mjs	1	24180	24180	5649	0	0	0×1	
sin-sonda	scrum551-anclas-bloque-f.test.mjs	1	24163	24163	445	0	0	0×1	
sin-sonda	scrum615-pedir-tipo-destinatario.test.mjs	1	24118	24118	345	0	0	0×1	
sin-sonda	scrum1157-censo-convenio-microcopy.test.mjs	1	24111	24111	3149	0	0	0×1	
sin-sonda	scrum656-iva-y-clausulas.test.mjs	1	24104	24104	398	0	0	0×1	
sin-sonda	scrum192-borrado-merchant.test.mjs	1	24061	24061	54	0	0	0×1	
sin-sonda	scrum1325b-expresiones-sobre-texto-de-persona.test.mjs	1	24036	24036	4069	0	0	0×1	
sin-sonda	scrum1040-pantalla-facturas-recibidas.test.mjs	1	24032	24032	69	0	0	0×1	
sin-sonda	scrum932-el-turno-tiene-mecanismo.test.mjs	1	24014	24014	719	0	0	0×1	
sin-sonda	scrum508-los-cinco-dejan-fila.test.mjs	1	24005	24005	2076	0	0	0×1	
sin-sonda	scrum216-tipo-rectificativa-sin-defecto.test.mjs	1	23993	23993	823	0	0	0×1	
sin-sonda	scrum804-la-rama-viva.test.mjs	1	23935	23935	7570	0	0	0×1	
sin-sonda	scrum598-el-margen-sale-del-documento.test.mjs	1	23825	23825	982	0	0	0×1	
sin-sonda	scrum677-vigilante-de-despliegue.test.mjs	1	23814	23814	43	0	0	0×1	
sin-sonda	scrum333-tarjetas-gremio.test.mjs	1	23809	23809	52	0	0	0×1	
sin-sonda	scrum319-documentos-por-tipo.test.mjs	1	23723	23723	659	0	0	0×1	
sin-sonda	scrum565-encargo-completo.test.mjs	1	23678	23678	49	0	0	0×1	
sin-sonda	scrum1128-envio-construido.test.mjs	1	23650	23650	533	0	0	0×1	
sin-sonda	scrum959b-el-arranque-no-duplica-el-equipo.test.mjs	1	23621	23621	8934	0	0	0×1	
sin-sonda	scrum672-un-test-que-desaparece.test.mjs	1	23572	23572	46	0	0	0×1	
sin-sonda	scrum542-objetivo-tactil.test.mjs	1	23566	23566	44	0	0	0×1	
sin-sonda	scrum766-el-grep-que-cuenta-lineas.test.mjs	1	23555	23555	1588	0	0	0×1	
sin-sonda	scrum591-alta-desde-el-documento.test.mjs	1	23531	23531	1745	0	0	0×1	
sin-sonda	scrum438-atestiguar.test.mjs	1	23524	23524	145	0	0	0×1	
sin-sonda	pr-automatico-el-mensaje-del-automerge.test.mjs	1	23446	23446	289	0	0	0×1	
sin-sonda	scrum574-switch-forma-juridica.test.mjs	1	23439	23439	526	0	0	0×1	
sin-sonda	scrum581-pestanas-y-orden-clientes.test.mjs	1	23374	23374	49	0	0	0×1	
sin-sonda	wa-log-sync.test.mjs	1	23307	23307	167	0	0	0×1	
sin-sonda	scrum452-pdf-lo-que-se-sello.test.mjs	1	23304	23304	538	0	0	0×1	
sin-sonda	scrum645-la-puerta-no-tira-los-tramos.test.mjs	1	23249	23249	103	0	0	0×1	
sin-sonda	scrum652-parte-trabajo.test.mjs	1	23208	23208	52	0	0	0×1	
sin-sonda	scrum739-informes-al-sitio-unico.test.mjs	1	23189	23189	416	0	0	0×1	
sin-sonda	scrum284-configuracion-submenus.test.mjs	1	23108	23108	634	0	0	0×1	
sin-sonda	scrum253-adopcion.test.mjs	1	23055	23055	7094	0	0	0×1	
sin-sonda	scrum887-el-cobro-es-lo-firmado.test.mjs	1	23052	23052	1929	0	0	0×1	
sin-sonda	scrum294c-criterio-del-merchant.test.mjs	1	22990	22990	140	0	0	0×1	
sin-sonda	scrum805-que-firmo-el-cliente.test.mjs	1	22985	22985	895	0	0	0×1	
sin-sonda	scrum388-censo-mecanismo.test.mjs	1	22973	22973	2305	0	0	0×1	
sin-sonda	scrum1381-escritores-por-fila.test.mjs	1	22929	22929	954	0	0	0×1	
sin-sonda	scrum899b-arranque-de-la-tanda.test.mjs	1	22851	22851	1694	0	0	0×1	
sin-sonda	scrum17-recapitulativa.test.mjs	1	22834	22834	327	0	0	0×1	
sin-sonda	scrum397-fecha-real-de-cobro.test.mjs	1	22764	22764	2378	0	0	0×1	
sin-sonda	scrum1102f-sii-y-foral-se-preguntan-y-se-guardan.test.mjs	1	22725	22725	1230	0	0	0×1	
sin-sonda	scrum568-promesa-con-mecanismo.test.mjs	1	22708	22708	541	0	0	0×1	
sin-sonda	scrum564b-hueco-condicion.test.mjs	1	22703	22703	466	0	0	0×1	
sin-sonda	scrum698-vistas-que-no-se-miden.test.mjs	1	22646	22646	3273	0	0	0×1	
sin-sonda	scrum660-iva-defecto-del-documento.test.mjs	1	22627	22627	3386	0	0	0×1	
sin-sonda	scrum596-la-nota-interna-no-sale.test.mjs	1	22585	22585	798	0	0	0×1	
sin-sonda	scrum329-legal-pagina-publica.test.mjs	1	22579	22579	994	0	0	0×1	
sin-sonda	scrum320-que-falta-para-cobrar.test.mjs	1	22573	22573	71	0	0	0×1	
sin-sonda	scrum844c-el-xml-que-se-remite.test.mjs	1	22561	22561	544	0	0	0×1	
sin-sonda	scrum1298-mesa-por-puesto.test.mjs	1	22534	22534	884	0	0	0×1	
sin-sonda	scrum268-espera-automatica.test.mjs	1	22497	22497	5750	0	0	0×1	
sin-sonda	scrum400-conformidad-landing.test.mjs	1	22478	22478	70	0	0	0×1	
sin-sonda	scrum745-comparar-por-identidad.test.mjs	1	22421	22421	6680	0	0	0×1	
sin-sonda	scrum816-la-lista-no-miente.test.mjs	1	22411	22411	97	0	0	0×1	
sin-sonda	scrum600g-plantillas-en-el-documento-suelto.test.mjs	1	22396	22396	4714	0	0	0×1	
sin-sonda	scrum689-pestanas-clientes-con-css.test.mjs	1	22344	22344	447	0	0	0×1	
sin-sonda	scrum386-hojas-fuera.test.mjs	1	22313	22313	618	0	0	0×1	
sin-sonda	scrum733-el-censo-no-se-encoge-en-silencio.test.mjs	1	22235	22235	303	0	0	0×1	
sin-sonda	scrum564-afirmaciones-publicadas.test.mjs	1	22199	22199	458	0	0	0×1	
sin-sonda	scrum1303-estado-dentro-del-where.test.mjs	1	22149	22149	399	0	0	0×1	
sin-sonda	scrum1259-abierto-con-trabajo-en-main.test.mjs	1	22146	22146	137	0	0	0×1	
sin-sonda	scrum195-lectura-serializacion.test.mjs	1	22139	22139	49	0	0	0×1	
sin-sonda	scrum317-trabajo-por-su-nombre.test.mjs	1	22098	22098	83	0	0	0×1	
sin-sonda	scrum853c-el-vigia-no-se-cree-un-error.test.mjs	1	22073	22073	12752	0	0	0×1	
sin-sonda	scrum683b-cableado-dictado.test.mjs	1	22071	22071	515	0	0	0×1	
sin-sonda	scrum244-cobertura-portabilidad.test.mjs	1	22004	22004	177	0	0	0×1	
sin-sonda	scrum397-instante-de-cobro.test.mjs	1	21895	21895	3221	0	0	0×1	
sin-sonda	scrum229-margen-en-pie.test.mjs	1	21888	21888	109	0	0	0×1	
sin-sonda	scrum919-cola-al-volver-la-red.test.mjs	1	21880	21880	1664	0	0	0×1	
sin-sonda	scrum771-el-emisor-no-valida-el-tipo.test.mjs	1	21856	21856	3351	0	0	0×1	
sin-sonda	scrum1325-una-tilde-no-rompe-lo-que-entiende.test.mjs	1	21840	21840	115	0	0	0×1	
sin-sonda	scrum593-cabecera-y-pie-del-documento.test.mjs	1	21826	21826	498	0	0	0×1	
sin-sonda	scrum1258-el-tipo-del-registro-es-el-de-la-huella.test.mjs	1	21729	21729	650	0	0	0×1	
sin-sonda	scrum627b-censo-declara-reimplementaciones.test.mjs	1	21722	21722	3144	0	0	0×1	
sin-sonda	scrum1007-1011-1026-relevo-lanzar-bloqueo.test.mjs	1	21717	21717	9892	0	0	0×1	
sin-sonda	scrum461-censo-no-encoge.test.mjs	1	21641	21641	409	0	0	0×1	
sin-sonda	scrum887c-caso-c-bloqueado.test.mjs	1	21630	21630	1138	0	0	0×1	
sin-sonda	scrum443-toast-legible.test.mjs	1	21629	21629	525	0	0	0×1	
sin-sonda	scrum362-residuales.test.mjs	1	21570	21570	1160	0	0	0×1	
sin-sonda	scrum451-plazo-de-red.test.mjs	1	21559	21559	4007	0	0	0×1	
sin-sonda	scrum946-censo-de-huerfanos.test.mjs	1	21542	21542	1199	0	0	0×1	
sin-sonda	scrum716c-la-memoria-del-vigia.test.mjs	1	21521	21521	1363	0	0	0×1	
sin-sonda	scrum331-heroe.test.mjs	1	21513	21513	60	0	0	0×1	
sin-sonda	scrum711-guards-sin-sitio.test.mjs	1	21416	21416	489	0	0	0×1	
sin-sonda	scrum892-firma-vacia.test.mjs	1	21365	21365	772	0	0	0×1	
sin-sonda	scrum1349-entorno-prestado-solo-baja.test.mjs	1	21351	21351	5253	0	0	0×1	
sin-sonda	scrum337-aviso-atado-al-bloqueo.test.mjs	1	21345	21345	1866	0	0	0×1	
sin-sonda	scrum195-loop-adicional.test.mjs	1	21286	21286	773	0	0	0×1	
sin-sonda	scrum350-modal-footer-envuelve.test.mjs	1	21280	21280	2690	0	0	0×1	
sin-sonda	scrum1167-irreversible-gana-la-cascada.test.mjs	1	21274	21274	366	0	0	0×1	
sin-sonda	scrum233-prosa-sin-url-insegura.test.mjs	1	21199	21199	715	0	0	0×1	
sin-sonda	scrum666b-toda-clase-pintada-tiene-regla.test.mjs	1	21196	21196	1386	0	0	0×1	
sin-sonda	scrum417-descargar-datos-carga.test.mjs	1	21190	21190	572	0	0	0×1	
sin-sonda	scrum1333-una-factura-se-encola-una-vez.test.mjs	1	21176	21176	782	0	0	0×1	
sin-sonda	scrum1075-aviso-resumen-trimestre.test.mjs	1	21150	21150	739	0	0	0×1	
sin-sonda	scrum615-plazo-con-null.test.mjs	1	21083	21083	13165	0	0	0×1	
sin-sonda	scrum939b-trinquete-de-las-skills.test.mjs	1	21071	21071	169	0	0	0×1	
sin-sonda	scrum418-credencial-de-produccion.test.mjs	1	21045	21045	61	0	0	0×1	
sin-sonda	scrum702-suelo-misma-poblacion.test.mjs	1	21027	21027	6943	0	0	0×1	
sin-sonda	scrum469-aviso-desalojo.test.mjs	1	20936	20936	1145	0	0	0×1	
sin-sonda	scrum298-modo-visible.test.mjs	1	20923	20923	392	0	0	0×1	
sin-sonda	scrum844e-el-libro-es-una-declaracion.test.mjs	1	20904	20904	46	0	0	0×1	
sin-sonda	scrum1324-nadie-vigila-el-silencio.test.mjs	1	20904	20904	956	0	0	0×1	
sin-sonda	scrum427-composicion-detalle.test.mjs	1	20890	20890	924	0	0	0×1	
sin-sonda	scrum884-importador-normaliza-telefono.test.mjs	1	20855	20855	186	0	0	0×1	
sin-sonda	scrum880-el-empate-del-sello.test.mjs	1	20815	20815	1616	0	0	0×1	
sin-sonda	scrum406-escribenos.test.mjs	1	20810	20810	745	0	0	0×1	
sin-sonda	scrum405-microcopy-descarga.test.mjs	1	20806	20806	579	0	0	0×1	
sin-sonda	scrum242-backup-verificado.test.mjs	1	20775	20775	434	0	0	0×1	
sin-sonda	scrum1216b-numero-de-arranque.test.mjs	1	20759	20759	810	0	0	0×1	
sin-sonda	scrum600d-el-envio-tras-emitir.test.mjs	1	20691	20691	4582	0	0	0×1	
sin-sonda	scrum643-zona-del-merchant.test.mjs	1	20656	20656	3216	0	0	0×1	
sin-sonda	scrum1338-la-barra-del-operario-contra-los-gates.test.mjs	1	20641	20641	2335	0	0	0×1	
sin-sonda	scrum1059-etiquetado-masivo.test.mjs	1	20572	20572	60	0	0	0×1	
sin-sonda	scrum336-atribucion-sin-almacenamiento.test.mjs	1	20549	20549	1235	0	0	0×1	
sin-sonda	scrum639-vocabulario-sale-de-la-puerta.test.mjs	1	20545	20545	42	0	0	0×1	
sin-sonda	scrum561-citar-fuera-del-esquema.test.mjs	1	20544	20544	443	0	0	0×1	
sin-sonda	scrum856-canje-una-sola-vez.test.mjs	1	20514	20514	53	0	0	0×1	
sin-sonda	scrum217-failopen-entrada.test.mjs	1	20508	20508	164	0	0	0×1	
sin-sonda	scrum839c-la-pasada-se-ejecuta.test.mjs	1	20496	20496	723	0	0	0×1	
sin-sonda	scrum821-la-lista-que-decide-que-se-mira.test.mjs	1	20469	20469	51	0	0	0×1	
sin-sonda	scrum421-registro-presupuesto.test.mjs	1	20434	20434	1210	0	0	0×1	
sin-sonda	scrum379-recarga-sin-await.test.mjs	1	20338	20338	352	0	0	0×1	
sin-sonda	scrum506-cobros-distingue-el-desconocido.test.mjs	1	20330	20330	545	0	0	0×1	
sin-sonda	scrum725-dato-inventado-en-la-descripcion.test.mjs	1	20304	20304	55	0	0	0×1	
sin-sonda	scrum890-parte-vacio.test.mjs	1	20300	20300	139	0	0	0×1	
sin-sonda	scrum949-el-suelo-como-cociente.test.mjs	1	20282	20282	1643	0	0	0×1	
sin-sonda	scrum289-censo-origen-factura.test.mjs	1	20236	20236	2880	0	0	0×1	
sin-sonda	scrum394-plan-mudo.test.mjs	1	20180	20180	571	0	0	0×1	
sin-sonda	scrum1107-retencion-garantia.test.mjs	1	20150	20150	62	0	0	0×1	
sin-sonda	scrum274-shell-alineado.test.mjs	1	19995	19995	52	0	0	0×1	
sin-sonda	scrum1355-borrador-no-es-deuda.test.mjs	1	19975	19975	386	0	0	0×1	
sin-sonda	scrum1313-ciego-no-es-verde-ni-rojo.test.mjs	1	19961	19961	532	0	0	0×1	
sin-sonda	scrum1228b-permisos-no-reintentan.test.mjs	1	19935	19935	506	0	0	0×1	
sin-sonda	scrum358-alta-idempotente.test.mjs	1	19917	19917	93	0	0	0×1	
sin-sonda	scrum1276-decision-no-reabre.test.mjs	1	19910	19910	873	0	0	0×1	
sin-sonda	scrum215-sin-destinatario.test.mjs	1	19902	19902	1195	0	0	0×1	
sin-sonda	scrum480-fin-de-linea.test.mjs	1	19882	19882	3105	0	0	0×1	
sin-sonda	scrum458-paquete-de-precarga.test.mjs	1	19870	19870	327	0	0	0×1	
sin-sonda	scrum244-supresion-y-anonimizado.test.mjs	1	19842	19842	631	0	0	0×1	
sin-sonda	scrum292-nif-antes-de-emitir.test.mjs	1	19840	19840	571	0	0	0×1	
sin-sonda	scrum887b-descuento-global.test.mjs	1	19826	19826	703	0	0	0×1	
sin-sonda	scrum290-endpoint-convertir.test.mjs	1	19770	19770	541	0	0	0×1	
sin-sonda	tecnosel-precios-tras-firmar.test.mjs	1	19729	19729	49	0	0	0×1	
sin-sonda	scrum168-zona-roja.test.mjs	1	19723	19723	43	0	0	0×1	
sin-sonda	scrum1116-digest-garantia-retenida.test.mjs	1	19685	19685	504	0	0	0×1	
sin-sonda	scrum268-cesion.test.mjs	1	19680	19680	466	0	0	0×1	
sin-sonda	scrumD1-puerta-serie.test.mjs	1	19669	19669	56	0	0	0×1	
sin-sonda	scrum903-marcador-no-se-imprime.test.mjs	1	19655	19655	408	0	0	0×1	
sin-sonda	scrum1048-resumen-trimestre.test.mjs	1	19650	19650	32	0	0	0×1	
sin-sonda	scrum365-permisos-tarifario.test.mjs	1	19636	19636	1026	0	0	0×1	
sin-sonda	scrum296-libro-registro.test.mjs	1	19574	19574	59	0	0	0×1	
sin-sonda	scrum1191-tope-cola-firmas.test.mjs	1	19525	19525	671	0	0	0×1	
sin-sonda	scrum893-solo-lo-que-puede-cobrar.test.mjs	1	19496	19496	617	0	0	0×1	
sin-sonda	scrum943-la-categoria-se-valida.test.mjs	1	19490	19490	251	0	0	0×1	
sin-sonda	scrum762-el-pdf-emitido-se-rehace.test.mjs	1	19486	19486	2114	0	0	0×1	
sin-sonda	scrum1107b-rutas-garantia.test.mjs	1	19435	19435	435	0	0	0×1	
sin-sonda	scrum1289b-reporters-como-argumentos.test.mjs	1	19400	19400	689	0	0	0×1	
sin-sonda	scrum603b-descripcion-en-el-albaran.test.mjs	1	19380	19380	627	0	0	0×1	
sin-sonda	scrum308-bloqueo-rectify.test.mjs	1	19365	19365	438	0	0	0×1	
sin-sonda	scrum306-serie-albaranes.test.mjs	1	19364	19364	165	0	0	0×1	
sin-sonda	scrum728d-viajes-de-la-reserva.test.mjs	1	19329	19329	95	0	0	0×1	
sin-sonda	scrum432-plantillas-pestana.test.mjs	1	19325	19325	722	0	0	0×1	
sin-sonda	scrum588-referencia-interna.test.mjs	1	19253	19253	43	0	0	0×1	
sin-sonda	scrum757-la-declaracion-que-nadie-lee.test.mjs	1	19246	19246	4812	0	0	0×1	
sin-sonda	scrum656b-clausulas-configuracion.test.mjs	1	19138	19138	385	0	0	0×1	
sin-sonda	scrum525d-anclas-que-apuntan.test.mjs	1	19112	19112	442	0	0	0×1	
sin-sonda	scrum477-avisos-con-constancia.test.mjs	1	19080	19080	2700	0	0	0×1	
sin-sonda	scrum642-tramos-del-arranque.test.mjs	1	19049	19049	563	0	0	0×1	
sin-sonda	scrum694b-el-filtro-que-no-ve-la-url.test.mjs	1	18984	18984	3684	0	0	0×1	
sin-sonda	scrum704-el-cuerpo-llega.test.mjs	1	18974	18974	1733	0	0	0×1	
sin-sonda	scrum727-constancia-del-vigia.test.mjs	1	18940	18940	596	0	0	0×1	
sin-sonda	scrum441-metodo-declarado.test.mjs	1	18915	18915	45	0	0	0×1	
sin-sonda	scrum1292-cobro-pagado-no-retrocede.test.mjs	1	18876	18876	301	0	0	0×1	
sin-sonda	scrum690-contraste-segmented.test.mjs	1	18869	18869	364	0	0	0×1	
sin-sonda	scrum1091-guard-cwd-posix.test.mjs	1	18837	18837	42	0	0	0×1	
sin-sonda	scrum316-detalle-trabajo-b2.test.mjs	1	18826	18826	585	0	0	0×1	
sin-sonda	scrum549-nada-publicable-sin-marcar.test.mjs	1	18823	18823	54	0	0	0×1	
sin-sonda	scrum493-dos-instrumentos.test.mjs	1	18816	18816	9854	0	0	0×1	
sin-sonda	scrum232-turno-contexto.test.mjs	1	18810	18810	51	0	0	0×1	
sin-sonda	scrum1285-guardado-en-vuelo.test.mjs	1	18717	18717	10758	0	0	0×1	
sin-sonda	scrum348-tenencia-por-lectura.test.mjs	1	18678	18678	1428	0	0	0×1	
sin-sonda	scrum1155-alta-rediseno.test.mjs	1	18644	18644	40	0	0	0×1	
sin-sonda	scrum597-asignar-usuario-al-documento.test.mjs	1	18636	18636	890	0	0	0×1	
sin-sonda	scrum1063b-303-soportado-resultado.test.mjs	1	18634	18634	43	0	0	0×1	
sin-sonda	scrum623-desglose-por-tipo.test.mjs	1	18616	18616	1156	0	0	0×1	
sin-sonda	scrum714-cada-numero-con-su-unidad.test.mjs	1	18595	18595	319	0	0	0×1	
sin-sonda	scrum244-colgados-de-otro-modelo.test.mjs	1	18595	18595	73	0	0	0×1	
sin-sonda	scrum399-hambre-del-lote.test.mjs	1	18541	18541	723	0	0	0×1	
sin-sonda	scrum497-dato-personal-no-sobrevive.test.mjs	1	18540	18540	164	0	0	0×1	
sin-sonda	scrum740-carrera-por-el-arbol.test.mjs	1	18529	18529	2752	0	0	0×1	
sin-sonda	scrum662-lista-de-scripts.test.mjs	1	18509	18509	281	0	0	0×1	
sin-sonda	scrum361-version-al-firmar.test.mjs	1	18475	18475	737	0	0	0×1	
sin-sonda	scrum697-un-solo-render.test.mjs	1	18466	18466	1970	0	0	0×1	
sin-sonda	scrum1301-bizum-hoy-de-madrugada.test.mjs	1	18442	18442	288	0	0	0×1	
sin-sonda	emission.test.mjs	1	18440	18440	102	0	0	0×1	
sin-sonda	scrum710b-anclaje-por-identidad.test.mjs	1	18437	18437	23294	0	0	0×1	
sin-sonda	scrum734-una-sola-carga.test.mjs	1	18401	18401	554	0	0	0×1	
sin-sonda	scrum503-desconocido-no-es-error.test.mjs	1	18355	18355	515	0	0	0×1	
sin-sonda	scrum1232-libro-sin-justificantes.test.mjs	1	18329	18329	137	0	0	0×1	
sin-sonda	scrum616-que-guarda-la-factura.test.mjs	1	18308	18308	36	0	0	0×1	
sin-sonda	scrum346-justificante-suelto.test.mjs	1	18251	18251	482	0	0	0×1	
sin-sonda	scrum1320-hallazgo-y-ciego-no-son-excluyentes.test.mjs	1	18235	18235	738	0	0	0×1	
sin-sonda	scrum716-vigia-no-dice-al-dia-sin-mirar.test.mjs	1	18215	18215	34	0	0	0×1	
sin-sonda	scrum848b-el-fixture-llega-a-la-pantalla.test.mjs	1	18181	18181	866	0	0	0×1	
sin-sonda	scrum809-paywall-tras-cancelar.test.mjs	1	18171	18171	10961	0	0	0×1	
sin-sonda	scrum209-desglose-conforme.test.mjs	1	18166	18166	908	0	0	0×1	
sin-sonda	scrum712-decimales-de-precio.test.mjs	1	18111	18111	523	0	0	0×1	
sin-sonda	scrum330-contador-solo-activas.test.mjs	1	18110	18110	87	0	0	0×1	
sin-sonda	scrum755-el-contador-que-cuadro-solo.test.mjs	1	18106	18106	2585	0	0	0×1	
sin-sonda	scrum1398-la-sonda-de-colision.test.mjs	1	18047	18047	1180	0	0	0×1	
sin-sonda	scrum1047-beneficio-sobre-la-base.test.mjs	1	18018	18018	30	0	0	0×1	
sin-sonda	scrum318-rail-contenido.test.mjs	1	18016	18016	655	0	0	0×1	
sin-sonda	scrum381-semilla.test.mjs	1	17961	17961	2281	0	0	0×1	
sin-sonda	scrum360-entorno-guardado.test.mjs	1	17926	17926	278	0	0	0×1	
sin-sonda	scrum577-nombre-para-documento.test.mjs	1	17915	17915	394	0	0	0×1	
sin-sonda	scrum781-concurrencia-de-la-factura.test.mjs	1	17910	17910	401	0	0	0×1	
sin-sonda	scrum258-nota-por-sesion.test.mjs	1	17907	17907	5203	0	0	0×1	
sin-sonda	scrum1200-sin-respuesta.test.mjs	1	17886	17886	487	0	0	0×1	
sin-sonda	scrum368-anillo-foco-primario.test.mjs	1	17856	17856	192	0	0	0×1	
sin-sonda	scrum574-mismo-cliente-tras-migracion.test.mjs	1	17852	17852	432	0	0	0×1	
sin-sonda	scrum1296-emitir-encola.test.mjs	1	17808	17808	69	0	0	0×1	
sin-sonda	scrum723-guard-contra-su-base.test.mjs	1	17782	17782	9283	0	0	0×1	
sin-sonda	scrum665a-congelar-el-emisor.test.mjs	1	17781	17781	795	0	0	0×1	
sin-sonda	scrum867-el-modal-muerto.test.mjs	1	17742	17742	4344	0	0	0×1	
sin-sonda	scrum741-la-entrada-no-la-linea.test.mjs	1	17736	17736	445	0	0	0×1	
sin-sonda	scrum428-terminado-sin-cobrar.test.mjs	1	17734	17734	50	0	0	0×1	
sin-sonda	scrum719-el-suelo-de-los-doce.test.mjs	1	17715	17715	452	0	0	0×1	
sin-sonda	scrum654-dictado-sin-conexion.test.mjs	1	17688	17688	63	0	0	0×1	
sin-sonda	scrum895b-literales-firmados.test.mjs	1	17685	17685	917	0	0	0×1	
sin-sonda	scrum1222-sesion-panel.test.mjs	1	17680	17680	187	0	0	0×1	
sin-sonda	scrum750-los-dos-calendarios.test.mjs	1	17672	17672	9189	0	0	0×1	
sin-sonda	scrum746b-guarda-en-la-conexion.test.mjs	1	17615	17615	53	0	0	0×1	
sin-sonda	scrum270-evidencia-reunida.test.mjs	1	17605	17605	43	0	0	0×1	
sin-sonda	scrum302-duplicar.test.mjs	1	17585	17585	454	0	0	0×1	
sin-sonda	scrum1103-retencion-practicada-en-gastos.test.mjs	1	17555	17555	768	0	0	0×1	
sin-sonda	scrum731-el-descuento-explicado.test.mjs	1	17555	17555	630	0	0	0×1	
sin-sonda	scrum444-avisos-no-se-pisan.test.mjs	1	17541	17541	5841	0	0	0×1	
sin-sonda	scrum659-lector-de-lineas-del-pdf.test.mjs	1	17521	17521	349	0	0	0×1	
sin-sonda	scrum610-precio-final-del-catalogo.test.mjs	1	17520	17520	39	0	0	0×1	
sin-sonda	scrum361-version-al-editar.test.mjs	1	17515	17515	338	0	0	0×1	
sin-sonda	scrum1296-procesador-cola.test.mjs	1	17500	17500	79	0	0	0×1	
sin-sonda	scrum778-la-lista-cableada.test.mjs	1	17462	17462	3379	0	0	0×1	
sin-sonda	scrum445-cobros-duplicados.test.mjs	1	17459	17459	89	0	0	0×1	
sin-sonda	scrum293-retencion-irpf.test.mjs	1	17440	17440	63	0	0	0×1	
sin-sonda	scrum641-nombre-cogido-sin-500.test.mjs	1	17425	17425	471	0	0	0×1	
sin-sonda	scrum709-microcopy-por-fichero.test.mjs	1	17367	17367	2036	0	0	0×1	
sin-sonda	scrum743-tercera-forma.test.mjs	1	17350	17350	593	0	0	0×1	
sin-sonda	scrum230-qr-pagina.test.mjs	1	17345	17345	48	0	0	0×1	
sin-sonda	scrum861-firma-por-delegacion.test.mjs	1	17306	17306	328	0	0	0×1	
sin-sonda	scrum844d-quien-entra-en-la-cadena.test.mjs	1	17255	17255	137	0	0	0×1	
sin-sonda	scrum758-cabecera-no-miente.test.mjs	1	17190	17190	516	0	0	0×1	
sin-sonda	scrum244-menu-portabilidad.test.mjs	1	17179	17179	441	0	0	0×1	
sin-sonda	scrum284-censo-configuracion.test.mjs	1	17176	17176	504	0	0	0×1	
sin-sonda	scrum1042-ajuste-foto-tecnico.test.mjs	1	17106	17106	40	0	0	0×1	
sin-sonda	scrum1360-caja-albaran-firma-de-parte.test.mjs	1	17007	17007	554	0	0	0×1	
sin-sonda	scrum70-consolidacion-cliente.test.mjs	1	16984	16984	348	0	0	0×1	
sin-sonda	scrum677b-el-vigia-esta-cableado.test.mjs	1	16960	16960	42	0	0	0×1	
sin-sonda	scrum409-fixtures-sin-merchant-demo.test.mjs	1	16957	16957	5230	0	0	0×1	
sin-sonda	merchant-fixture.test.mjs	1	16945	16945	409	0	0	0×1	
sin-sonda	scrum831-albaranes-con-acciones.test.mjs	1	16904	16904	67	0	0	0×1	
sin-sonda	scrum360-entorno-instalada.test.mjs	1	16901	16901	724	0	0	0×1	
sin-sonda	scrum619-vocabulario-de-linea.test.mjs	1	16886	16886	1941	0	0	0×1	
sin-sonda	scrum783-seleccion-sobrevive-navegacion.test.mjs	1	16868	16868	2428	0	0	0×1	
sin-sonda	scrum557-alcance-por-identidad.test.mjs	1	16810	16810	397	0	0	0×1	
sin-sonda	scrum760-iva-de-voz-rechazado.test.mjs	1	16772	16772	3858	0	0	0×1	
sin-sonda	scrum385-preview-fiable.test.mjs	1	16736	16736	3978	0	0	0×1	
sin-sonda	scrum162-conceptos-frecuentes.test.mjs	1	16734	16734	60	0	0	0×1	
sin-sonda	scrum1105-semilla-destino-por-bandera.test.mjs	1	16721	16721	573	0	0	0×1	
sin-sonda	scrum464-precarga-del-tecnico.test.mjs	1	16699	16699	116	0	0	0×1	
sin-sonda	scrum311-cantidad-inventada-derivada.test.mjs	1	16699	16699	1047	0	0	0×1	
sin-sonda	scrum1133-whatsapp-del-cliente.test.mjs	1	16691	16691	991	0	0	0×1	
sin-sonda	scrum384-min-height-locales.test.mjs	1	16690	16690	491	0	0	0×1	
sin-sonda	scrum1108-aviso-garantia-retenida.test.mjs	1	16665	16665	476	0	0	0×1	
sin-sonda	scrum195-url-bd-sin-fuga.test.mjs	1	16661	16661	1538	0	0	0×1	
sin-sonda	scrum363-eje-de-cobro.test.mjs	1	16639	16639	117	0	0	0×1	
sin-sonda	scrum818-la-cabecera-no-miente.test.mjs	1	16630	16630	369	0	0	0×1	
sin-sonda	scrum245-llamador-declara-merchant.test.mjs	1	16626	16626	1888	0	0	0×1	
sin-sonda	scrum827-el-trinquete-mira-el-valor.test.mjs	1	16611	16611	1777	0	0	0×1	
sin-sonda	scrum632-la-descripcion-de-la-linea.test.mjs	1	16607	16607	569	0	0	0×1	
sin-sonda	scrum419-ci-declara-lo-que-no-corre.test.mjs	1	16604	16604	12145	0	0	0×1	
sin-sonda	scrum1299-respaldo-smtp-deja-fila.test.mjs	1	16572	16572	191	0	0	0×1	
sin-sonda	scrum118-db-guard-pertenencia.test.mjs	1	16571	16571	32	0	0	0×1	
sin-sonda	scrum519-un-solo-criterio-de-cobro.test.mjs	1	16565	16565	390	0	0	0×1	
sin-sonda	scrum530-la-alerta-que-no-puede-pronunciarse.test.mjs	1	16562	16562	682	0	0	0×1	
sin-sonda	scrum929-el-total-del-borrador.test.mjs	1	16561	16561	223	0	0	0×1	
sin-sonda	scrum86-csv-formato.test.mjs	1	16539	16539	72	0	0	0×1	
sin-sonda	scrum889-anadir-linea-del-parte.test.mjs	1	16511	16511	485	0	0	0×1	
sin-sonda	scrum1284-minutos-actions.test.mjs	1	16510	16510	45	0	0	0×1	
sin-sonda	scrum466-el-firmante-ve-el-albaran.test.mjs	1	16496	16496	515	0	0	0×1	
sin-sonda	scrum448-cobros-estado-de-carga.test.mjs	1	16472	16472	10321	0	0	0×1	
sin-sonda	scrum608-tipo-de-documento-en-la-cabecera.test.mjs	1	16462	16462	978	0	0	0×1	
sin-sonda	scrum862-el-fallo-entra-en-el-denominador.test.mjs	1	16461	16461	39	0	0	0×1	
sin-sonda	scrum527-la-unica-que-eran-siete.test.mjs	1	16461	16461	407	0	0	0×1	
sin-sonda	scrum1008-ficha-articulo.test.mjs	1	16410	16410	281	0	0	0×1	
sin-sonda	scrum300-albaran-campos.test.mjs	1	16330	16330	853	0	0	0×1	
sin-sonda	scrum845-la-lista-pregunta-lo-que-el-servidor-contesta.test.mjs	1	16326	16326	118	0	0	0×1	
sin-sonda	scrum257-albaran-desde-presupuesto.test.mjs	1	16311	16311	519	0	0	0×1	
sin-sonda	scrum308-caracterizacion-rectify.test.mjs	1	16302	16302	490	0	0	0×1	
sin-sonda	scrum1000-vigia-sesiones-jv.test.mjs	1	16300	16300	44	0	0	0×1	
sin-sonda	scrum362-banco-sin-cobertura.test.mjs	1	16298	16298	10832	0	0	0×1	
sin-sonda	scrum785-productos-y-proveedores-descuelgan.test.mjs	1	16297	16297	1180	0	0	0×1	
sin-sonda	scrum424-donde-tiene-dato.test.mjs	1	16266	16266	399	0	0	0×1	
sin-sonda	scrum744-el-guard-mira-la-accion.test.mjs	1	16261	16261	64	0	0	0×1	
sin-sonda	scrum611-tipo-iva-elegible.test.mjs	1	16251	16251	535	0	0	0×1	
sin-sonda	scrum1285d-plan-de-cobro-version-pantalla.test.mjs	1	16251	16251	679	0	0	0×1	
sin-sonda	scrum265-margen-en-recibo.test.mjs	1	16245	16245	228	0	0	0×1	
sin-sonda	scrum627-censo-ciego.test.mjs	1	16232	16232	3130	0	0	0×1	
sin-sonda	scrum738-el-tablero-contra-el-arbol.test.mjs	1	16222	16222	757	0	0	0×1	
sin-sonda	scrum966-censo-ve-las-ramas.test.mjs	1	16217	16217	424	0	0	0×1	
sin-sonda	scrum249-latido-turno.test.mjs	1	16210	16210	48	0	0	0×1	
sin-sonda	scrum1270-pr-mudo-avisado-en-el-pr.test.mjs	1	16201	16201	83	0	0	0×1	
sin-sonda	scrum1175-horas-del-parte.test.mjs	1	16180	16180	76	0	0	0×1	
sin-sonda	scrum71c-voz-albaran-ui.test.mjs	1	16179	16179	65	0	0	0×1	
sin-sonda	scrum849-escritura-no-afloja.test.mjs	1	16176	16176	1928	0	0	0×1	
sin-sonda	scrum635-el-csv-sin-iva-y-con-coste.test.mjs	1	16176	16176	33	0	0	0×1	
sin-sonda	scrum666-banco-lee-css.test.mjs	1	16170	16170	309	0	0	0×1	
sin-sonda	scrum756-el-rechazo-se-ve.test.mjs	1	16167	16167	1856	0	0	0×1	
sin-sonda	scrum203-embudo-factura.test.mjs	1	16136	16136	2869	0	0	0×1	
sin-sonda	scrum634-banco-atributo-no-copiado.test.mjs	1	16110	16110	399	0	0	0×1	
sin-sonda	scrum511-exencion-por-mencion.test.mjs	1	16108	16108	7262	0	0	0×1	
sin-sonda	scrum1003-1004-vcard-como-llegar.test.mjs	1	16097	16097	777	0	0	0×1	
sin-sonda	scrum603-descripcion-en-el-pdf.test.mjs	1	16091	16091	479	0	0	0×1	
sin-sonda	scrum173-cadena-verifactu-serializada.test.mjs	1	16083	16083	92	0	0	0×1	
sin-sonda	scrum707-estado-no-contemplado.test.mjs	1	16076	16076	70	0	0	0×1	
sin-sonda	scrum402-marcador-no-se-pinta.test.mjs	1	15998	15998	1692	0	0	0×1	
sin-sonda	scrum1213-quoteadmin-tenencia-fail-closed.test.mjs	1	15987	15987	92	0	0	0×1	
sin-sonda	scrum1093-bulk-paid-hoy-de-madrugada.test.mjs	1	15977	15977	490	0	0	0×1	
sin-sonda	scrum284-dos-poblaciones.test.mjs	1	15946	15946	581	0	0	0×1	
sin-sonda	scrum915d-pasos-del-editor.test.mjs	1	15942	15942	2925	0	0	0×1	
sin-sonda	scrum1164-ocultar-en-receipt-inicio-planes.test.mjs	1	15937	15937	1140	0	0	0×1	
sin-sonda	scrum857-union-de-vias.test.mjs	1	15932	15932	165	0	0	0×1	
sin-sonda	scrum629-telefono-que-no-se-destruye.test.mjs	1	15922	15922	212	0	0	0×1	
sin-sonda	scrum736-el-suelo-que-no-avisa.test.mjs	1	15893	15893	6259	0	0	0×1	
sin-sonda	scrum370-gastos-del-trabajo.test.mjs	1	15885	15885	32	0	0	0×1	
sin-sonda	scrum1189b-tipo-contra-la-ruta-real.test.mjs	1	15872	15872	645	0	0	0×1	
sin-sonda	scrum841-el-escritor-del-albaran.test.mjs	1	15803	15803	1477	0	0	0×1	
sin-sonda	scrum973-titulo-del-pr.test.mjs	1	15802	15802	158	0	0	0×1	
sin-sonda	scrum728d-ms-en-loopback.test.mjs	1	15784	15784	1829	0	0	0×1	
sin-sonda	scrum986-chip-whatsapp-en-la-lista.test.mjs	1	15776	15776	794	0	0	0×1	
sin-sonda	scrum647-presupuesto-tambien-neutral.test.mjs	1	15762	15762	822	0	0	0×1	
sin-sonda	scrum684-albaran-en-averia.test.mjs	1	15731	15731	52	0	0	0×1	
sin-sonda	billingPlan.test.mjs	1	15730	15730	49	0	0	0×1	
sin-sonda	scrum441-selector-metodo.test.mjs	1	15730	15730	56	0	0	0×1	
sin-sonda	scrum145-verifactu-xsd.test.mjs	1	15726	15726	149	0	0	0×1	
sin-sonda	scrum445-cobros-sin-duplicar.test.mjs	1	15706	15706	90	0	0	0×1	
sin-sonda	scrum313-continuidad-numeracion.test.mjs	1	15660	15660	167	0	0	0×1	
sin-sonda	scrum1291-fusion-mueve-direcciones-de-obra.test.mjs	1	15636	15636	346	0	0	0×1	
sin-sonda	scrum604b-desglose-presupuesto.test.mjs	1	15631	15631	804	0	0	0×1	
sin-sonda	scrum1186-textos-al-duplicar-y-borrador.test.mjs	1	15618	15618	2769	0	0	0×1	
sin-sonda	scrum226-url-credencial-en-argv.test.mjs	1	15617	15617	5823	0	0	0×1	
sin-sonda	scrum951d-ensayo-instalacion.test.mjs	1	15615	15615	50	0	0	0×1	
sin-sonda	scrum71-voz-albaran.test.mjs	1	15614	15614	184	0	0	0×1	
sin-sonda	scrum207-misma-tx.test.mjs	1	15611	15611	957	0	0	0×1	
sin-sonda	scrum769-el-motivo-de-las-dos-que-no.test.mjs	1	15571	15571	949	0	0	0×1	
sin-sonda	scrum983-la-ficha-360-carga-lo-que-edita.test.mjs	1	15558	15558	1042	0	0	0×1	
sin-sonda	scrum681-esperar-la-condicion.test.mjs	1	15536	15536	50	0	0	0×1	
sin-sonda	scrum864-el-temporal-que-se-borra.test.mjs	1	15531	15531	92	0	0	0×1	
sin-sonda	scrum548-peaje-package-json.test.mjs	1	15530	15530	61	0	0	0×1	
sin-sonda	scrum351-diagnostico-dependencias.test.mjs	1	15516	15516	68	0	0	0×1	
sin-sonda	scrum908c-la-cola-que-se-pierde.test.mjs	1	15485	15485	4278	0	0	0×1	
sin-sonda	scrum694-los-guards-migrados.test.mjs	1	15483	15483	4841	0	0	0×1	
sin-sonda	scrum415-version-del-sello.test.mjs	1	15461	15461	42	0	0	0×1	
sin-sonda	scrum907-cobrado-de-mas.test.mjs	1	15457	15457	566	0	0	0×1	
sin-sonda	scrum403-beneficio-sin-iva.test.mjs	1	15416	15416	522	0	0	0×1	
sin-sonda	scrum1257-vacio-facturas-segun-modo.test.mjs	1	15411	15411	613	0	0	0×1	
sin-sonda	scrum837-decisiones-encerradas.test.mjs	1	15392	15392	8120	0	0	0×1	
sin-sonda	scrum398-vocabulario-de-cobro.test.mjs	1	15385	15385	439	0	0	0×1	
sin-sonda	scrum460-precarga-al-movil.test.mjs	1	15341	15341	604	0	0	0×1	
sin-sonda	scrum1371-reintentar-no-vuelve-a-crear.test.mjs	1	15338	15338	928	0	0	0×1	
sin-sonda	scrum590b-el-campo-en-la-pantalla.test.mjs	1	15276	15276	1029	0	0	0×1	
sin-sonda	scrum801-el-respaldo-de-la-n.test.mjs	1	15263	15263	2572	0	0	0×1	
sin-sonda	scrum655c-pantalla-revisiones.test.mjs	1	15246	15246	403	0	0	0×1	
sin-sonda	scrum1302f-envio-sin-telefono.test.mjs	1	15223	15223	857	0	0	0×1	
sin-sonda	scrum742-internos-de-prisma.test.mjs	1	15223	15223	7682	0	0	0×1	
sin-sonda	scrum575-nif-espanol.test.mjs	1	15220	15220	48	0	0	0×1	
sin-sonda	scrum293-cero-literales-retencion.test.mjs	1	15174	15174	1459	0	0	0×1	
sin-sonda	scrum440-tenencia-supresion.test.mjs	1	15138	15138	2142	0	0	0×1	
sin-sonda	scrum815-el-modelo-apunta-a-la-tabla.test.mjs	1	15136	15136	74	0	0	0×1	
sin-sonda	scrum378-carga-por-pagina.test.mjs	1	15128	15128	3798	0	0	0×1	
sin-sonda	scrum748-no-lo-se-no-es-al-dia.test.mjs	1	15127	15127	1048	0	0	0×1	
sin-sonda	scrum315-checklist-hasta-el-cobro.test.mjs	1	14965	14965	48	0	0	0×1	
sin-sonda	scrum228-desglose-empleado-suma.test.mjs	1	14916	14916	479	0	0	0×1	
sin-sonda	scrum293-tres-estados-retencion.test.mjs	1	14870	14870	57	0	0	0×1	
sin-sonda	scrum904-completar-lleva-al-campo.test.mjs	1	14862	14862	68	0	0	0×1	
sin-sonda	scrum349-copy-no-comentarios.test.mjs	1	14832	14832	974	0	0	0×1	
sin-sonda	scrum1164-ocultar-en-receipt-ficha-trabajo.test.mjs	1	14827	14827	1157	0	0	0×1	
sin-sonda	scrum382-foto-duplicada.test.mjs	1	14820	14820	33	0	0	0×1	
sin-sonda	scrum777-el-modal-escondido-no-mata-la-n.test.mjs	1	14813	14813	1617	0	0	0×1	
sin-sonda	scrum302-patron-albaran.test.mjs	1	14795	14795	43	0	0	0×1	
sin-sonda	scrum609b-switch-tipo-articulo.test.mjs	1	14781	14781	325	0	0	0×1	
sin-sonda	scrum792-barra-alcanzable-en-movil.test.mjs	1	14768	14768	652	0	0	0×1	
sin-sonda	scrum776-una-sola-voz.test.mjs	1	14767	14767	219	0	0	0×1	
sin-sonda	scrum271-cantidad-sin-inventar.test.mjs	1	14750	14750	35	0	0	0×1	
sin-sonda	scrum367-quote-line-index.test.mjs	1	14740	14740	294	0	0	0×1	
sin-sonda	scrum960-nif-del-proveedor.test.mjs	1	14735	14735	220	0	0	0×1	
sin-sonda	scrum554-el-censo-no-confunde-el-numero.test.mjs	1	14713	14713	1057	0	0	0×1	
sin-sonda	scrum328-aviso-bizum-sin-telefono.test.mjs	1	14696	14696	62	0	0	0×1	
sin-sonda	scrum832-atras-vuelve-a-la-lista.test.mjs	1	14692	14692	530	0	0	0×1	
sin-sonda	scrum1175c-datos-del-parte-plegados.test.mjs	1	14677	14677	837	0	0	0×1	
sin-sonda	scrum1070-vivas-relevo.test.mjs	1	14671	14671	34	0	0	0×1	
sin-sonda	scrum266-ttl-desatado.test.mjs	1	14671	14671	960	0	0	0×1	
sin-sonda	scrum694c-el-corte-a-pelo.test.mjs	1	14667	14667	533	0	0	0×1	
sin-sonda	scrum570-cr-en-disco.test.mjs	1	14645	14645	48	0	0	0×1	
sin-sonda	scrum265-timeouts-tanda.test.mjs	1	14636	14636	363	0	0	0×1	
sin-sonda	scrum854-todo-merge-deja-entrada.test.mjs	1	14618	14618	145	0	0	0×1	
sin-sonda	scrum650-asignacion-a-varios.test.mjs	1	14611	14611	92	0	0	0×1	
sin-sonda	scrum860-trinquete-del-select.test.mjs	1	14599	14599	5023	0	0	0×1	
sin-sonda	scrum625-formato-importe-pdf.test.mjs	1	14597	14597	828	0	0	0×1	
sin-sonda	scrum37-plan-front-vs-back.test.mjs	1	14595	14595	33	0	0	0×1	
sin-sonda	scrum804b-el-barrido-de-la-42.test.mjs	1	14590	14590	11570	0	0	0×1	
sin-sonda	scrum297-paquete-piezas.test.mjs	1	14575	14575	389	0	0	0×1	
sin-sonda	scrum412-primaria-nunca-es-sm.test.mjs	1	14540	14540	263	0	0	0×1	
sin-sonda	scrum708-el-fichero-que-no-corre.test.mjs	1	14539	14539	5153	0	0	0×1	
sin-sonda	scrum786-irreversibles-44px.test.mjs	1	14523	14523	561	0	0	0×1	
sin-sonda	scrum643-huso-del-sello-fiscal.test.mjs	1	14497	14497	498	0	0	0×1	
sin-sonda	scrum505-dato-personal-en-contenido.test.mjs	1	14497	14497	45	0	0	0×1	
sin-sonda	scrum888c-descuentos-en-lineas.test.mjs	1	14488	14488	151	0	0	0×1	
sin-sonda	scrum850-la-poblacion-del-instrumento.test.mjs	1	14483	14483	1985	0	0	0×1	
sin-sonda	scrum815-referido-una-sola-vez.test.mjs	1	14482	14482	40	0	0	0×1	
sin-sonda	scrum1382-borrador-no-es-fallo-real.test.mjs	1	14476	14476	100	0	0	0×1	
sin-sonda	scrum259-diagnostico-ausencia.test.mjs	1	14444	14444	45	0	0	0×1	
sin-sonda	scrum793-la-carrera-del-token.test.mjs	1	14421	14421	33	0	0	0×1	
sin-sonda	scrum474-filtro-cobros-un-cubo.test.mjs	1	14397	14397	610	0	0	0×1	
sin-sonda	scrum210-semaforo-payload.test.mjs	1	14355	14355	46	0	0	0×1	
sin-sonda	scrum686-cabecera-y-pie-viajan.test.mjs	1	14332	14332	37	0	0	0×1	
sin-sonda	scrum589-nombre-por-documento.test.mjs	1	14331	14331	127	0	0	0×1	
sin-sonda	scrum1365-cobrar-resto-solo-aceptados.test.mjs	1	14328	14328	503	0	0	0×1	
sin-sonda	scrum1193-mas-acciones-44.test.mjs	1	14317	14317	343	0	0	0×1	
sin-sonda	scrum521-resolvedor-de-importadores.test.mjs	1	14299	14299	1756	0	0	0×1	
sin-sonda	scrum1296-esquema-cola.test.mjs	1	14297	14297	358	0	0	0×1	
sin-sonda	scrum83-render-paralelo.test.mjs	1	14231	14231	183	0	0	0×1	
sin-sonda	scrum413-tipo-factura-cerrado.test.mjs	1	14228	14228	2057	0	0	0×1	
sin-sonda	scrum918-arranque-sin-red.test.mjs	1	14211	14211	50	0	0	0×1	
sin-sonda	scrum768-listas-sin-atajo.test.mjs	1	14203	14203	8254	0	0	0×1	
sin-sonda	scrum294b-devengo-por-cobro.test.mjs	1	14202	14202	78	0	0	0×1	
sin-sonda	scrum692-un-formulario-no-borra-lo-que-no-muestra.test.mjs	1	14153	14153	742	0	0	0×1	
sin-sonda	scrum728-serie-ocupada-postgres.test.mjs	1	14146	14146	15042	0	0	0×1	
sin-sonda	scrum624c-total-canonico.test.mjs	1	14128	14128	714	0	0	0×1	
sin-sonda	scrum3-bizum-auto.test.mjs	1	14125	14125	41	0	0	0×1	
sin-sonda	scrum815-idempotencia-del-webhook.test.mjs	1	14118	14118	1356	0	0	0×1	
sin-sonda	scrum979-ultima-visita.test.mjs	1	14112	14112	566	0	0	0×1	
sin-sonda	scrum475-un-solo-emisor.test.mjs	1	14107	14107	554	0	0	0×1	
sin-sonda	scrum1331-sin-red-se-dice.test.mjs	1	14094	14094	1209	0	0	0×1	
sin-sonda	scrum593c-todas-las-puertas-del-documento.test.mjs	1	14047	14047	423	0	0	0×1	
sin-sonda	scrum746-barrera-y-punto-de-conexion.test.mjs	1	14037	14037	113	0	0	0×1	
sin-sonda	scrum858b-la-tanda-sin-veredicto.test.mjs	1	14034	14034	8988	0	0	0×1	
sin-sonda	scrum294a-recargo-en-cliente.test.mjs	1	14031	14031	57	0	0	0×1	
sin-sonda	scrum170-facturacion-parcial.test.mjs	1	14012	14012	97	0	0	0×1	
sin-sonda	scrum153d-ui-anular.test.mjs	1	13995	13995	58	0	0	0×1	
sin-sonda	scrum1239-alta-cliente-sin-conexion.test.mjs	1	13983	13983	1044	0	0	0×1	
sin-sonda	scrum1214-clasificador-apretado.test.mjs	1	13977	13977	34	0	0	0×1	
sin-sonda	scrum502-pasarela-no-resucita-anulada.test.mjs	1	13942	13942	134	0	0	0×1	
sin-sonda	scrum1287-descripcion-no-se-corta.test.mjs	1	13932	13932	529	0	0	0×1	
sin-sonda	scrum877-la-novena-a-pelo.test.mjs	1	13929	13929	1862	0	0	0×1	
sin-sonda	scrum705-procedimiento-unico.test.mjs	1	13918	13918	460	0	0	0×1	
sin-sonda	scrum726-quien-firma-la-microcopy.test.mjs	1	13918	13918	209	0	0	0×1	
sin-sonda	scrum711b-escritorio-36.test.mjs	1	13916	13916	420	0	0	0×1	
sin-sonda	scrum1380-suelo-corrio-y-no-reporto.test.mjs	1	13912	13912	28	0	0	0×1	
sin-sonda	scrum472-seed-no-fabrica-firmas.test.mjs	1	13868	13868	3438	0	0	0×1	
sin-sonda	scrum263-sin-lineas-409.test.mjs	1	13863	13863	516	0	0	0×1	
sin-sonda	scrum728b-aviso-legible.test.mjs	1	13838	13838	801	0	0	0×1	
sin-sonda	scrum1223-motivos-de-rechazo.test.mjs	1	13827	13827	38	0	0	0×1	
sin-sonda	scrum183-consola-e2e.test.mjs	1	13805	13805	41	0	0	0×1	
sin-sonda	scrum244-puerta-portabilidad.test.mjs	1	13721	13721	507	0	0	0×1	
sin-sonda	scrum624-cuantos-sitios-calculan-dinero.test.mjs	1	13712	13712	1735	0	0	0×1	
sin-sonda	scrum433-dispatch-sin-camino.test.mjs	1	13712	13712	677	0	0	0×1	
sin-sonda	scrum1169-linea-tiempo-modo-recibo.test.mjs	1	13703	13703	758	0	0	0×1	
sin-sonda	scrum1170-seccion-facturas-modo-recibo.test.mjs	1	13703	13703	706	0	0	0×1	
sin-sonda	scrum637-un-numero-una-regla.test.mjs	1	13668	13668	227	0	0	0×1	
sin-sonda	scrum705-cadena-tecnosel.test.mjs	1	13663	13663	1055	0	0	0×1	
sin-sonda	scrum807-esquemas-del-href.test.mjs	1	13602	13602	446	0	0	0×1	
sin-sonda	scrum274-huella-estaticos.test.mjs	1	13572	13572	136	0	0	0×1	
sin-sonda	scrum297-lector-paquete-v2.test.mjs	1	13567	13567	325	0	0	0×1	
sin-sonda	billingPlanView.test.mjs	1	13542	13542	49	0	0	0×1	
sin-sonda	scrum1166-detalle-quote-tiene-numero.test.mjs	1	13527	13527	100	0	0	0×1	
sin-sonda	scrum910-la-transferencia-que-no-mira.test.mjs	1	13518	13518	421	0	0	0×1	
sin-sonda	scrum37-editar-tramos.test.mjs	1	13511	13511	35	0	0	0×1	
sin-sonda	scrum453-precache-con-huella.test.mjs	1	13497	13497	29	0	0	0×1	
sin-sonda	scrum474-dos-copias-atadas.test.mjs	1	13474	13474	2418	0	0	0×1	
sin-sonda	scrum765-la-puerta-y-el-suelo.test.mjs	1	13474	13474	14351	0	0	0×1	
sin-sonda	scrum965-un-solo-documento.test.mjs	1	13456	13456	62	0	0	0×1	
sin-sonda	scrum405-descarga-verificada.test.mjs	1	13453	13453	1020	0	0	0×1	
sin-sonda	scrum180-fixtures-nunca-a-meta.test.mjs	1	13376	13376	192	0	0	0×1	
sin-sonda	scrum462-firmado-sin-sobre.test.mjs	1	13358	13358	789	0	0	0×1	
sin-sonda	scrum895-boton-imposible.test.mjs	1	13326	13326	62	0	0	0×1	
sin-sonda	scrum368-contraste-tokens.test.mjs	1	13296	13296	30	0	0	0×1	
sin-sonda	scrum334-destino-de-los-cta.test.mjs	1	13292	13292	955	0	0	0×1	
sin-sonda	scrum1127-sif-cola.test.mjs	1	13286	13286	43	0	0	0×1	
sin-sonda	scrum339-importador-productos.test.mjs	1	13282	13282	122	0	0	0×1	
sin-sonda	scrum810b-los-suelos-derivados.test.mjs	1	13258	13258	4542	0	0	0×1	
sin-sonda	scrum364-cambiar-gremio.test.mjs	1	13237	13237	410	0	0	0×1	
sin-sonda	scrum928b-el-veredicto-que-el-color-tapa.test.mjs	1	13234	13234	916	0	0	0×1	
sin-sonda	scrum1135-etiquetar-seleccion.test.mjs	1	13233	13233	963	0	0	0×1	
sin-sonda	scrum590-el-movil-es-el-canal.test.mjs	1	13223	13223	177	0	0	0×1	
sin-sonda	scrum850b-las-formas-que-mienten.test.mjs	1	13219	13219	3995	0	0	0×1	
sin-sonda	scrum1033-1034-cabecera-etiquetas-cliente.test.mjs	1	13215	13215	5606	0	0	0×1	
sin-sonda	scrum1321-el-resumen-no-prueba-el-final.test.mjs	1	13194	13194	742	0	0	0×1	
sin-sonda	scrum218-flag-fiscal-auditado.test.mjs	1	13156	13156	90	0	0	0×1	
sin-sonda	scrum25-entrega-zip.test.mjs	1	13142	13142	123	0	0	0×1	
sin-sonda	scrum1205-cobrar-resto-lista-modo.test.mjs	1	13109	13109	1056	0	0	0×1	
sin-sonda	scrum1106-respuestas-ia-no-son-del-asesor.test.mjs	1	13107	13107	54	0	0	0×1	
sin-sonda	scrum1269-retencion-irpf-se-guarda.test.mjs	1	13102	13102	149	0	0	0×1	
sin-sonda	scrum436-un-solo-formato-euros.test.mjs	1	13099	13099	1421	0	0	0×1	
sin-sonda	scrum431-sobre-lee-vivo.test.mjs	1	13086	13086	48	0	0	0×1	
sin-sonda	scrum844b-que-documento-se-declara.test.mjs	1	13072	13072	111	0	0	0×1	
sin-sonda	scrum37b-agregacion-por-job.test.mjs	1	13066	13066	92	0	0	0×1	
sin-sonda	scrum164-gate-por-campo.test.mjs	1	13051	13051	72	0	0	0×1	
sin-sonda	scrum457-logout-purga-claves.test.mjs	1	13048	13048	1268	0	0	0×1	
sin-sonda	scrum151-sin-tramos.test.mjs	1	13046	13046	55	0	0	0×1	
sin-sonda	scrum661-el-coste-no-llega-al-papel.test.mjs	1	13043	13043	1051	0	0	0×1	
sin-sonda	scrum138-export-selectivo.test.mjs	1	13036	13036	83	0	0	0×1	
sin-sonda	scrum324-cadena-hasta-el-libro.test.mjs	1	13012	13012	1076	0	0	0×1	
sin-sonda	invoiceNumber.test.mjs	1	13011	13011	103	0	0	0×1	
sin-sonda	scrum240-sobre-unico.test.mjs	1	13002	13002	2003	0	0	0×1	
sin-sonda	scrum534d-extractores-a-mano.test.mjs	1	12975	12975	315	0	0	0×1	
sin-sonda	scrum910d-microcopy-recibo-pendiente.test.mjs	1	12924	12924	353	0	0	0×1	
sin-sonda	scrum1188-plantilla-guarda-el-cobro.test.mjs	1	12910	12910	5076	0	0	0×1	
sin-sonda	scrum1285c-censo-escrituras-sin-version.test.mjs	1	12892	12892	1069	0	0	0×1	
sin-sonda	scrum245-exencion-demo.test.mjs	1	12892	12892	415	0	0	0×1	
sin-sonda	scrum844-sellar-dentro-de-transaccion.test.mjs	1	12886	12886	132	0	0	0×1	
sin-sonda	scrum1245b-patron-de-la-tanda-entre-comillas.test.mjs	1	12823	12823	456	0	0	0×1	
sin-sonda	scrum153b-annulled-vistas.test.mjs	1	12820	12820	64	0	0	0×1	
sin-sonda	scrum992-partes-recortan-por-rol.test.mjs	1	12819	12819	2398	0	0	0×1	
sin-sonda	scrum463-firmante-ve-el-contenido.test.mjs	1	12798	12798	408	0	0	0×1	
sin-sonda	scrum62-albaran-ventana.test.mjs	1	12786	12786	45	0	0	0×1	
sin-sonda	scrum815-disputa-una-sola-vez.test.mjs	1	12759	12759	160	0	0	0×1	
sin-sonda	scrum191-paid-via.test.mjs	1	12735	12735	49	0	0	0×1	
sin-sonda	scrum495-tres-registros.test.mjs	1	12732	12732	48	0	0	0×1	
sin-sonda	scrum772-rechazo-iva-visible.test.mjs	1	12703	12703	509	0	0	0×1	
sin-sonda	scrum286-censo-nuevo-presupuesto.test.mjs	1	12696	12696	564	0	0	0×1	
sin-sonda	scrum1142-irreversibles-factura-44.test.mjs	1	12679	12679	628	0	0	0×1	
sin-sonda	scrum496-anulada-no-vuelve-en-lote.test.mjs	1	12627	12627	136	0	0	0×1	
sin-sonda	scrum618-leer-el-ci.test.mjs	1	12627	12627	29	0	0	0×1	
sin-sonda	scrum648b-motivo-del-ambar.test.mjs	1	12617	12617	412	0	0	0×1	
sin-sonda	scrum894-falta-en-otra-pestana.test.mjs	1	12577	12577	69	0	0	0×1	
sin-sonda	scrum147-roles-fail-closed.test.mjs	1	12557	12557	88	0	0	0×1	
sin-sonda	scrum1285b-plan-de-cobro-con-version.test.mjs	1	12554	12554	287	0	0	0×1	
sin-sonda	scrum1041-facturas-emitidas-sin-marcador.test.mjs	1	12542	12542	297	0	0	0×1	
sin-sonda	scrum650b-tres-ejes.test.mjs	1	12527	12527	48	0	0	0×1	
sin-sonda	scrum1363-tests-que-cubren.test.mjs	1	12510	12510	9352	0	0	0×1	
sin-sonda	scrum988-revisiones-en-la-ficha.test.mjs	1	12474	12474	983	0	0	0×1	
sin-sonda	scrum784-el-cuarto-veredicto.test.mjs	1	12449	12449	3250	0	0	0×1	
sin-sonda	scrum377-plural-de-programador.test.mjs	1	12418	12418	184	0	0	0×1	
sin-sonda	scrum729-el-cliente-congelado-en-el-cliente.test.mjs	1	12413	12413	52	0	0	0×1	
sin-sonda	scrum140-plantilla-argumento.test.mjs	1	12378	12378	234	0	0	0×1	
sin-sonda	scrum604-desglose-en-el-pdf.test.mjs	1	12363	12363	502	0	0	0×1	
sin-sonda	scrum794-un-solo-anadir-linea.test.mjs	1	12354	12354	648	0	0	0×1	
sin-sonda	scrum835-credenciales-en-el-historial.test.mjs	1	12350	12350	9395	0	0	0×1	
sin-sonda	scrum1271-importe-pendiente-de-facturar.test.mjs	1	12344	12344	325	0	0	0×1	
sin-sonda	scrum468-firma-ve-lo-que-firma.test.mjs	1	12338	12338	581	0	0	0×1	
sin-sonda	scrum393-marcadores-de-conflicto.test.mjs	1	12338	12338	1009	0	0	0×1	
sin-sonda	whatsappLog.test.mjs	1	12301	12301	117	0	0	0×1	
sin-sonda	scrum609-margen-catalogo.test.mjs	1	12297	12297	41	0	0	0×1	
sin-sonda	scrum69-pendientes-facturar.test.mjs	1	12257	12257	378	0	0	0×1	
sin-sonda	scrum1397-el-tecnico-ve-sus-facturas.test.mjs	1	12245	12245	3269	0	0	0×1	
sin-sonda	scrum139-cuadernillo.test.mjs	1	12197	12197	99	0	0	0×1	
sin-sonda	scrum473-metodo-validado.test.mjs	1	12192	12192	55	0	0	0×1	
sin-sonda	scrum1229-firma-del-tecnico-viaje.test.mjs	1	12189	12189	734	0	0	0×1	
sin-sonda	scrum632-los-dos-cortes-de-la-linea.test.mjs	1	12178	12178	65	0	0	0×1	
sin-sonda	scrum815-el-correo-una-sola-vez.test.mjs	1	12160	12160	276	0	0	0×1	
sin-sonda	scrum743b-cantidad-presencial-igual-que-remota.test.mjs	1	12114	12114	874	0	0	0×1	
sin-sonda	scrum814-recuento-dentro.test.mjs	1	12094	12094	505	0	0	0×1	
sin-sonda	scrum206-sin-huella-no-salen-bytes.test.mjs	1	12083	12083	424	0	0	0×1	
sin-sonda	scrum700-filtros-de-comentario.test.mjs	1	12079	12079	275	0	0	0×1	
sin-sonda	scrum675-ancla-por-identidad.test.mjs	1	12078	12078	56	0	0	0×1	
sin-sonda	scrum424-lugar-al-crear.test.mjs	1	12067	12067	45	0	0	0×1	
sin-sonda	scrum347-origen-de-la-factura.test.mjs	1	12063	12063	789	0	0	0×1	
sin-sonda	scrum244-registro-portabilidad.test.mjs	1	12062	12062	117	0	0	0×1	
sin-sonda	scrum205-un-solo-punto-de-sellado.test.mjs	1	12059	12059	2593	0	0	0×1	
sin-sonda	scrum81-allocate-flags.test.mjs	1	12055	12055	83	0	0	0×1	
sin-sonda	scrum273-registro-por-fichero.test.mjs	1	12037	12037	40	0	0	0×1	
sin-sonda	scrum725b-el-aviso-se-pinta.test.mjs	1	12009	12009	684	0	0	0×1	
sin-sonda	scrum1093-quotenumber-zona-merchant.test.mjs	1	12004	12004	123	0	0	0×1	
sin-sonda	scrum1266-marca-dato-inventado.test.mjs	1	11999	11999	557	0	0	0×1	
sin-sonda	restauracion-del-arbol-ejecutable.test.mjs	1	11985	11985	3333	0	0	0×1	
sin-sonda	scrum727b-asignados-en-la-lista.test.mjs	1	11967	11967	431	0	0	0×1	
sin-sonda	scrum489-mp-no-inventa-metodo.test.mjs	1	11964	11964	626	0	0	0×1	
sin-sonda	scrum1089b-espejo-skills-agentes.test.mjs	1	11923	11923	40	0	0	0×1	
sin-sonda	scrum338-carga-de-catalogo-no-muda.test.mjs	1	11917	11917	59	0	0	0×1	
sin-sonda	scrum701-sellado-ve-las-dos-comillas.test.mjs	1	11917	11917	77	0	0	0×1	
sin-sonda	scrum1302a-marca-en-la-vista-de-oficina.test.mjs	1	11900	11900	506	0	0	0×1	
sin-sonda	scrum669-restos-de-doc08.test.mjs	1	11889	11889	598	0	0	0×1	
sin-sonda	dashboard-colision-declaraciones.test.mjs	1	11888	11888	844	0	0	0×1	
sin-sonda	scrum104-leeme-criterios.test.mjs	1	11887	11887	71	0	0	0×1	
sin-sonda	scrum715-consta-por-identidad.test.mjs	1	11882	11882	438	0	0	0×1	
sin-sonda	scrum372-un-dato-un-nombre.test.mjs	1	11864	11864	1397	0	0	0×1	
sin-sonda	scrum504-cantidad-vacia.test.mjs	1	11864	11864	532	0	0	0×1	
sin-sonda	scrum290-adicional.test.mjs	1	11858	11858	650	0	0	0×1	
sin-sonda	scrum985-el-aviso-de-importar-no-promete-excel.test.mjs	1	11853	11853	85	0	0	0×1	
sin-sonda	scrum1057b-fusion-clientes-postgres.test.mjs	1	11844	11844	829	0	0	0×1	
sin-sonda	scrum632c-el-payload-se-construye.test.mjs	1	11843	11843	62	0	0	0×1	
sin-sonda	scrum846c-trinquete-instrumentos-con-caso.test.mjs	1	11831	11831	5497	0	0	0×1	
sin-sonda	scrum917f-lo-que-falta.test.mjs	1	11827	11827	51	0	0	0×1	
sin-sonda	scrum246-sin-lineas-no-se-emite.test.mjs	1	11824	11824	2161	0	0	0×1	
sin-sonda	scrum728-seccion-critica-de-la-serie.test.mjs	1	11803	11803	1286	0	0	0×1	
sin-sonda	scrum226-url-bd-sin-parseo-a-mano.test.mjs	1	11799	11799	4673	0	0	0×1	
sin-sonda	scrum865-un-solo-minimo-para-la-landing.test.mjs	1	11768	11768	293	0	0	0×1	
sin-sonda	scrum810-el-suelo-a-la-primera.test.mjs	1	11749	11749	2706	0	0	0×1	
sin-sonda	scrum908-la-muda-se-explica.test.mjs	1	11743	11743	353	0	0	0×1	
sin-sonda	scrum381-scripts-cargables.test.mjs	1	11725	11725	2969	0	0	0×1	
sin-sonda	scrum881-el-detector-sin-fecha.test.mjs	1	11723	11723	143	0	0	0×1	
sin-sonda	scrum624b-guardado-vs-impreso.test.mjs	1	11699	11699	578	0	0	0×1	
sin-sonda	scrum441-cobros-leen-paid-via.test.mjs	1	11688	11688	101	0	0	0×1	
sin-sonda	scrum486-preferencia-traducida.test.mjs	1	11679	11679	688	0	0	0×1	
sin-sonda	scrum804-el-guard-no-es-el-numero.test.mjs	1	11663	11663	473	0	0	0×1	
sin-sonda	scrum720-marcadores-en-lo-pintado.test.mjs	1	11658	11658	55	0	0	0×1	
sin-sonda	scrum747-validar-antes-de-normalizar.test.mjs	1	11634	11634	1578	0	0	0×1	
sin-sonda	scrum139-acciones-linea.test.mjs	1	11612	11612	84	0	0	0×1	
sin-sonda	scrum427-notas-internas-detalle.test.mjs	1	11598	11598	615	0	0	0×1	
sin-sonda	scrum1216a-serie-sin-promesa.test.mjs	1	11589	11589	546	0	0	0×1	
sin-sonda	scrum749-la-primitiva-que-normaliza.test.mjs	1	11588	11588	282	0	0	0×1	
sin-sonda	scrum467-tecnico-ve-lo-suyo.test.mjs	1	11588	11588	81	0	0	0×1	
sin-sonda	scrum1061-fotos-en-historial.test.mjs	1	11583	11583	517	0	0	0×1	
sin-sonda	scrum272-criterio-referencial.test.mjs	1	11555	11555	32	0	0	0×1	
sin-sonda	scrum139-plantillas-rapidas.test.mjs	1	11537	11537	88	0	0	0×1	
sin-sonda	scrum475-schema-vs-sql.test.mjs	1	11523	11523	2655	0	0	0×1	
sin-sonda	scrum1184-serie-siguiente-numero.test.mjs	1	11518	11518	488	0	0	0×1	
sin-sonda	scrum685b-parte-numero-unico.test.mjs	1	11502	11502	422	0	0	0×1	
sin-sonda	scrum1040-facturas-recibidas-servidor.test.mjs	1	11498	11498	136	0	0	0×1	
sin-sonda	scrum375-recarga-no-es-escritura.test.mjs	1	11463	11463	316	0	0	0×1	
sin-sonda	scrum293-retencion-control-negativo.test.mjs	1	11463	11463	54	0	0	0×1	
sin-sonda	scrum139-hoja-ajustes.test.mjs	1	11457	11457	88	0	0	0×1	
sin-sonda	scrum171b-periodicidad-aviso.test.mjs	1	11442	11442	338	0	0	0×1	
sin-sonda	scrum797-el-dueno-se-escribe.test.mjs	1	11413	11413	4050	0	0	0×1	
sin-sonda	scrum886-exportar-clientes-desde-clientes.test.mjs	1	11400	11400	1561	0	0	0×1	
sin-sonda	scrum1136-columnas-reconocidas-llegan.test.mjs	1	11379	11379	809	0	0	0×1	
sin-sonda	scrum1278-banco-dice-no-medida.test.mjs	1	11375	11375	555	0	0	0×1	
sin-sonda	scrum302-rotulos-completos.test.mjs	1	11357	11357	438	0	0	0×1	
sin-sonda	scrum446-cabecera-modal.test.mjs	1	11313	11313	406	0	0	0×1	
sin-sonda	scrum703-rotulos-del-tipo.test.mjs	1	11298	11298	37	0	0	0×1	
sin-sonda	scrum601-copy-del-documento-vs-flag.test.mjs	1	11278	11278	4231	0	0	0×1	
sin-sonda	scrum404-trazo-no-se-pierde.test.mjs	1	11269	11269	488	0	0	0×1	
sin-sonda	scrum737-cifra-con-arbol-y-hora.test.mjs	1	11265	11265	9646	0	0	0×1	
sin-sonda	scrum544-reserva-barra-anuncio.test.mjs	1	11248	11248	35	0	0	0×1	
sin-sonda	scrum543-landing-a11y.test.mjs	1	11227	11227	45	0	0	0×1	
sin-sonda	scrum864c-el-temporal-no-vuelve.test.mjs	1	11220	11220	806	0	0	0×1	
sin-sonda	scrum593d-viaje-completo-del-texto.test.mjs	1	11203	11203	93	0	0	0×1	
sin-sonda	scrum1154-google-encargado.test.mjs	1	11142	11142	82	0	0	0×1	
sin-sonda	scrum935b-main-no-cancela.test.mjs	1	11138	11138	41	0	0	0×1	
sin-sonda	scrum340-la-plaza-comprada.test.mjs	1	11088	11088	114	0	0	0×1	
sin-sonda	scrum149-sin-lineas-no-sella.test.mjs	1	11085	11085	163	0	0	0×1	
sin-sonda	scrum1230-colocar-lineas-dictadas.test.mjs	1	11080	11080	631	0	0	0×1	
sin-sonda	scrum1307-negarse-con-envios.test.mjs	1	11073	11073	29	0	0	0×1	
sin-sonda	scrum817-orden-del-detalle-del-trabajo.test.mjs	1	11070	11070	698	0	0	0×1	
sin-sonda	scrum673-arranque-no-produce-veredicto.test.mjs	1	11062	11062	49	0	0	0×1	
sin-sonda	scrum940-el-censo-de-suelos.test.mjs	1	11049	11049	288	0	0	0×1	
sin-sonda	scrum498-cifra-derivada.test.mjs	1	11043	11043	179	0	0	0×1	
sin-sonda	scrum368-residuo-btn-sm.test.mjs	1	11037	11037	1061	0	0	0×1	
sin-sonda	scrum182-arbol-movido.test.mjs	1	10992	10992	64	0	0	0×1	
sin-sonda	scrum207-emision-auditada.test.mjs	1	10990	10990	165	0	0	0×1	
sin-sonda	scrum1226-firma-no-baja-el-estado.test.mjs	1	10969	10969	236	0	0	0×1	
sin-sonda	scrum699-tabla-en-su-carril.test.mjs	1	10919	10919	501	0	0	0×1	
sin-sonda	scrum927-el-censo-de-los-censos.test.mjs	1	10894	10894	394	0	0	0×1	
sin-sonda	scrum1257-p8-detalle-receipt-sin-justificantes.test.mjs	1	10864	10864	1445	0	0	0×1	
sin-sonda	scrum767-portal-token.test.mjs	1	10844	10844	715	0	0	0×1	
sin-sonda	scrum1280-nombres-no-declarados.test.mjs	1	10838	10838	4399	0	0	0×1	
sin-sonda	scrum646-cortafuegos-defaultvat.test.mjs	1	10825	10825	1460	0	0	0×1	
sin-sonda	scrum824b-el-sha-que-parecia-un-numero.test.mjs	1	10814	10814	34	0	0	0×1	
sin-sonda	scrum730-ruta-desde-import-meta.test.mjs	1	10793	10793	3037	0	0	0×1	
sin-sonda	scrum1281-fixture-git-raiz-propia.test.mjs	1	10731	10731	2060	0	0	0×1	
sin-sonda	scrum1272-anulada-no-es-deuda.test.mjs	1	10714	10714	611	0	0	0×1	
sin-sonda	scrum471-node-modules-al-dia.test.mjs	1	10708	10708	62	0	0	0×1	
sin-sonda	scrum547-el-documento-que-nadie-mira.test.mjs	1	10665	10665	163	0	0	0×1	
sin-sonda	scrum1171-whatsapp-y-llamar-en-el-trabajo.test.mjs	1	10664	10664	626	0	0	0×1	
sin-sonda	scrum406-canal-prometido-existe.test.mjs	1	10639	10639	174	0	0	0×1	
sin-sonda	scrum1318-resend-dice-si-salio.test.mjs	1	10603	10603	140	0	0	0×1	
sin-sonda	scrum1212-correo-aceptado-sin-emitir-factura.test.mjs	1	10589	10589	71	0	0	0×1	
sin-sonda	scrum442-facturas-sin-justificantes.test.mjs	1	10583	10583	38	0	0	0×1	
sin-sonda	scrum1032-contacto-con-un-toque.test.mjs	1	10574	10574	577	0	0	0×1	
sin-sonda	scrum512-el-pago-no-se-olvida.test.mjs	1	10558	10558	41	0	0	0×1	
sin-sonda	scrum804f-la-rama-sin-slug.test.mjs	1	10554	10554	45	0	0	0×1	
sin-sonda	scrum592-concurrencia-serie.test.mjs	1	10551	10551	35	0	0	0×1	
sin-sonda	scrum804h-la-fase-con-corte.test.mjs	1	10548	10548	35	0	0	0×1	
sin-sonda	scrum665e-el-escritor-del-emisor.test.mjs	1	10519	10519	107	0	0	0×1	
sin-sonda	scrum1288-dinero-es-en-avisos-s1.test.mjs	1	10495	10495	620	0	0	0×1	
sin-sonda	scrum825-rama-justificante-retirada.test.mjs	1	10483	10483	1289	0	0	0×1	
sin-sonda	scrum245-sin-listas-blancas.test.mjs	1	10449	10449	1291	0	0	0×1	
sin-sonda	scrum1263-gancho-pre-push.test.mjs	1	10448	10448	596	0	0	0×1	
sin-sonda	scrum55-admin-fail-closed.test.mjs	1	10441	10441	836	0	0	0×1	
sin-sonda	scrum197-parse-cuenta.test.mjs	1	10438	10438	28	0	0	0×1	
sin-sonda	scrum901-banco-fiel-a-la-inicio.test.mjs	1	10433	10433	608	0	0	0×1	
sin-sonda	scrum247-productor-constante.test.mjs	1	10419	10419	1388	0	0	0×1	
sin-sonda	scrum373-avisos-facturas.test.mjs	1	10408	10408	426	0	0	0×1	
sin-sonda	scrum1049-resumen-trimestre.test.mjs	1	10400	10400	454	0	0	0×1	
sin-sonda	scrum795-el-portal-en-la-ficha.test.mjs	1	10380	10380	489	0	0	0×1	
sin-sonda	scrum283-censo-acciones-factura.test.mjs	1	10379	10379	629	0	0	0×1	
sin-sonda	scrum1022-importa-xlsx-real.test.mjs	1	10373	10373	450	0	0	0×1	
sin-sonda	whatsappPolicy.test.mjs	1	10363	10363	41	0	0	0×1	
sin-sonda	scrum68-evidencias-firma.test.mjs	1	10354	10354	401	0	0	0×1	
sin-sonda	flags.test.mjs	1	10332	10332	39	0	0	0×1	
sin-sonda	scrum285-censo-cobro-factura.test.mjs	1	10311	10311	487	0	0	0×1	
sin-sonda	scrum961b-el-nif-que-no-cuela.test.mjs	1	10279	10279	98	0	0	0×1	
sin-sonda	scrum416-ayuda-dentro.test.mjs	1	10263	10263	59	0	0	0×1	
sin-sonda	scrum3b-selector-bizum.test.mjs	1	10233	10233	39	0	0	0×1	
sin-sonda	scrum366-una-sola-escalera.test.mjs	1	10229	10229	210	0	0	0×1	
sin-sonda	scrum716b-el-job-le-da-main-al-vigia.test.mjs	1	10228	10228	26	0	0	0×1	
sin-sonda	scrum387-procedencia-aprobacion.test.mjs	1	10225	10225	2335	0	0	0×1	
sin-sonda	utils.test.mjs	1	10182	10182	31	0	0	0×1	
sin-sonda	scrum763-restaurar-el-arbol.test.mjs	1	10180	10180	6138	0	0	0×1	
sin-sonda	scrum332-comparativa-anclas.test.mjs	1	10153	10153	42	0	0	0×1	
sin-sonda	scrum345-rotulo-y-destino.test.mjs	1	10153	10153	84	0	0	0×1	
sin-sonda	scrum429-cliente-privado.test.mjs	1	10148	10148	415	0	0	0×1	
sin-sonda	scrum152-guard-paquete-completo.test.mjs	1	10108	10108	93	0	0	0×1	
sin-sonda	scrum819-el-menu-deja-rastro.test.mjs	1	10089	10089	393	0	0	0×1	
sin-sonda	scrum648-verde-que-no-sabe.test.mjs	1	10084	10084	366	0	0	0×1	
sin-sonda	scrum126-send-outcome.test.mjs	1	10067	10067	29	0	0	0×1	
sin-sonda	scrum1279-la-firma-ve-las-clausulas.test.mjs	1	10035	10035	454	0	0	0×1	
sin-sonda	scrum221-export-fiscal-auditado.test.mjs	1	9998	9998	582	0	0	0×1	
sin-sonda	scrum401-anular-no-borra-el-cobro.test.mjs	1	9984	9984	568	0	0	0×1	
sin-sonda	scrum1302g-foto-con-diez.test.mjs	1	9980	9980	683	0	0	0×1	
sin-sonda	scrum1219-plantilla-sin-condiciones.test.mjs	1	9976	9976	3915	0	0	0×1	
sin-sonda	scrum297-fuentes-selladas.test.mjs	1	9949	9949	480	0	0	0×1	
sin-sonda	scrum1282-contexto-nombres-de-hoy.test.mjs	1	9934	9934	39	0	0	0×1	
sin-sonda	scrum300-direccion-sugerida.test.mjs	1	9918	9918	592	0	0	0×1	
sin-sonda	scrum262-telefonos-de-prueba.test.mjs	1	9909	9909	748	0	0	0×1	
sin-sonda	scrum153c-ciclo-anulacion.test.mjs	1	9899	9899	144	0	0	0×1	
sin-sonda	scrum843-el-ancla-que-no-caduca.test.mjs	1	9849	9849	353	0	0	0×1	
sin-sonda	scrum414-url-a-mano.test.mjs	1	9830	9830	2743	0	0	0×1	
sin-sonda	scrum1267-alta-albaran-idempotente.test.mjs	1	9826	9826	3754	0	0	0×1	
sin-sonda	scrum767-cura-concurrencia.test.mjs	1	9824	9824	40	0	0	0×1	
sin-sonda	scrum1199-avisos-alta-cliente.test.mjs	1	9820	9820	1039	0	0	0×1	
sin-sonda	scrum569-agents-es-puntero.test.mjs	1	9814	9814	40	0	0	0×1	
sin-sonda	scrum1196-cloudflare-encargado.test.mjs	1	9808	9808	83	0	0	0×1	
sin-sonda	scrum224b-sello-build.test.mjs	1	9806	9806	32	0	0	0×1	
sin-sonda	scrum928-guards-entrada-recuento-con-color.test.mjs	1	9775	9775	157	0	0	0×1	
sin-sonda	scrum718-escaner-contra-parser.test.mjs	1	9770	9770	905	0	0	0×1	
sin-sonda	scrum1165-verifactu-xml-solo-en-fiscal.test.mjs	1	9755	9755	703	0	0	0×1	
sin-sonda	scrum1175b-firmas-en-su-paso.test.mjs	1	9748	9748	46	0	0	0×1	
sin-sonda	scrum1093f-albarannumber-zona-merchant.test.mjs	1	9680	9680	147	0	0	0×1	
sin-sonda	scrum1180-editor-clausulas-excluidas.test.mjs	1	9670	9670	2987	0	0	0×1	
sin-sonda	scrum1161-alta-sin-correo.test.mjs	1	9600	9600	903	0	0	0×1	
sin-sonda	scrum1277-aviso-importe-aceptado.test.mjs	1	9565	9565	565	0	0	0×1	
sin-sonda	scrum1275-la-fila-abre-la-factura.test.mjs	1	9555	9555	426	0	0	0×1	
sin-sonda	zz1405-rojo-suelto.test.mjs	1	9536	9536	35	0	0	1×1	
sin-sonda	scrum1333-carrera-del-encolado-postgres.test.mjs	1	9532	9532	545	0	0	0×1	
sin-sonda	scrum1147-resumen-del-servidor.test.mjs	1	9505	9505	595	0	0	0×1	
sin-sonda	scrum128-send-endpoints-fail-closed.test.mjs	1	9487	9487	925	0	0	0×1	
sin-sonda	scrum665b-el-esquema-declara.test.mjs	1	9399	9399	307	0	0	0×1	
sin-sonda	scrum1271-pendiente-tras-parcial.test.mjs	1	9365	9365	510	0	0	0×1	
sin-sonda	scrum1233d-texto-aprobado-local.test.mjs	1	9340	9340	411	0	0	0×1	
sin-sonda	registroBuilder.test.mjs	1	9313	9313	44	0	0	0×1	
sin-sonda	scrum1130-demo-llega-a-firmado.test.mjs	1	9310	9310	422	0	0	0×1	
sin-sonda	scrum98-public-access-fail-closed.test.mjs	1	9252	9252	1087	0	0	0×1	
sin-sonda	scrum198-consumidores-xml.test.mjs	1	9235	9235	1252	0	0	0×1	
sin-sonda	scrum653c-firmas-sin-coletilla.test.mjs	1	9234	9234	44	0	0	0×1	
sin-sonda	scrum447-byte-invisible-en-patrones.test.mjs	1	9219	9219	316	0	0	0×1	
sin-sonda	verifactu.test.mjs	1	9198	9198	92	0	0	0×1	
sin-sonda	scrum374-direccion-sin-escritores.test.mjs	1	9194	9194	244	0	0	0×1	
sin-sonda	scrum243-tenencia-lectura.test.mjs	1	9191	9191	2159	0	0	0×1	
sin-sonda	scrum334-correo-sin-consentimiento.test.mjs	1	9119	9119	55	0	0	0×1	
sin-sonda	scrum1202-sin-accept-publico.test.mjs	1	9089	9089	416	0	0	0×1	
sin-sonda	scrum285-cobro-a-factura.test.mjs	1	9089	9089	36	0	0	0×1	
sin-sonda	scrum620-servidor-que-no-arranca.test.mjs	1	9070	9070	343	0	0	0×1	
sin-sonda	scrum1078-precios-del-parte-solo-admin.test.mjs	1	9034	9034	373	0	0	0×1	
sin-sonda	scrum1294-a9-leccion-en-a10.test.mjs	1	9023	9023	117	0	0	0×1	
sin-sonda	scrum846-instrumentos-con-caso-conocido.test.mjs	1	8985	8985	442	0	0	0×1	
sin-sonda	scrum396-referencia-justificante.test.mjs	1	8974	8974	579	0	0	0×1	
sin-sonda	scrum793-condicion-en-el-where.test.mjs	1	8964	8964	369	0	0	0×1	
sin-sonda	scrum514-leeme-multilinea.test.mjs	1	8919	8919	117	0	0	0×1	
sin-sonda	scrum1043-quien-me-debe-servidor.test.mjs	1	8904	8904	322	0	0	0×1	
sin-sonda	scrum324-aviso-simplificado-ui.test.mjs	1	8869	8869	390	0	0	0×1	
sin-sonda	locales.test.mjs	1	8858	8858	34	0	0	0×1	
sin-sonda	scrum761-sembrador-columnas-derivadas.test.mjs	1	8836	8836	1367	0	0	0×1	
sin-sonda	scrum285-bloque-cobro.test.mjs	1	8829	8829	33	0	0	0×1	
sin-sonda	scrum299-copy-factura-publico.test.mjs	1	8820	8820	689	0	0	0×1	
sin-sonda	scrum132-iva-unidad.test.mjs	1	8819	8819	35	0	0	0×1	
sin-sonda	scrum441-paidvia-sin-copia.test.mjs	1	8816	8816	2097	0	0	0×1	
sin-sonda	scrum980b-pestana-trabajos.test.mjs	1	8795	8795	891	0	0	0×1	
sin-sonda	scrum1247-rotulo-ia-no-nombra-proveedor.test.mjs	1	8789	8789	71	0	0	0×1	
sin-sonda	scrum380-primaria-tactil.test.mjs	1	8785	8785	60	0	0	0×1	
sin-sonda	scrum242-backup-codec.test.mjs	1	8779	8779	70	0	0	0×1	
sin-sonda	scrum824b-el-mas-antiguo-no-es-el-primero.test.mjs	1	8761	8761	160	0	0	0×1	
sin-sonda	scrum172-cobertura-tenancy.test.mjs	1	8759	8759	34	0	0	0×1	
sin-sonda	scrum538-skills-no-prometen-ficheros.test.mjs	1	8754	8754	35	0	0	0×1	
sin-sonda	scrum821b-las-capturas-que-ya-existian.test.mjs	1	8735	8735	44	0	0	0×1	
sin-sonda	pdfs.test.mjs	1	8711	8711	430	0	0	0×1	
sin-sonda	scrum1349-no-se-empuja-con-una-mutacion-puesta.test.mjs	1	8705	8705	238	0	0	0×1	
sin-sonda	scrum302-sin-callejones.test.mjs	1	8675	8675	642	0	0	0×1	
sin-sonda	scrum809b-paywall-sin-banco.test.mjs	1	8655	8655	370	0	0	0×1	
sin-sonda	scrum293-censo-or-numerico.test.mjs	1	8639	8639	39	0	0	0×1	
sin-sonda	scrum560-patron-fetch-servidor.test.mjs	1	8620	8620	908	0	0	0×1	
sin-sonda	scrum1221-banco-fallo-visible.test.mjs	1	8611	8611	839	0	0	0×1	
sin-sonda	scrum1274-presupuesto-desde-el-trabajo.test.mjs	1	8602	8602	2831	0	0	0×1	
sin-sonda	scrum242-runbook-no-se-declara-probado.test.mjs	1	8589	8589	40	0	0	0×1	
sin-sonda	scrum1312-boton-email-recibo-gateado.test.mjs	1	8586	8586	348	0	0	0×1	
sin-sonda	scrum236-equipo-sin-asignar.test.mjs	1	8574	8574	40	0	0	0×1	
sin-sonda	scrum212-copy-sin-claim-fiscal.test.mjs	1	8548	8548	437	0	0	0×1	
sin-sonda	scrum135-gasto-tenencia.test.mjs	1	8543	8543	79	0	0	0×1	
sin-sonda	scrum822-el-arbol-con-punto.test.mjs	1	8531	8531	1954	0	0	0×1	
sin-sonda	scrum205-fallo-de-sellado-no-entrega.test.mjs	1	8516	8516	2162	0	0	0×1	
sin-sonda	scrum214-semaforo-sin-llamadores.test.mjs	1	8510	8510	1286	0	0	0×1	
sin-sonda	scrum541-comparativa-a11y.test.mjs	1	8499	8499	44	0	0	0×1	
sin-sonda	scrum1309-banner-mail-sent-gateado.test.mjs	1	8496	8496	281	0	0	0×1	
sin-sonda	scrum902-botones-del-parte-con-estilo.test.mjs	1	8476	8476	509	0	0	0×1	
sin-sonda	scrum234-censo-reserva-serie.test.mjs	1	8441	8441	1777	0	0	0×1	
sin-sonda	scrum139-total-protagonista.test.mjs	1	8424	8424	85	0	0	0×1	
sin-sonda	scrum236-embudo-misma-poblacion.test.mjs	1	8354	8354	120	0	0	0×1	
sin-sonda	scrum207-conciliacion.test.mjs	1	8354	8354	107	0	0	0×1	
sin-sonda	scrum924-pay-mp-no-inventa-estado.test.mjs	1	8341	8341	219	0	0	0×1	
sin-sonda	scrum1051-isp-s2.test.mjs	1	8330	8330	260	0	0	0×1	
sin-sonda	scrum900-push-de-claude-con-la-app.test.mjs	1	8325	8325	135	0	0	0×1	
sin-sonda	scrum136-hub-equipo.test.mjs	1	8298	8298	67	0	0	0×1	
sin-sonda	scrum296-lector-tenencia.test.mjs	1	8268	8268	396	0	0	0×1	
sin-sonda	scrum952-respaldo-gemini-con-cupo.test.mjs	1	8255	8255	71	0	0	0×1	
sin-sonda	scrum245-tipo-obliga-declarar.test.mjs	1	8252	8252	10747	0	0	0×1	
sin-sonda	scrum888b-descuento-redibuja.test.mjs	1	8230	8230	103	0	0	0×1	
sin-sonda	scrum130-card-charge-connect.test.mjs	1	8230	8230	23	0	0	0×1	
sin-sonda	scrum917d-titulo-propio-en-la-lista.test.mjs	1	8225	8225	297	0	0	0×1	
sin-sonda	scrum1151-conteo-no-deducible.test.mjs	1	8221	8221	195	0	0	0×1	
sin-sonda	scrum806-el-pdf-del-portal.test.mjs	1	8151	8151	453	0	0	0×1	
sin-sonda	scrum844g-el-tipo-de-lo-recibido.test.mjs	1	8145	8145	26	0	0	0×1	
sin-sonda	scrum1163-whatsapp-cliente-solo-movil.test.mjs	1	8126	8126	570	0	0	0×1	
sin-sonda	scrum1249-descarga-recibidas-alcanzable.test.mjs	1	8092	8092	8583	0	0	0×1	
sin-sonda	scrum720b-el-nav-abre.test.mjs	1	8091	8091	1214	0	0	0×1	
sin-sonda	scrum1184-vista-previa-en-el-alta.test.mjs	1	8076	8076	972	0	0	0×1	
sin-sonda	scrum111-canario-zip.test.mjs	1	8064	8064	180	0	0	0×1	
sin-sonda	scrum1035-cifras-del-cliente-todos-sus-documentos.test.mjs	1	8062	8062	316	0	0	0×1	
sin-sonda	scrum389-censo-vat.test.mjs	1	8016	8016	1880	0	0	0×1	
sin-sonda	scrum1227-perfil-ida-y-vuelta.test.mjs	1	8010	8010	96	0	0	0×1	
sin-sonda	scrum743-cantidad-una-sola-forma.test.mjs	1	7970	7970	320	0	0	0×1	
sin-sonda	scrum1234-inter-autoalojada.test.mjs	1	7964	7964	55	0	0	0×1	
sin-sonda	node-p-capturado-sin-color.test.mjs	1	7956	7956	204	0	0	0×1	
sin-sonda	scrum1138-patch-customers.test.mjs	1	7920	7920	419	0	0	0×1	
sin-sonda	scrum829b-la-ref-rancia-se-poda.test.mjs	1	7916	7916	414	0	0	0×1	
sin-sonda	scrum1308-scripts-sin-nombre-de-test.test.mjs	1	7911	7911	291	0	0	0×1	
sin-sonda	scrum1215-revisiones-error-crear.test.mjs	1	7901	7901	748	0	0	0×1	
sin-sonda	scrum1141-nif-en-la-ficha-del-proveedor.test.mjs	1	7886	7886	645	0	0	0×1	
sin-sonda	scrum713c-trinquete-de-estilos-en-js.test.mjs	1	7861	7861	1248	0	0	0×1	
sin-sonda	scrum1187-detalle-con-textos-doc.test.mjs	1	7835	7835	93	0	0	0×1	
sin-sonda	scrum1172-botones-de-la-ficha-del-trabajo-44.test.mjs	1	7830	7830	36	0	0	0×1	
sin-sonda	scrum176b-force-por-identidad.test.mjs	1	7720	7720	37	0	0	0×1	
sin-sonda	scrum696-censo-del-arbol.test.mjs	1	7645	7645	6254	0	0	0×1	
sin-sonda	vat.test.mjs	1	7629	7629	28	0	0	0×1	
sin-sonda	scrum128-frontend-census.test.mjs	1	7622	7622	76	0	0	0×1	
sin-sonda	scrum219-tx-tipado.test.mjs	1	7576	7576	813	0	0	0×1	
sin-sonda	scrum590-el-destino-pasa-por-el-resolvedor.test.mjs	1	7575	7575	1085	0	0	0×1	
sin-sonda	scrum1212b-correo-aceptado-sin-firma.test.mjs	1	7530	7530	343	0	0	0×1	
sin-sonda	scrum751-clave-duplicada-en-silencio.test.mjs	1	7527	7527	4557	0	0	0×1	
sin-sonda	scrum341-condicion-precio-publicada.test.mjs	1	7500	7500	40	0	0	0×1	
sin-sonda	scrum1196-fecha-de-la-politica.test.mjs	1	7500	7500	31	0	0	0×1	
sin-sonda	scrum814-carrera-del-tramo.gated.test.mjs	1	7453	7453	82	0	0	0×1	
sin-sonda	scrum275-message-en-superficie-publica.test.mjs	1	7387	7387	719	0	0	0×1	
sin-sonda	scrum420-barra-navegable-por-hash.test.mjs	1	7300	7300	33	0	0	0×1	
sin-sonda	scrum1179d-herramientas-no-red.test.mjs	1	7270	7270	36	0	0	0×1	
sin-sonda	scrum1179c-censo-clics-informativo.test.mjs	1	7249	7249	26	0	0	0×1	
sin-sonda	scrum113-migracion-fixtures.test.mjs	1	7247	7247	93	0	0	0×1	
sin-sonda	webhooks-idempotencia.test.mjs	1	7242	7242	406	0	0	0×1	
sin-sonda	scrum1001-sin-pago-la-pagina-lo-dice.test.mjs	1	7225	7225	485	0	0	0×1	
sin-sonda	scrum1162-asistente-avanza-cada-paso.test.mjs	1	7201	7201	463	0	0	0×1	
sin-sonda	scrum1306-consta-en-alguno.test.mjs	1	7197	7197	2356	0	0	0×1	
sin-sonda	scrum1022c-selector-ofrece-xlsx.test.mjs	1	7171	7171	135	0	0	0×1	
sin-sonda	scrum1179c-censo-accion-informativo.test.mjs	1	7135	7135	27	0	0	0×1	
sin-sonda	scrum242-scripts-no-prometen-documentos.test.mjs	1	7116	7116	571	0	0	0×1	
sin-sonda	scrum391-guards-declarados-presentes.test.mjs	1	7111	7111	388	0	0	0×1	
sin-sonda	scrum789-health-tiempo-del-select.test.mjs	1	7085	7085	212	0	0	0×1	
sin-sonda	scrum206b-quien-emite-sella.test.mjs	1	7005	7005	1853	0	0	0×1	
sin-sonda	scrum215-costura-de-test.test.mjs	1	7001	7001	1382	0	0	0×1	
sin-sonda	scrum254-sin-lectura-cross-merchant.test.mjs	1	6975	6975	436	0	0	0×1	
sin-sonda	scrum339-microcopy-import.test.mjs	1	6975	6975	41	0	0	0×1	
sin-sonda	scrum205-sql-a-mano-contra-schema.test.mjs	1	6970	6970	40	0	0	0×1	
sin-sonda	scrum388-centinela-main.test.mjs	1	6952	6952	2489	0	0	0×1	
sin-sonda	scrum858c-el-cierre-con-indice.test.mjs	1	6939	6939	258	0	0	0×1	
sin-sonda	scrum897-repintar-reemplaza.test.mjs	1	6931	6931	635	0	0	0×1	
sin-sonda	scrum151-motivo-sin-tramo.test.mjs	1	6929	6929	29	0	0	0×1	
sin-sonda	scrum241-backup-tablas.test.mjs	1	6880	6880	44	0	0	0×1	
sin-sonda	quoteNumber.test.mjs	1	6804	6804	130	0	0	0×1	
sin-sonda	scrum128-frontend-mira-sent.test.mjs	1	6776	6776	202	0	0	0×1	
sin-sonda	scrum163-base-url-guard.test.mjs	1	6690	6690	37	0	0	0×1	
sin-sonda	scrum342-dispute-package-quote-nulo.test.mjs	1	6672	6672	516	0	0	0×1	
sin-sonda	scrum1332-la-caida-no-tapa-lo-de-despues.test.mjs	1	6653	6653	2150	0	0	0×1	
sin-sonda	scrum923-fallback-cuenta-conectada.test.mjs	1	6582	6582	383	0	0	0×1	
sin-sonda	scrum888d-firma-con-descuentos.test.mjs	1	6506	6506	476	0	0	0×1	
sin-sonda	scrum1171-trabajo-numero-whatsapp.test.mjs	1	6292	6292	423	0	0	0×1	
sin-sonda	scrum1212c-ajuste-correo-aceptado-desde-whatsapp.test.mjs	1	6201	6201	303	0	0	0×1	
sin-sonda	scrum1093g-parte-numero-zona-merchant.test.mjs	1	6156	6156	384	0	0	0×1	
sin-sonda	scrum888d-detalle-con-descuento-global.test.mjs	1	6131	6131	122	0	0	0×1	
sin-sonda	scrum515-aviso-bizum-render.test.mjs	1	6096	6096	48	0	0	0×1	
sin-sonda	scrum1180-detalle-con-clausulas-excluidas.test.mjs	1	6041	6041	97	0	0	0×1	
sin-sonda	scrum109-expense-teammember.test.mjs	1	6033	6033	76	0	0	0×1	
sin-sonda	scrum597-las-dos-secciones-conviven.test.mjs	1	6016	6016	23	0	0	0×1	
sin-sonda	scrum201-citas-aeat.test.mjs	1	5946	5946	72	0	0	0×1	
sin-sonda	scrum106-trabajos-fecha.test.mjs	1	5932	5932	85	0	0	0×1	
sin-sonda	scrum178-emision-manual.test.mjs	1	5927	5927	82	0	0	0×1	
sin-sonda	scrum910-admin-sin-enlaces-undefined.test.mjs	1	5900	5900	26	0	0	0×1	
sin-sonda	scrum1317-productos-del-operario.test.mjs	1	5897	5897	594	0	0	0×1	
sin-sonda	scrum115-wa-fallo-registrado.test.mjs	1	5888	5888	65	0	0	0×1	
sin-sonda	scrum1057-duplicados-antes-de-id.test.mjs	1	5867	5867	279	0	0	0×1	
sin-sonda	public-js-parsea.test.mjs	1	5744	5744	4075	0	0	0×1	
sin-sonda	scrum297-evidencias-postgres.test.mjs	1	5744	5744	1096	0	0	0×1	
sin-sonda	scrum72-pdfs-privados.test.mjs	1	5692	5692	116	0	0	0×1	
sin-sonda	scrum66-tipo-operacion.test.mjs	1	5662	5662	104	0	0	0×1	
sin-sonda	scrum148-filtro-por-miembro.test.mjs	1	5657	5657	94	0	0	0×1	
sin-sonda	scrum343-cabecera-gastos-unica.test.mjs	1	5637	5637	523	0	0	0×1	
sin-sonda	scrum242-restauracion-cubre-todos-los-tipos.test.mjs	1	5631	5631	81	0	0	0×1	
sin-sonda	scrum124-r29-perfil-publico-sin-datos.test.mjs	1	5611	5611	39	0	0	0×1	
sin-sonda	scrum1215c-foto-oculta-en-firmado.test.mjs	1	5541	5541	336	0	0	0×1	
sin-sonda	scrum1179c-censo-tactil-informativo.test.mjs	1	5526	5526	23	0	0	0×1	
sin-sonda	scrum389-un-solo-iva.test.mjs	1	5512	5512	1090	0	0	0×1	
sin-sonda	scrum1080-cobro-profesional.test.mjs	1	5443	5443	1422	0	0	0×1	
sin-sonda	scrum1215b-sin-lineas-cerrado.test.mjs	1	5422	5422	437	0	0	0×1	
sin-sonda	scrum283-microcopy-marcador.test.mjs	1	5396	5396	470	0	0	0×1	
sin-sonda	scrum199-fuente-unica-hijos.test.mjs	1	5381	5381	59	0	0	0×1	
sin-sonda	tenancy-permisos.test.mjs	1	5327	5327	57	0	0	0×1	
sin-sonda	scrum189-citas-con-destino.test.mjs	1	5277	5277	218	0	0	0×1	
sin-sonda	scrum225-mapa-tres-bd.test.mjs	1	5261	5261	34	0	0	0×1	
sin-sonda	scrum209-un-solo-desglose.test.mjs	1	5237	5237	562	0	0	0×1	
sin-sonda	scrum727-vistas-que-existen.test.mjs	1	5112	5112	1112	0	0	0×1	
sin-sonda	scrum974-firmado-sin-facturar-en-el-lunes.test.mjs	1	4960	4960	770	0	0	0×1	
sin-sonda	version.test.mjs	1	4821	4821	30	0	0	0×1	
sin-sonda	scrum238-postinstall-prisma.test.mjs	1	4796	4796	22	0	0	0×1	
sin-sonda	scrum227-toda-via-deja-rastro.test.mjs	1	4777	4777	45	0	0	0×1	
sin-sonda	owner.test.mjs	1	4676	4676	35	0	0	0×1	
sin-sonda	scrum92-login-operario.test.mjs	1	4638	4638	80	0	0	0×1	
sin-sonda	scrum120-patch-job-roles.test.mjs	1	4447	4447	58	0	0	0×1	
sin-sonda	scrum85-pay-routes-token.test.mjs	1	4446	4446	62	0	0	0×1	
sin-sonda	scrum74-recibo-token.test.mjs	1	4428	4428	82	0	0	0×1	
sin-sonda	scrum57-operario-propagacion.test.mjs	1	4418	4418	79	0	0	0×1	
sin-sonda	scrum50-bot-albaranes.test.mjs	1	4383	4383	89	0	0	0×1	
sin-sonda	scrum90-pay-bank-mp-token.test.mjs	1	4382	4382	58	0	0	0×1	
sin-sonda	scrum47-enviar-albaran-wa.test.mjs	1	4362	4362	60	0	0	0×1	
sin-sonda	scrum24-operarios-metrics.test.mjs	1	4273	4273	110	0	0	0×1	
sin-sonda	scrum158-montajes-admin-muestreados.test.mjs	1	4267	4267	30	0	0	0×1	
sin-sonda	scrum49-firma-remota.test.mjs	1	4258	4258	87	0	0	0×1	
sin-sonda	scrum25-export-zip.test.mjs	1	4223	4223	143	0	0	0×1	
sin-sonda	scrum73-verifactu-gate.test.mjs	1	4177	4177	53	0	0	0×1	
sin-sonda	scrum124-r29-no-borrado-facturas.test.mjs	1	4177	4177	751	0	0	0×1	
sin-sonda	a55-window-quote.test.mjs	1	4110	4110	106	0	0	0×1	
sin-sonda	scrum13-cobrado.test.mjs	1	4063	4063	380	0	0	0×1	
sin-sonda	scrum295-modelo-303-postgres.test.mjs	1	4040	4040	447	0	0	0×1	
sin-sonda	scrum1062-historial-whatsapp-cliente.test.mjs	1	4023	4023	385	0	0	0×1	
sin-sonda	scrum1059b-etiquetado-masivo-postgres.test.mjs	1	3978	3978	297	0	0	0×1	
sin-sonda	scrum221-export-fiscal-cero-bytes.test.mjs	1	3973	3973	87	0	0	0×1	
sin-sonda	scrum94-register-teammember.test.mjs	1	3971	3971	60	0	0	0×1	
sin-sonda	scrum296-libro-postgres.test.mjs	1	3965	3965	561	0	0	0×1	
sin-sonda	scrum967b-el-portal-en-el-envio.test.mjs	1	3959	3959	1124	0	0	0×1	
sin-sonda	scrum104-clientes-referenciados.test.mjs	1	3942	3942	56	0	0	0×1	
sin-sonda	scrum1014-sitios-del-cliente.test.mjs	1	3923	3923	414	0	0	0×1	
sin-sonda	scrum76-email-adjunto.test.mjs	1	3918	3918	124	0	0	0×1	
sin-sonda	scrum96-no-generated-docs-in-public.test.mjs	1	3912	3912	35	0	0	0×1	
sin-sonda	scrum131-resend-honesto.test.mjs	1	3907	3907	57	0	0	0×1	
sin-sonda	scrum22-operario-readpath.test.mjs	1	3907	3907	68	0	0	0×1	
sin-sonda	scrum127-paywall-bloquea.test.mjs	1	3903	3903	58	0	0	0×1	
sin-sonda	scrum116-recordatorio-candado.test.mjs	1	3873	3873	82	0	0	0×1	
sin-sonda	scrum234-carrera-serie.gated.test.mjs	1	3857	3857	68	0	0	0×1	
sin-sonda	scrum171a-consolidar-cliente.test.mjs	1	3853	3853	87	0	0	0×1	
sin-sonda	scrum692-guardado-parcial-en-base.test.mjs	1	3843	3843	546	0	0	0×1	
sin-sonda	scrum814-carrera-de-tramos-postgres.test.mjs	1	3841	3841	27	0	0	0×1	
sin-sonda	scrum124-r28-graph-facebook-guard.test.mjs	1	3838	3838	232	0	0	0×1	
sin-sonda	scrum980-historial-del-cliente.test.mjs	1	3833	3833	788	0	0	0×1	
sin-sonda	scrum51-job-sin-quote.test.mjs	1	3827	3827	56	0	0	0×1	
sin-sonda	scrum82-zip-verifactu.test.mjs	1	3823	3823	75	0	0	0×1	
sin-sonda	scrum1036-notas-del-cliente.test.mjs	1	3798	3798	312	0	0	0×1	
sin-sonda	scrum187-codeowners-zona-roja.test.mjs	1	3757	3757	23	0	0	0×1	
sin-sonda	scrum58-jobs-n1.test.mjs	1	3728	3728	83	0	0	0×1	
sin-sonda	scrum52-operario.test.mjs	1	3713	3713	479	0	0	0×1	
sin-sonda	scrum87-no-public-invoices.test.mjs	1	3702	3702	24	0	0	0×1	
sin-sonda	scrum25-exports.test.mjs	1	3628	3628	91	0	0	0×1	
sin-sonda	scrum129-n8n-guard.test.mjs	1	3518	3518	149	0	0	0×1	
sin-sonda	bot-suite.test.mjs	1	3461	3461	91	0	0	0×1	
