celda	pasada	flag	modo	casos	copias	carga	salida	declarados	ejecutados	informados	ausentes	ausentes_ejecutados	ausentes_no_ejecutados	forma	tap_tests	tap_fail	rojos_esperados	rojos_en_tap	rojos_de_fichero	sondas	sondas_con_pendientes	pendientes_max	escritos_max	total_max	bloqueante	ms
A-con-grande	1	con	sinc	80	4	4	0	320	320	295	25	25	0	cola	295	0	0	0	0	-	-	-	-	-	-	635
B-sin-grande	1	sin	sinc	80	4	4	0	320	320	320	0	0	0	-	320	0	0	0	0	-	-	-	-	-	-	684
C-con-grande-bloqueante	1	con	sinc	80	4	4	0	320	320	320	0	0	0	-	320	0	0	0	0	4	0	0	338338	338338	puesto	693
D-con-grande-sonda	1	con	sinc	80	4	4	0	320	320	305	15	15	0	cola	305	0	0	0	0	4	3	22916	336288	337166	no pedido	699
E-con-asincrona	1	con	asinc	80	4	4	0	320	320	320	0	0	0	-	320	0	0	0	0	-	-	-	-	-	-	696
F-con-pequena	1	con	sinc	10	4	4	0	40	40	40	0	0	0	-	40	0	0	0	0	-	-	-	-	-	-	460
G-con-rojo-en-la-cola	1	con	sinc	80	4	4	1	320	320	304	16	16	0	cola	308	4	4	0	0	-	-	-	-	-	-	680
H-sin-rojo-en-la-cola	1	sin	sinc	80	4	4	1	320	320	320	0	0	0	-	320	4	4	4	0	-	-	-	-	-	-	555
I-cortado-en-el-40	1	sin	sinc	80	1	4	0	80	40	0	80	40	40	cola	1	0	0	0	0	-	-	-	-	-	-	233
J-con-grande-una-copia	1	con	sinc	80	1	4	0	80	80	66	14	14	0	cola	66	0	0	0	0	-	-	-	-	-	-	372
K-sin-grande-sonda	1	sin	sinc	80	4	4	0	320	320	320	0	0	0	-	320	0	0	0	0	4	0	0	336289	336289	no pedido	732
L-con-dosis-relleno-000	1	con	sinc	80	4	4	0	320	320	297	23	23	0	cola	297	0	0	0	0	4	1	24472	97938	98160	no pedido	713
M-con-dosis-relleno-050	1	con	sinc	80	4	4	0	320	320	270	50	50	0	cola	270	0	0	0	0	4	2	54694	117938	118268	no pedido	668
N-con-dosis-relleno-150	1	con	sinc	80	4	4	0	320	320	291	29	29	0	cola	291	0	0	0	0	4	2	34039	158338	158771	no pedido	617
O-con-dosis-relleno-300	1	con	sinc	80	4	4	0	320	320	291	29	29	0	cola	291	0	0	0	0	4	2	44007	218338	218905	no pedido	706
Q-con-rojo-en-la-cola-una-copia	1	con	sinc	80	1	4	1	80	80	66	14	14	0	cola	67	1	1	0	0	-	-	-	-	-	-	293
P-con-pequena-sonda	1	con	sinc	10	4	4	0	40	40	40	0	0	0	-	40	0	0	0	0	4	0	0	13645	13645	no pedido	469
A-con-grande	2	con	sinc	80	4	4	0	320	320	290	30	30	0	cola	290	0	0	0	0	-	-	-	-	-	-	691
B-sin-grande	2	sin	sinc	80	4	4	0	320	320	320	0	0	0	-	320	0	0	0	0	-	-	-	-	-	-	664
C-con-grande-bloqueante	2	con	sinc	80	4	4	0	320	320	320	0	0	0	-	320	0	0	0	0	4	0	0	338338	338338	puesto	703
D-con-grande-sonda	2	con	sinc	80	4	4	0	320	320	282	38	38	0	cola	282	0	0	0	0	4	3	57391	336288	337153	no pedido	639
E-con-asincrona	2	con	asinc	80	4	4	0	320	320	318	2	2	0	cola	318	0	0	0	0	-	-	-	-	-	-	702
F-con-pequena	2	con	sinc	10	4	4	0	40	40	40	0	0	0	-	40	0	0	0	0	-	-	-	-	-	-	428
G-con-rojo-en-la-cola	2	con	sinc	80	4	4	1	320	320	298	22	22	0	cola	300	4	4	2	0	-	-	-	-	-	-	580
H-sin-rojo-en-la-cola	2	sin	sinc	80	4	4	1	320	320	320	0	0	0	-	320	4	4	4	0	-	-	-	-	-	-	671
I-cortado-en-el-40	2	sin	sinc	80	1	4	0	80	40	0	80	40	40	cola	1	0	0	0	0	-	-	-	-	-	-	174
J-con-grande-una-copia	2	con	sinc	80	1	4	0	80	80	80	0	0	0	-	80	0	0	0	0	-	-	-	-	-	-	354
K-sin-grande-sonda	2	sin	sinc	80	4	4	0	320	320	320	0	0	0	-	320	0	0	0	0	4	0	0	336289	336289	no pedido	687
L-con-dosis-relleno-000	2	con	sinc	80	4	4	0	320	320	231	89	89	0	cola	231	0	0	0	0	4	2	54759	97938	98218	no pedido	579
M-con-dosis-relleno-050	2	con	sinc	80	4	4	0	320	320	269	51	51	0	cola	269	0	0	0	0	4	1	61426	117938	118196	no pedido	640
N-con-dosis-relleno-150	2	con	sinc	80	4	4	0	320	320	308	12	12	0	cola	308	0	0	0	0	4	1	20943	158338	158712	no pedido	649
O-con-dosis-relleno-300	2	con	sinc	80	4	4	0	320	320	266	54	54	0	cola	266	0	0	0	0	4	3	58184	218338	218919	no pedido	568
Q-con-rojo-en-la-cola-una-copia	2	con	sinc	80	1	4	1	80	80	72	8	8	0	cola	73	1	1	0	0	-	-	-	-	-	-	361
P-con-pequena-sonda	2	con	sinc	10	4	4	0	40	40	40	0	0	0	-	40	0	0	0	0	4	0	0	13645	13645	no pedido	390
A-con-grande	3	con	sinc	80	4	4	0	320	320	285	35	35	0	cola	285	0	0	0	0	-	-	-	-	-	-	546
B-sin-grande	3	sin	sinc	80	4	4	0	320	320	320	0	0	0	-	320	0	0	0	0	-	-	-	-	-	-	576
C-con-grande-bloqueante	3	con	sinc	80	4	4	0	320	320	320	0	0	0	-	320	0	0	0	0	4	0	0	338338	338338	puesto	593
D-con-grande-sonda	3	con	sinc	80	4	4	0	320	320	286	34	34	0	cola	286	0	0	0	0	4	4	33017	314237	337153	no pedido	605
E-con-asincrona	3	con	asinc	80	4	4	0	320	320	320	0	0	0	-	320	0	0	0	0	-	-	-	-	-	-	669
F-con-pequena	3	con	sinc	10	4	4	0	40	40	40	0	0	0	-	40	0	0	0	0	-	-	-	-	-	-	447
G-con-rojo-en-la-cola	3	con	sinc	80	4	4	1	320	320	274	46	46	0	cola	278	4	4	0	0	-	-	-	-	-	-	550
H-sin-rojo-en-la-cola	3	sin	sinc	80	4	4	1	320	320	320	0	0	0	-	320	4	4	4	0	-	-	-	-	-	-	612
I-cortado-en-el-40	3	sin	sinc	80	1	4	0	80	40	0	80	40	40	cola	1	0	0	0	0	-	-	-	-	-	-	288
J-con-grande-una-copia	3	con	sinc	80	1	4	0	80	80	68	12	12	0	cola	68	0	0	0	0	-	-	-	-	-	-	353
K-sin-grande-sonda	3	sin	sinc	80	4	4	0	320	320	320	0	0	0	-	320	0	0	0	0	4	0	0	336289	336289	no pedido	667
L-con-dosis-relleno-000	3	con	sinc	80	4	4	0	320	320	202	118	118	0	cola	202	0	0	0	0	4	2	62353	97938	98218	no pedido	551
M-con-dosis-relleno-050	3	con	sinc	80	4	4	0	320	320	276	44	44	0	cola	276	0	0	0	0	4	2	52010	117938	118270	no pedido	644
N-con-dosis-relleno-150	3	con	sinc	80	4	4	0	320	320	278	42	42	0	cola	278	0	0	0	0	4	2	34039	158338	158756	no pedido	626
O-con-dosis-relleno-300	3	con	sinc	80	4	4	0	320	320	270	50	50	0	cola	270	0	0	0	0	4	3	61456	218338	218921	no pedido	623
Q-con-rojo-en-la-cola-una-copia	3	con	sinc	80	1	4	1	80	80	64	16	16	0	cola	65	1	1	0	0	-	-	-	-	-	-	355
P-con-pequena-sonda	3	con	sinc	10	4	4	0	40	40	40	0	0	0	-	40	0	0	0	0	4	0	0	13645	13645	no pedido	406
A-con-grande	4	con	sinc	80	4	4	0	320	320	299	21	21	0	cola	299	0	0	0	0	-	-	-	-	-	-	636
B-sin-grande	4	sin	sinc	80	4	4	0	320	320	320	0	0	0	-	320	0	0	0	0	-	-	-	-	-	-	720
C-con-grande-bloqueante	4	con	sinc	80	4	4	0	320	320	320	0	0	0	-	320	0	0	0	0	4	0	0	338338	338338	puesto	523
D-con-grande-sonda	4	con	sinc	80	4	4	0	320	320	286	34	34	0	cola	286	0	0	0	0	4	2	61631	336288	337164	no pedido	607
E-con-asincrona	4	con	asinc	80	4	4	0	320	320	300	20	20	0	cola	300	0	0	0	0	-	-	-	-	-	-	666
F-con-pequena	4	con	sinc	10	4	4	0	40	40	40	0	0	0	-	40	0	0	0	0	-	-	-	-	-	-	413
G-con-rojo-en-la-cola	4	con	sinc	80	4	4	1	320	320	294	26	26	0	cola	297	4	4	1	0	-	-	-	-	-	-	633
H-sin-rojo-en-la-cola	4	sin	sinc	80	4	4	1	320	320	320	0	0	0	-	320	4	4	4	0	-	-	-	-	-	-	686
I-cortado-en-el-40	4	sin	sinc	80	1	4	0	80	40	0	80	40	40	cola	1	0	0	0	0	-	-	-	-	-	-	274
J-con-grande-una-copia	4	con	sinc	80	1	4	0	80	80	80	0	0	0	-	80	0	0	0	0	-	-	-	-	-	-	374
K-sin-grande-sonda	4	sin	sinc	80	4	4	0	320	320	320	0	0	0	-	320	0	0	0	0	4	0	0	336289	336289	no pedido	755
L-con-dosis-relleno-000	4	con	sinc	80	4	4	0	320	320	256	64	64	0	cola	256	0	0	0	0	4	2	39127	97938	98160	no pedido	623
M-con-dosis-relleno-050	4	con	sinc	80	4	4	0	320	320	269	51	51	0	cola	269	0	0	0	0	4	3	59674	117938	118257	no pedido	689
N-con-dosis-relleno-150	4	con	sinc	80	4	4	0	320	320	276	44	44	0	cola	276	0	0	0	0	4	3	34039	158338	158758	no pedido	579
O-con-dosis-relleno-300	4	con	sinc	80	4	4	0	320	320	307	13	13	0	cola	307	0	0	0	0	4	2	30330	218338	218862	no pedido	559
Q-con-rojo-en-la-cola-una-copia	4	con	sinc	80	1	4	1	80	80	80	0	0	0	-	80	1	1	1	0	-	-	-	-	-	-	345
P-con-pequena-sonda	4	con	sinc	10	4	4	0	40	40	40	0	0	0	-	40	0	0	0	0	4	0	0	13645	13645	no pedido	434
A-con-grande	5	con	sinc	80	4	4	0	320	320	279	41	41	0	cola	279	0	0	0	0	-	-	-	-	-	-	528
B-sin-grande	5	sin	sinc	80	4	4	0	320	320	320	0	0	0	-	320	0	0	0	0	-	-	-	-	-	-	632
C-con-grande-bloqueante	5	con	sinc	80	4	4	0	320	320	320	0	0	0	-	320	0	0	0	0	4	0	0	338338	338338	puesto	659
D-con-grande-sonda	5	con	sinc	80	4	4	0	320	320	300	20	20	0	cola	300	0	0	0	0	4	2	44801	336288	337166	no pedido	634
E-con-asincrona	5	con	asinc	80	4	4	0	320	320	309	11	11	0	cola	309	0	0	0	0	-	-	-	-	-	-	662
F-con-pequena	5	con	sinc	10	4	4	0	40	40	40	0	0	0	-	40	0	0	0	0	-	-	-	-	-	-	369
G-con-rojo-en-la-cola	5	con	sinc	80	4	4	1	320	320	288	32	32	0	cola	291	4	4	1	0	-	-	-	-	-	-	611
H-sin-rojo-en-la-cola	5	sin	sinc	80	4	4	1	320	320	320	0	0	0	-	320	4	4	4	0	-	-	-	-	-	-	681
I-cortado-en-el-40	5	sin	sinc	80	1	4	0	80	40	0	80	40	40	cola	1	0	0	0	0	-	-	-	-	-	-	270
J-con-grande-una-copia	5	con	sinc	80	1	4	0	80	80	67	13	13	0	cola	67	0	0	0	0	-	-	-	-	-	-	351
K-sin-grande-sonda	5	sin	sinc	80	4	4	0	320	320	320	0	0	0	-	320	0	0	0	0	4	0	0	336289	336289	no pedido	626
L-con-dosis-relleno-000	5	con	sinc	80	4	4	0	320	320	208	112	112	0	cola	208	0	0	0	0	4	2	62071	97938	98205	no pedido	607
M-con-dosis-relleno-050	5	con	sinc	80	4	4	0	320	320	275	45	45	0	cola	275	0	0	0	0	4	2	52340	117938	118270	no pedido	550
N-con-dosis-relleno-150	5	con	sinc	80	4	4	0	320	320	232	88	88	0	cola	232	0	0	0	0	4	3	54951	158338	158769	no pedido	657
O-con-dosis-relleno-300	5	con	sinc	80	4	4	0	320	320	300	20	20	0	cola	300	0	0	0	0	4	1	45098	218338	218919	no pedido	490
Q-con-rojo-en-la-cola-una-copia	5	con	sinc	80	1	4	1	80	80	73	7	7	0	cola	74	1	1	0	0	-	-	-	-	-	-	345
P-con-pequena-sonda	5	con	sinc	10	4	4	0	40	40	40	0	0	0	-	40	0	0	0	0	4	0	0	13645	13645	no pedido	444
A-con-grande	6	con	sinc	80	4	4	0	320	320	292	28	28	0	cola	292	0	0	0	0	-	-	-	-	-	-	623
B-sin-grande	6	sin	sinc	80	4	4	0	320	320	320	0	0	0	-	320	0	0	0	0	-	-	-	-	-	-	645
C-con-grande-bloqueante	6	con	sinc	80	4	4	0	320	320	320	0	0	0	-	320	0	0	0	0	4	0	0	338338	338338	puesto	677
D-con-grande-sonda	6	con	sinc	80	4	4	0	320	320	311	9	9	0	cola	311	0	0	0	0	4	3	22051	336288	337152	no pedido	689
E-con-asincrona	6	con	asinc	80	4	4	0	320	320	317	3	3	0	cola	317	0	0	0	0	-	-	-	-	-	-	649
F-con-pequena	6	con	sinc	10	4	4	0	40	40	40	0	0	0	-	40	0	0	0	0	-	-	-	-	-	-	432
G-con-rojo-en-la-cola	6	con	sinc	80	4	4	1	320	320	312	8	8	0	cola	314	4	4	2	0	-	-	-	-	-	-	614
H-sin-rojo-en-la-cola	6	sin	sinc	80	4	4	1	320	320	320	0	0	0	-	320	4	4	4	0	-	-	-	-	-	-	635
I-cortado-en-el-40	6	sin	sinc	80	1	4	0	80	40	0	80	40	40	cola	1	0	0	0	0	-	-	-	-	-	-	270
J-con-grande-una-copia	6	con	sinc	80	1	4	0	80	80	80	0	0	0	-	80	0	0	0	0	-	-	-	-	-	-	349
K-sin-grande-sonda	6	sin	sinc	80	4	4	0	320	320	320	0	0	0	-	320	0	0	0	0	4	0	0	336289	336289	no pedido	591
L-con-dosis-relleno-000	6	con	sinc	80	4	4	0	320	320	218	102	102	0	cola	218	0	0	0	0	4	2	62842	97938	98205	no pedido	636
M-con-dosis-relleno-050	6	con	sinc	80	4	4	0	320	320	189	131	131	0	cola	189	0	0	0	0	4	3	60579	117938	118268	no pedido	633
N-con-dosis-relleno-150	6	con	sinc	80	4	4	0	320	320	302	18	18	0	cola	302	0	0	0	0	4	2	16602	158338	158771	no pedido	586
O-con-dosis-relleno-300	6	con	sinc	80	4	4	0	320	320	320	0	0	0	-	320	0	0	0	0	4	0	0	218338	218338	no pedido	657
Q-con-rojo-en-la-cola-una-copia	6	con	sinc	80	1	4	1	80	80	73	7	7	0	cola	74	1	1	0	0	-	-	-	-	-	-	316
P-con-pequena-sonda	6	con	sinc	10	4	4	0	40	40	40	0	0	0	-	40	0	0	0	0	4	0	0	13645	13645	no pedido	451
A-con-grande	7	con	sinc	80	4	4	0	320	320	300	20	20	0	cola	300	0	0	0	0	-	-	-	-	-	-	612
B-sin-grande	7	sin	sinc	80	4	4	0	320	320	320	0	0	0	-	320	0	0	0	0	-	-	-	-	-	-	662
C-con-grande-bloqueante	7	con	sinc	80	4	4	0	320	320	320	0	0	0	-	320	0	0	0	0	4	0	0	338338	338338	puesto	646
D-con-grande-sonda	7	con	sinc	80	4	4	0	320	320	320	0	0	0	-	320	0	0	0	0	4	0	0	336288	336288	no pedido	571
E-con-asincrona	7	con	asinc	80	4	4	0	320	320	308	12	12	0	cola	308	0	0	0	0	-	-	-	-	-	-	708
F-con-pequena	7	con	sinc	10	4	4	0	40	40	40	0	0	0	-	40	0	0	0	0	-	-	-	-	-	-	358
G-con-rojo-en-la-cola	7	con	sinc	80	4	4	1	320	320	299	21	21	0	cola	302	4	4	1	0	-	-	-	-	-	-	615
H-sin-rojo-en-la-cola	7	sin	sinc	80	4	4	1	320	320	320	0	0	0	-	320	4	4	4	0	-	-	-	-	-	-	653
I-cortado-en-el-40	7	sin	sinc	80	1	4	0	80	40	0	80	40	40	cola	1	0	0	0	0	-	-	-	-	-	-	290
J-con-grande-una-copia	7	con	sinc	80	1	4	0	80	80	80	0	0	0	-	80	0	0	0	0	-	-	-	-	-	-	330
K-sin-grande-sonda	7	sin	sinc	80	4	4	0	320	320	320	0	0	0	-	320	0	0	0	0	4	0	0	336289	336289	no pedido	652
L-con-dosis-relleno-000	7	con	sinc	80	4	4	0	320	320	251	69	69	0	cola	251	0	0	0	0	4	2	61598	97938	98160	no pedido	626
M-con-dosis-relleno-050	7	con	sinc	80	4	4	0	320	320	303	17	17	0	cola	303	0	0	0	0	4	2	14639	117938	118270	no pedido	628
N-con-dosis-relleno-150	7	con	sinc	80	4	4	0	320	320	276	44	44	0	cola	276	0	0	0	0	4	2	46269	158338	158770	no pedido	522
O-con-dosis-relleno-300	7	con	sinc	80	4	4	0	320	320	312	8	8	0	cola	312	0	0	0	0	4	1	18871	218338	218921	no pedido	638
Q-con-rojo-en-la-cola-una-copia	7	con	sinc	80	1	4	1	80	80	68	12	12	0	cola	69	1	1	0	0	-	-	-	-	-	-	334
P-con-pequena-sonda	7	con	sinc	10	4	4	0	40	40	40	0	0	0	-	40	0	0	0	0	4	0	0	13645	13645	no pedido	439
A-con-grande	8	con	sinc	80	4	4	0	320	320	293	27	27	0	cola	293	0	0	0	0	-	-	-	-	-	-	539
B-sin-grande	8	sin	sinc	80	4	4	0	320	320	320	0	0	0	-	320	0	0	0	0	-	-	-	-	-	-	648
C-con-grande-bloqueante	8	con	sinc	80	4	4	0	320	320	320	0	0	0	-	320	0	0	0	0	4	0	0	338338	338338	puesto	659
D-con-grande-sonda	8	con	sinc	80	4	4	0	320	320	320	0	0	0	-	320	0	0	0	0	4	0	0	336288	336288	no pedido	651
E-con-asincrona	8	con	asinc	80	4	4	0	320	320	320	0	0	0	-	320	0	0	0	0	-	-	-	-	-	-	663
F-con-pequena	8	con	sinc	10	4	4	0	40	40	40	0	0	0	-	40	0	0	0	0	-	-	-	-	-	-	350
G-con-rojo-en-la-cola	8	con	sinc	80	4	4	1	320	320	300	20	20	0	cola	303	4	4	1	0	-	-	-	-	-	-	642
H-sin-rojo-en-la-cola	8	sin	sinc	80	4	4	1	320	320	320	0	0	0	-	320	4	4	4	0	-	-	-	-	-	-	685
I-cortado-en-el-40	8	sin	sinc	80	1	4	0	80	40	0	80	40	40	cola	1	0	0	0	0	-	-	-	-	-	-	281
J-con-grande-una-copia	8	con	sinc	80	1	4	0	80	80	71	9	9	0	cola	71	0	0	0	0	-	-	-	-	-	-	322
K-sin-grande-sonda	8	sin	sinc	80	4	4	0	320	320	320	0	0	0	-	320	0	0	0	0	4	0	0	336289	336289	no pedido	682
L-con-dosis-relleno-000	8	con	sinc	80	4	4	0	320	320	277	43	43	0	cola	277	0	0	0	0	4	1	43510	97938	98146	no pedido	636
M-con-dosis-relleno-050	8	con	sinc	80	4	4	0	320	320	272	48	48	0	cola	272	0	0	0	0	4	1	58225	117938	118268	no pedido	646
N-con-dosis-relleno-150	8	con	sinc	80	4	4	0	320	320	269	51	51	0	cola	269	0	0	0	0	4	3	34039	158337	158769	no pedido	654
O-con-dosis-relleno-300	8	con	sinc	80	4	4	0	320	320	309	11	11	0	cola	309	0	0	0	0	4	1	24339	218338	218908	no pedido	653
Q-con-rojo-en-la-cola-una-copia	8	con	sinc	80	1	4	1	80	80	67	13	13	0	cola	68	1	1	0	0	-	-	-	-	-	-	362
P-con-pequena-sonda	8	con	sinc	10	4	4	0	40	40	40	0	0	0	-	40	0	0	0	0	4	0	0	13645	13645	no pedido	440
A-con-grande	9	con	sinc	80	4	4	0	320	320	320	0	0	0	-	320	0	0	0	0	-	-	-	-	-	-	613
B-sin-grande	9	sin	sinc	80	4	4	0	320	320	320	0	0	0	-	320	0	0	0	0	-	-	-	-	-	-	550
C-con-grande-bloqueante	9	con	sinc	80	4	4	0	320	320	320	0	0	0	-	320	0	0	0	0	4	0	0	338338	338338	puesto	663
D-con-grande-sonda	9	con	sinc	80	4	4	0	320	320	314	6	6	0	cola	314	0	0	0	0	4	1	22051	336288	337107	no pedido	588
E-con-asincrona	9	con	asinc	80	4	4	0	320	320	320	0	0	0	-	320	0	0	0	0	-	-	-	-	-	-	700
F-con-pequena	9	con	sinc	10	4	4	0	40	40	40	0	0	0	-	40	0	0	0	0	-	-	-	-	-	-	449
G-con-rojo-en-la-cola	9	con	sinc	80	4	4	1	320	320	288	32	32	0	cola	291	4	4	1	0	-	-	-	-	-	-	626
H-sin-rojo-en-la-cola	9	sin	sinc	80	4	4	1	320	320	320	0	0	0	-	320	4	4	4	0	-	-	-	-	-	-	656
I-cortado-en-el-40	9	sin	sinc	80	1	4	0	80	40	0	80	40	40	cola	1	0	0	0	0	-	-	-	-	-	-	273
J-con-grande-una-copia	9	con	sinc	80	1	4	0	80	80	67	13	13	0	cola	67	0	0	0	0	-	-	-	-	-	-	352
K-sin-grande-sonda	9	sin	sinc	80	4	4	0	320	320	320	0	0	0	-	320	0	0	0	0	4	0	0	336289	336289	no pedido	701
L-con-dosis-relleno-000	9	con	sinc	80	4	4	0	320	320	276	44	44	0	cola	276	0	0	0	0	4	2	27181	97938	98218	no pedido	535
M-con-dosis-relleno-050	9	con	sinc	80	4	4	0	320	320	277	43	43	0	cola	277	0	0	0	0	4	1	52010	117938	118196	no pedido	503
N-con-dosis-relleno-150	9	con	sinc	80	4	4	0	320	320	296	24	24	0	cola	296	0	0	0	0	4	3	34039	158338	158758	no pedido	639
O-con-dosis-relleno-300	9	con	sinc	80	4	4	0	320	320	320	0	0	0	-	320	0	0	0	0	4	0	0	218338	218338	no pedido	606
Q-con-rojo-en-la-cola-una-copia	9	con	sinc	80	1	4	1	80	80	67	13	13	0	cola	68	1	1	0	0	-	-	-	-	-	-	323
P-con-pequena-sonda	9	con	sinc	10	4	4	0	40	40	40	0	0	0	-	40	0	0	0	0	4	0	0	13645	13645	no pedido	435
A-con-grande	10	con	sinc	80	4	4	0	320	320	296	24	24	0	cola	296	0	0	0	0	-	-	-	-	-	-	628
B-sin-grande	10	sin	sinc	80	4	4	0	320	320	320	0	0	0	-	320	0	0	0	0	-	-	-	-	-	-	619
C-con-grande-bloqueante	10	con	sinc	80	4	4	0	320	320	320	0	0	0	-	320	0	0	0	0	4	0	0	338338	338338	puesto	687
D-con-grande-sonda	10	con	sinc	80	4	4	0	320	320	288	32	32	0	cola	288	0	0	0	0	4	2	64992	336288	337167	no pedido	596
E-con-asincrona	10	con	asinc	80	4	4	0	320	320	320	0	0	0	-	320	0	0	0	0	-	-	-	-	-	-	665
F-con-pequena	10	con	sinc	10	4	4	0	40	40	40	0	0	0	-	40	0	0	0	0	-	-	-	-	-	-	449
G-con-rojo-en-la-cola	10	con	sinc	80	4	4	1	320	320	313	7	7	0	cola	314	4	4	3	0	-	-	-	-	-	-	598
H-sin-rojo-en-la-cola	10	sin	sinc	80	4	4	1	320	320	320	0	0	0	-	320	4	4	4	0	-	-	-	-	-	-	539
I-cortado-en-el-40	10	sin	sinc	80	1	4	0	80	40	0	80	40	40	cola	1	0	0	0	0	-	-	-	-	-	-	235
J-con-grande-una-copia	10	con	sinc	80	1	4	0	80	80	66	14	14	0	cola	66	0	0	0	0	-	-	-	-	-	-	364
K-sin-grande-sonda	10	sin	sinc	80	4	4	0	320	320	320	0	0	0	-	320	0	0	0	0	4	0	0	336289	336289	no pedido	611
L-con-dosis-relleno-000	10	con	sinc	80	4	4	0	320	320	210	110	110	0	cola	210	0	0	0	0	4	2	62353	97938	98218	no pedido	546
M-con-dosis-relleno-050	10	con	sinc	80	4	4	0	320	320	267	53	53	0	cola	267	0	0	0	0	4	1	63780	117938	118196	no pedido	622
N-con-dosis-relleno-150	10	con	sinc	80	4	4	0	320	320	261	59	59	0	cola	261	0	0	0	0	4	2	62497	158338	158756	no pedido	625
O-con-dosis-relleno-300	10	con	sinc	80	4	4	0	320	320	262	58	58	0	cola	262	0	0	0	0	4	3	61456	218338	218906	no pedido	692
Q-con-rojo-en-la-cola-una-copia	10	con	sinc	80	1	4	1	80	80	79	1	1	0	cola	80	1	1	0	0	-	-	-	-	-	-	375
P-con-pequena-sonda	10	con	sinc	10	4	4	0	40	40	40	0	0	0	-	40	0	0	0	0	4	0	0	13645	13645	no pedido	451
A-con-grande	11	con	sinc	80	4	4	0	320	320	299	21	21	0	cola	299	0	0	0	0	-	-	-	-	-	-	568
B-sin-grande	11	sin	sinc	80	4	4	0	320	320	320	0	0	0	-	320	0	0	0	0	-	-	-	-	-	-	733
C-con-grande-bloqueante	11	con	sinc	80	4	4	0	320	320	320	0	0	0	-	320	0	0	0	0	4	0	0	338338	338338	puesto	640
D-con-grande-sonda	11	con	sinc	80	4	4	0	320	320	294	26	26	0	cola	294	0	0	0	0	4	3	55721	336288	337153	no pedido	682
E-con-asincrona	11	con	asinc	80	4	4	0	320	320	319	1	1	0	cola	319	0	0	0	0	-	-	-	-	-	-	600
F-con-pequena	11	con	sinc	10	4	4	0	40	40	40	0	0	0	-	40	0	0	0	0	-	-	-	-	-	-	412
G-con-rojo-en-la-cola	11	con	sinc	80	4	4	1	320	320	314	6	6	0	cola	316	4	4	2	0	-	-	-	-	-	-	661
H-sin-rojo-en-la-cola	11	sin	sinc	80	4	4	1	320	320	320	0	0	0	-	320	4	4	4	0	-	-	-	-	-	-	623
I-cortado-en-el-40	11	sin	sinc	80	1	4	0	80	40	0	80	40	40	cola	1	0	0	0	0	-	-	-	-	-	-	279
J-con-grande-una-copia	11	con	sinc	80	1	4	0	80	80	80	0	0	0	-	80	0	0	0	0	-	-	-	-	-	-	353
K-sin-grande-sonda	11	sin	sinc	80	4	4	0	320	320	320	0	0	0	-	320	0	0	0	0	4	0	0	336289	336289	no pedido	675
L-con-dosis-relleno-000	11	con	sinc	80	4	4	0	320	320	217	103	103	0	cola	217	0	0	0	0	4	2	56211	97938	98146	no pedido	588
M-con-dosis-relleno-050	11	con	sinc	80	4	4	0	320	320	276	44	44	0	cola	276	0	0	0	0	4	2	51435	117938	118210	no pedido	613
N-con-dosis-relleno-150	11	con	sinc	80	4	4	0	320	320	320	0	0	0	-	320	0	0	0	0	4	0	0	158338	158338	no pedido	645
O-con-dosis-relleno-300	11	con	sinc	80	4	4	0	320	320	320	0	0	0	-	320	0	0	0	0	4	0	0	218338	218338	no pedido	636
Q-con-rojo-en-la-cola-una-copia	11	con	sinc	80	1	4	1	80	80	77	3	3	0	cola	78	1	1	0	0	-	-	-	-	-	-	359
P-con-pequena-sonda	11	con	sinc	10	4	4	0	40	40	40	0	0	0	-	40	0	0	0	0	4	0	0	13645	13645	no pedido	453
A-con-grande	12	con	sinc	80	4	4	0	320	320	289	31	31	0	cola	289	0	0	0	0	-	-	-	-	-	-	656
B-sin-grande	12	sin	sinc	80	4	4	0	320	320	320	0	0	0	-	320	0	0	0	0	-	-	-	-	-	-	540
C-con-grande-bloqueante	12	con	sinc	80	4	4	0	320	320	320	0	0	0	-	320	0	0	0	0	4	0	0	338338	338338	puesto	674
D-con-grande-sonda	12	con	sinc	80	4	4	0	320	320	299	21	21	0	cola	299	0	0	0	0	4	3	45619	336288	337153	no pedido	650
E-con-asincrona	12	con	asinc	80	4	4	0	320	320	318	2	2	0	cola	318	0	0	0	0	-	-	-	-	-	-	709
F-con-pequena	12	con	sinc	10	4	4	0	40	40	40	0	0	0	-	40	0	0	0	0	-	-	-	-	-	-	422
G-con-rojo-en-la-cola	12	con	sinc	80	4	4	1	320	320	296	24	24	0	cola	299	4	4	1	0	-	-	-	-	-	-	609
H-sin-rojo-en-la-cola	12	sin	sinc	80	4	4	1	320	320	320	0	0	0	-	320	4	4	4	0	-	-	-	-	-	-	527
I-cortado-en-el-40	12	sin	sinc	80	1	4	0	80	40	0	80	40	40	cola	1	0	0	0	0	-	-	-	-	-	-	279
J-con-grande-una-copia	12	con	sinc	80	1	4	0	80	80	80	0	0	0	-	80	0	0	0	0	-	-	-	-	-	-	341
K-sin-grande-sonda	12	sin	sinc	80	4	4	0	320	320	320	0	0	0	-	320	0	0	0	0	4	0	0	336289	336289	no pedido	610
L-con-dosis-relleno-000	12	con	sinc	80	4	4	0	320	320	308	12	12	0	cola	308	0	0	0	0	4	1	13190	97938	98147	no pedido	601
M-con-dosis-relleno-050	12	con	sinc	80	4	4	0	320	320	277	43	43	0	cola	277	0	0	0	0	4	3	42924	117938	118268	no pedido	671
N-con-dosis-relleno-150	12	con	sinc	80	4	4	0	320	320	278	42	42	0	cola	278	0	0	0	0	4	2	59335	158338	158756	no pedido	658
O-con-dosis-relleno-300	12	con	sinc	80	4	4	0	320	320	256	64	64	0	cola	256	0	0	0	0	4	3	63069	218338	218919	no pedido	644
Q-con-rojo-en-la-cola-una-copia	12	con	sinc	80	1	4	1	80	80	63	17	17	0	cola	64	1	1	0	0	-	-	-	-	-	-	285
P-con-pequena-sonda	12	con	sinc	10	4	4	0	40	40	40	0	0	0	-	40	0	0	0	0	4	0	0	13645	13645	no pedido	435
A-con-grande	13	con	sinc	80	4	4	0	320	320	295	25	25	0	cola	295	0	0	0	0	-	-	-	-	-	-	642
B-sin-grande	13	sin	sinc	80	4	4	0	320	320	320	0	0	0	-	320	0	0	0	0	-	-	-	-	-	-	631
C-con-grande-bloqueante	13	con	sinc	80	4	4	0	320	320	320	0	0	0	-	320	0	0	0	0	4	0	0	338338	338338	puesto	638
D-con-grande-sonda	13	con	sinc	80	4	4	0	320	320	310	10	10	0	cola	310	0	0	0	0	4	4	16181	334771	337153	no pedido	633
E-con-asincrona	13	con	asinc	80	4	4	0	320	320	317	3	3	0	cola	317	0	0	0	0	-	-	-	-	-	-	678
F-con-pequena	13	con	sinc	10	4	4	0	40	40	40	0	0	0	-	40	0	0	0	0	-	-	-	-	-	-	381
G-con-rojo-en-la-cola	13	con	sinc	80	4	4	1	320	320	303	17	17	0	cola	305	4	4	2	0	-	-	-	-	-	-	641
H-sin-rojo-en-la-cola	13	sin	sinc	80	4	4	1	320	320	320	0	0	0	-	320	4	4	4	0	-	-	-	-	-	-	643
I-cortado-en-el-40	13	sin	sinc	80	1	4	0	80	40	0	80	40	40	cola	1	0	0	0	0	-	-	-	-	-	-	274
J-con-grande-una-copia	13	con	sinc	80	1	4	0	80	80	72	8	8	0	cola	72	0	0	0	0	-	-	-	-	-	-	369
K-sin-grande-sonda	13	sin	sinc	80	4	4	0	320	320	320	0	0	0	-	320	0	0	0	0	4	0	0	336289	336289	no pedido	569
L-con-dosis-relleno-000	13	con	sinc	80	4	4	0	320	320	139	181	181	0	cola	139	0	0	0	0	4	3	62073	97938	98205	no pedido	523
M-con-dosis-relleno-050	13	con	sinc	80	4	4	0	320	320	320	0	0	0	-	320	0	0	0	0	4	0	0	117938	117938	no pedido	613
N-con-dosis-relleno-150	13	con	sinc	80	4	4	0	320	320	320	0	0	0	-	320	0	0	0	0	4	0	0	158338	158338	no pedido	557
O-con-dosis-relleno-300	13	con	sinc	80	4	4	0	320	320	288	32	32	0	cola	288	0	0	0	0	4	2	47802	218338	218861	no pedido	627
Q-con-rojo-en-la-cola-una-copia	13	con	sinc	80	1	4	1	80	80	76	4	4	0	cola	77	1	1	0	0	-	-	-	-	-	-	340
P-con-pequena-sonda	13	con	sinc	10	4	4	0	40	40	40	0	0	0	-	40	0	0	0	0	4	0	0	13645	13645	no pedido	454
A-con-grande	14	con	sinc	80	4	4	0	320	320	297	23	23	0	cola	297	0	0	0	0	-	-	-	-	-	-	643
B-sin-grande	14	sin	sinc	80	4	4	0	320	320	320	0	0	0	-	320	0	0	0	0	-	-	-	-	-	-	678
C-con-grande-bloqueante	14	con	sinc	80	4	4	0	320	320	320	0	0	0	-	320	0	0	0	0	4	0	0	338338	338338	puesto	693
D-con-grande-sonda	14	con	sinc	80	4	4	0	320	320	280	40	40	0	cola	280	0	0	0	0	4	4	57390	329402	337166	no pedido	615
E-con-asincrona	14	con	asinc	80	4	4	0	320	320	320	0	0	0	-	320	0	0	0	0	-	-	-	-	-	-	658
F-con-pequena	14	con	sinc	10	4	4	0	40	40	40	0	0	0	-	40	0	0	0	0	-	-	-	-	-	-	413
G-con-rojo-en-la-cola	14	con	sinc	80	4	4	1	320	320	284	36	36	0	cola	287	4	4	1	0	-	-	-	-	-	-	625
H-sin-rojo-en-la-cola	14	sin	sinc	80	4	4	1	320	320	320	0	0	0	-	320	4	4	4	0	-	-	-	-	-	-	612
I-cortado-en-el-40	14	sin	sinc	80	1	4	0	80	40	0	80	40	40	cola	1	0	0	0	0	-	-	-	-	-	-	260
J-con-grande-una-copia	14	con	sinc	80	1	4	0	80	80	72	8	8	0	cola	72	0	0	0	0	-	-	-	-	-	-	366
K-sin-grande-sonda	14	sin	sinc	80	4	4	0	320	320	320	0	0	0	-	320	0	0	0	0	4	0	0	336289	336289	no pedido	636
L-con-dosis-relleno-000	14	con	sinc	80	4	4	0	320	320	193	127	127	0	cola	193	0	0	0	0	4	3	64529	97938	98220	no pedido	642
M-con-dosis-relleno-050	14	con	sinc	80	4	4	0	320	320	320	0	0	0	-	320	0	0	0	0	4	0	0	117938	117938	no pedido	613
N-con-dosis-relleno-150	14	con	sinc	80	4	4	0	320	320	313	7	7	0	cola	313	0	0	0	0	4	1	11841	158338	158758	no pedido	582
O-con-dosis-relleno-300	14	con	sinc	80	4	4	0	320	320	269	51	51	0	cola	269	0	0	0	0	4	2	63069	218338	218861	no pedido	627
Q-con-rojo-en-la-cola-una-copia	14	con	sinc	80	1	4	1	80	80	80	0	0	0	-	80	1	1	1	0	-	-	-	-	-	-	364
P-con-pequena-sonda	14	con	sinc	10	4	4	0	40	40	40	0	0	0	-	40	0	0	0	0	4	0	0	13645	13645	no pedido	437
A-con-grande	15	con	sinc	80	4	4	0	320	320	302	18	18	0	cola	302	0	0	0	0	-	-	-	-	-	-	600
B-sin-grande	15	sin	sinc	80	4	4	0	320	320	320	0	0	0	-	320	0	0	0	0	-	-	-	-	-	-	613
C-con-grande-bloqueante	15	con	sinc	80	4	4	0	320	320	320	0	0	0	-	320	0	0	0	0	4	0	0	338338	338338	puesto	651
D-con-grande-sonda	15	con	sinc	80	4	4	0	320	320	298	22	22	0	cola	298	0	0	0	0	4	4	33017	331072	337153	no pedido	652
E-con-asincrona	15	con	asinc	80	4	4	0	320	320	299	21	21	0	cola	299	0	0	0	0	-	-	-	-	-	-	640
F-con-pequena	15	con	sinc	10	4	4	0	40	40	40	0	0	0	-	40	0	0	0	0	-	-	-	-	-	-	432
G-con-rojo-en-la-cola	15	con	sinc	80	4	4	1	320	320	284	36	36	0	cola	288	4	4	0	0	-	-	-	-	-	-	617
H-sin-rojo-en-la-cola	15	sin	sinc	80	4	4	1	320	320	320	0	0	0	-	320	4	4	4	0	-	-	-	-	-	-	595
I-cortado-en-el-40	15	sin	sinc	80	1	4	0	80	40	0	80	40	40	cola	1	0	0	0	0	-	-	-	-	-	-	283
J-con-grande-una-copia	15	con	sinc	80	1	4	0	80	80	76	4	4	0	cola	76	0	0	0	0	-	-	-	-	-	-	346
K-sin-grande-sonda	15	sin	sinc	80	4	4	0	320	320	320	0	0	0	-	320	0	0	0	0	4	0	0	336289	336289	no pedido	545
L-con-dosis-relleno-000	15	con	sinc	80	4	4	0	320	320	197	123	123	0	cola	197	0	0	0	0	4	2	62073	97938	98218	no pedido	585
M-con-dosis-relleno-050	15	con	sinc	80	4	4	0	320	320	275	45	45	0	cola	275	0	0	0	0	4	2	52010	117938	118197	no pedido	638
N-con-dosis-relleno-150	15	con	sinc	80	4	4	0	320	320	278	42	42	0	cola	278	0	0	0	0	4	2	34039	158338	158756	no pedido	592
O-con-dosis-relleno-300	15	con	sinc	80	4	4	0	320	320	320	0	0	0	-	320	0	0	0	0	4	0	0	218338	218338	no pedido	462
Q-con-rojo-en-la-cola-una-copia	15	con	sinc	80	1	4	1	80	80	76	4	4	0	cola	77	1	1	0	0	-	-	-	-	-	-	338
P-con-pequena-sonda	15	con	sinc	10	4	4	0	40	40	40	0	0	0	-	40	0	0	0	0	4	0	0	13645	13645	no pedido	441
A-con-grande	16	con	sinc	80	4	4	0	320	320	299	21	21	0	cola	299	0	0	0	0	-	-	-	-	-	-	681
B-sin-grande	16	sin	sinc	80	4	4	0	320	320	320	0	0	0	-	320	0	0	0	0	-	-	-	-	-	-	701
C-con-grande-bloqueante	16	con	sinc	80	4	4	0	320	320	320	0	0	0	-	320	0	0	0	0	4	0	0	338338	338338	puesto	674
D-con-grande-sonda	16	con	sinc	80	4	4	0	320	320	311	9	9	0	cola	311	0	0	0	0	4	3	14498	336288	337166	no pedido	621
E-con-asincrona	16	con	asinc	80	4	4	0	320	320	320	0	0	0	-	320	0	0	0	0	-	-	-	-	-	-	727
F-con-pequena	16	con	sinc	10	4	4	0	40	40	40	0	0	0	-	40	0	0	0	0	-	-	-	-	-	-	436
G-con-rojo-en-la-cola	16	con	sinc	80	4	4	1	320	320	302	18	18	0	cola	304	4	4	2	0	-	-	-	-	-	-	643
H-sin-rojo-en-la-cola	16	sin	sinc	80	4	4	1	320	320	320	0	0	0	-	320	4	4	4	0	-	-	-	-	-	-	555
I-cortado-en-el-40	16	sin	sinc	80	1	4	0	80	40	0	80	40	40	cola	1	0	0	0	0	-	-	-	-	-	-	278
J-con-grande-una-copia	16	con	sinc	80	1	4	0	80	80	80	0	0	0	-	80	0	0	0	0	-	-	-	-	-	-	364
K-sin-grande-sonda	16	sin	sinc	80	4	4	0	320	320	320	0	0	0	-	320	0	0	0	0	4	0	0	336289	336289	no pedido	651
L-con-dosis-relleno-000	16	con	sinc	80	4	4	0	320	320	198	122	122	0	cola	198	0	0	0	0	4	3	53782	97937	98205	no pedido	472
M-con-dosis-relleno-050	16	con	sinc	80	4	4	0	320	320	317	3	3	0	cola	317	0	0	0	0	4	1	5175	117938	118270	no pedido	645
N-con-dosis-relleno-150	16	con	sinc	80	4	4	0	320	320	266	54	54	0	cola	266	0	0	0	0	4	2	53370	158338	158756	no pedido	670
O-con-dosis-relleno-300	16	con	sinc	80	4	4	0	320	320	300	20	20	0	cola	300	0	0	0	0	4	2	44007	218338	218905	no pedido	517
Q-con-rojo-en-la-cola-una-copia	16	con	sinc	80	1	4	1	80	80	80	0	0	0	-	80	1	1	1	0	-	-	-	-	-	-	375
P-con-pequena-sonda	16	con	sinc	10	4	4	0	40	40	40	0	0	0	-	40	0	0	0	0	4	0	0	13645	13645	no pedido	423
A-con-grande	17	con	sinc	80	4	4	0	320	320	290	30	30	0	cola	290	0	0	0	0	-	-	-	-	-	-	627
B-sin-grande	17	sin	sinc	80	4	4	0	320	320	320	0	0	0	-	320	0	0	0	0	-	-	-	-	-	-	528
C-con-grande-bloqueante	17	con	sinc	80	4	4	0	320	320	320	0	0	0	-	320	0	0	0	0	4	0	0	338338	338338	puesto	661
D-con-grande-sonda	17	con	sinc	80	4	4	0	320	320	300	20	20	0	cola	300	0	0	0	0	4	2	43923	336288	337153	no pedido	651
E-con-asincrona	17	con	asinc	80	4	4	0	320	320	320	0	0	0	-	320	0	0	0	0	-	-	-	-	-	-	643
F-con-pequena	17	con	sinc	10	4	4	0	40	40	40	0	0	0	-	40	0	0	0	0	-	-	-	-	-	-	433
G-con-rojo-en-la-cola	17	con	sinc	80	4	4	1	320	320	312	8	8	0	cola	314	4	4	2	0	-	-	-	-	-	-	682
H-sin-rojo-en-la-cola	17	sin	sinc	80	4	4	1	320	320	320	0	0	0	-	320	4	4	4	0	-	-	-	-	-	-	618
I-cortado-en-el-40	17	sin	sinc	80	1	4	0	80	40	0	80	40	40	cola	1	0	0	0	0	-	-	-	-	-	-	272
J-con-grande-una-copia	17	con	sinc	80	1	4	0	80	80	76	4	4	0	cola	76	0	0	0	0	-	-	-	-	-	-	380
K-sin-grande-sonda	17	sin	sinc	80	4	4	0	320	320	320	0	0	0	-	320	0	0	0	0	4	0	0	336289	336289	no pedido	589
L-con-dosis-relleno-000	17	con	sinc	80	4	4	0	320	320	223	97	97	0	cola	223	0	0	0	0	4	2	54049	97938	98205	no pedido	661
M-con-dosis-relleno-050	17	con	sinc	80	4	4	0	320	320	240	80	80	0	cola	240	0	0	0	0	4	2	53789	117938	118210	no pedido	619
N-con-dosis-relleno-150	17	con	sinc	80	4	4	0	320	320	271	49	49	0	cola	271	0	0	0	0	4	3	64078	158338	158758	no pedido	668
O-con-dosis-relleno-300	17	con	sinc	80	4	4	0	320	320	295	25	25	0	cola	295	0	0	0	0	4	1	56526	218338	218861	no pedido	604
Q-con-rojo-en-la-cola-una-copia	17	con	sinc	80	1	4	1	80	80	80	0	0	0	-	80	1	1	1	0	-	-	-	-	-	-	346
P-con-pequena-sonda	17	con	sinc	10	4	4	0	40	40	40	0	0	0	-	40	0	0	0	0	4	0	0	13645	13645	no pedido	450
A-con-grande	18	con	sinc	80	4	4	0	320	320	289	31	31	0	cola	289	0	0	0	0	-	-	-	-	-	-	636
B-sin-grande	18	sin	sinc	80	4	4	0	320	320	320	0	0	0	-	320	0	0	0	0	-	-	-	-	-	-	589
C-con-grande-bloqueante	18	con	sinc	80	4	4	0	320	320	320	0	0	0	-	320	0	0	0	0	4	0	0	338338	338338	puesto	646
D-con-grande-sonda	18	con	sinc	80	4	4	0	320	320	291	29	29	0	cola	291	0	0	0	0	4	3	64992	336288	337164	no pedido	629
E-con-asincrona	18	con	asinc	80	4	4	0	320	320	308	12	12	0	cola	308	0	0	0	0	-	-	-	-	-	-	628
F-con-pequena	18	con	sinc	10	4	4	0	40	40	40	0	0	0	-	40	0	0	0	0	-	-	-	-	-	-	433
G-con-rojo-en-la-cola	18	con	sinc	80	4	4	1	320	320	313	7	7	0	cola	314	4	4	3	0	-	-	-	-	-	-	646
H-sin-rojo-en-la-cola	18	sin	sinc	80	4	4	1	320	320	320	0	0	0	-	320	4	4	4	0	-	-	-	-	-	-	678
I-cortado-en-el-40	18	sin	sinc	80	1	4	0	80	40	0	80	40	40	cola	1	0	0	0	0	-	-	-	-	-	-	270
J-con-grande-una-copia	18	con	sinc	80	1	4	0	80	80	76	4	4	0	cola	76	0	0	0	0	-	-	-	-	-	-	365
K-sin-grande-sonda	18	sin	sinc	80	4	4	0	320	320	320	0	0	0	-	320	0	0	0	0	4	0	0	336289	336289	no pedido	656
L-con-dosis-relleno-000	18	con	sinc	80	4	4	0	320	320	320	0	0	0	-	320	0	0	0	0	4	0	0	97938	97938	no pedido	678
M-con-dosis-relleno-050	18	con	sinc	80	4	4	0	320	320	265	55	55	0	cola	265	0	0	0	0	4	3	52010	117938	118211	no pedido	621
N-con-dosis-relleno-150	18	con	sinc	80	4	4	0	320	320	299	21	21	0	cola	299	0	0	0	0	4	1	34039	158338	158756	no pedido	619
O-con-dosis-relleno-300	18	con	sinc	80	4	4	0	320	320	286	34	34	0	cola	286	0	0	0	0	4	2	63637	218338	218906	no pedido	636
Q-con-rojo-en-la-cola-una-copia	18	con	sinc	80	1	4	1	80	80	76	4	4	0	cola	77	1	1	0	0	-	-	-	-	-	-	349
P-con-pequena-sonda	18	con	sinc	10	4	4	0	40	40	40	0	0	0	-	40	0	0	0	0	4	0	0	13645	13645	no pedido	417
A-con-grande	19	con	sinc	80	4	4	0	320	320	303	17	17	0	cola	303	0	0	0	0	-	-	-	-	-	-	566
B-sin-grande	19	sin	sinc	80	4	4	0	320	320	320	0	0	0	-	320	0	0	0	0	-	-	-	-	-	-	634
C-con-grande-bloqueante	19	con	sinc	80	4	4	0	320	320	320	0	0	0	-	320	0	0	0	0	4	0	0	338338	338338	puesto	673
D-con-grande-sonda	19	con	sinc	80	4	4	0	320	320	300	20	20	0	cola	300	0	0	0	0	4	2	60755	336288	337166	no pedido	638
E-con-asincrona	19	con	asinc	80	4	4	0	320	320	320	0	0	0	-	320	0	0	0	0	-	-	-	-	-	-	607
F-con-pequena	19	con	sinc	10	4	4	0	40	40	40	0	0	0	-	40	0	0	0	0	-	-	-	-	-	-	433
G-con-rojo-en-la-cola	19	con	sinc	80	4	4	1	320	320	304	16	16	0	cola	306	4	4	2	0	-	-	-	-	-	-	632
H-sin-rojo-en-la-cola	19	sin	sinc	80	4	4	1	320	320	320	0	0	0	-	320	4	4	4	0	-	-	-	-	-	-	661
I-cortado-en-el-40	19	sin	sinc	80	1	4	0	80	40	0	80	40	40	cola	1	0	0	0	0	-	-	-	-	-	-	266
J-con-grande-una-copia	19	con	sinc	80	1	4	0	80	80	80	0	0	0	-	80	0	0	0	0	-	-	-	-	-	-	295
K-sin-grande-sonda	19	sin	sinc	80	4	4	0	320	320	320	0	0	0	-	320	0	0	0	0	4	0	0	336289	336289	no pedido	648
L-con-dosis-relleno-000	19	con	sinc	80	4	4	0	320	320	320	0	0	0	-	320	0	0	0	0	4	0	0	97938	97938	no pedido	489
M-con-dosis-relleno-050	19	con	sinc	80	4	4	0	320	320	220	100	100	0	cola	220	0	0	0	0	4	2	61168	117938	118255	no pedido	579
N-con-dosis-relleno-150	19	con	sinc	80	4	4	0	320	320	292	28	28	0	cola	292	0	0	0	0	4	2	23743	158338	158771	no pedido	580
O-con-dosis-relleno-300	19	con	sinc	80	4	4	0	320	320	300	20	20	0	cola	300	0	0	0	0	4	2	36367	218338	218921	no pedido	635
Q-con-rojo-en-la-cola-una-copia	19	con	sinc	80	1	4	1	80	80	77	3	3	0	cola	78	1	1	0	0	-	-	-	-	-	-	314
P-con-pequena-sonda	19	con	sinc	10	4	4	0	40	40	40	0	0	0	-	40	0	0	0	0	4	0	0	13645	13645	no pedido	424
A-con-grande	20	con	sinc	80	4	4	0	320	320	288	32	32	0	cola	288	0	0	0	0	-	-	-	-	-	-	649
B-sin-grande	20	sin	sinc	80	4	4	0	320	320	320	0	0	0	-	320	0	0	0	0	-	-	-	-	-	-	721
C-con-grande-bloqueante	20	con	sinc	80	4	4	0	320	320	320	0	0	0	-	320	0	0	0	0	4	0	0	338338	338338	puesto	523
D-con-grande-sonda	20	con	sinc	80	4	4	0	320	320	284	36	36	0	cola	284	0	0	0	0	4	4	55720	333574	337166	no pedido	616
E-con-asincrona	20	con	asinc	80	4	4	0	320	320	318	2	2	0	cola	318	0	0	0	0	-	-	-	-	-	-	684
F-con-pequena	20	con	sinc	10	4	4	0	40	40	40	0	0	0	-	40	0	0	0	0	-	-	-	-	-	-	419
G-con-rojo-en-la-cola	20	con	sinc	80	4	4	1	320	320	291	29	29	0	cola	293	4	4	2	0	-	-	-	-	-	-	661
H-sin-rojo-en-la-cola	20	sin	sinc	80	4	4	1	320	320	320	0	0	0	-	320	4	4	4	0	-	-	-	-	-	-	692
I-cortado-en-el-40	20	sin	sinc	80	1	4	0	80	40	0	80	40	40	cola	1	0	0	0	0	-	-	-	-	-	-	254
J-con-grande-una-copia	20	con	sinc	80	1	4	0	80	80	80	0	0	0	-	80	0	0	0	0	-	-	-	-	-	-	339
K-sin-grande-sonda	20	sin	sinc	80	4	4	0	320	320	320	0	0	0	-	320	0	0	0	0	4	0	0	336289	336289	no pedido	655
L-con-dosis-relleno-000	20	con	sinc	80	4	4	0	320	320	204	116	116	0	cola	204	0	0	0	0	4	2	62073	97938	98160	no pedido	604
M-con-dosis-relleno-050	20	con	sinc	80	4	4	0	320	320	224	96	96	0	cola	224	0	0	0	0	4	3	64382	117938	118255	no pedido	638
N-con-dosis-relleno-150	20	con	sinc	80	4	4	0	320	320	285	35	35	0	cola	285	0	0	0	0	4	2	29655	158338	158698	no pedido	663
O-con-dosis-relleno-300	20	con	sinc	80	4	4	0	320	320	276	44	44	0	cola	276	0	0	0	0	4	3	60888	218338	218908	no pedido	604
Q-con-rojo-en-la-cola-una-copia	20	con	sinc	80	1	4	1	80	80	76	4	4	0	cola	77	1	1	0	0	-	-	-	-	-	-	349
P-con-pequena-sonda	20	con	sinc	10	4	4	0	40	40	40	0	0	0	-	40	0	0	0	0	4	0	0	13645	13645	no pedido	459
A-con-grande	21	con	sinc	80	4	4	0	320	320	288	32	32	0	cola	288	0	0	0	0	-	-	-	-	-	-	627
B-sin-grande	21	sin	sinc	80	4	4	0	320	320	320	0	0	0	-	320	0	0	0	0	-	-	-	-	-	-	657
C-con-grande-bloqueante	21	con	sinc	80	4	4	0	320	320	320	0	0	0	-	320	0	0	0	0	4	0	0	338338	338338	puesto	665
D-con-grande-sonda	21	con	sinc	80	4	4	0	320	320	309	11	11	0	cola	309	0	0	0	0	4	2	22916	336288	337153	no pedido	674
E-con-asincrona	21	con	asinc	80	4	4	0	320	320	320	0	0	0	-	320	0	0	0	0	-	-	-	-	-	-	645
F-con-pequena	21	con	sinc	10	4	4	0	40	40	40	0	0	0	-	40	0	0	0	0	-	-	-	-	-	-	437
G-con-rojo-en-la-cola	21	con	sinc	80	4	4	1	320	320	306	14	14	0	cola	308	4	4	2	0	-	-	-	-	-	-	643
H-sin-rojo-en-la-cola	21	sin	sinc	80	4	4	1	320	320	320	0	0	0	-	320	4	4	4	0	-	-	-	-	-	-	598
I-cortado-en-el-40	21	sin	sinc	80	1	4	0	80	40	0	80	40	40	cola	1	0	0	0	0	-	-	-	-	-	-	215
J-con-grande-una-copia	21	con	sinc	80	1	4	0	80	80	80	0	0	0	-	80	0	0	0	0	-	-	-	-	-	-	319
K-sin-grande-sonda	21	sin	sinc	80	4	4	0	320	320	320	0	0	0	-	320	0	0	0	0	4	0	0	336289	336289	no pedido	644
L-con-dosis-relleno-000	21	con	sinc	80	4	4	0	320	320	219	101	101	0	cola	219	0	0	0	0	4	2	53280	97938	98160	no pedido	640
M-con-dosis-relleno-050	21	con	sinc	80	4	4	0	320	320	308	12	12	0	cola	308	0	0	0	0	4	2	8997	117938	118211	no pedido	641
N-con-dosis-relleno-150	21	con	sinc	80	4	4	0	320	320	286	34	34	0	cola	286	0	0	0	0	4	2	47046	158338	158758	no pedido	636
O-con-dosis-relleno-300	21	con	sinc	80	4	4	0	320	320	317	3	3	0	cola	317	0	0	0	0	4	2	7936	218338	218921	no pedido	630
Q-con-rojo-en-la-cola-una-copia	21	con	sinc	80	1	4	1	80	80	62	18	18	0	cola	63	1	1	0	0	-	-	-	-	-	-	366
P-con-pequena-sonda	21	con	sinc	10	4	4	0	40	40	40	0	0	0	-	40	0	0	0	0	4	0	0	13645	13645	no pedido	418
A-con-grande	22	con	sinc	80	4	4	0	320	320	304	16	16	0	cola	304	0	0	0	0	-	-	-	-	-	-	628
B-sin-grande	22	sin	sinc	80	4	4	0	320	320	320	0	0	0	-	320	0	0	0	0	-	-	-	-	-	-	636
C-con-grande-bloqueante	22	con	sinc	80	4	4	0	320	320	320	0	0	0	-	320	0	0	0	0	4	0	0	338338	338338	puesto	655
D-con-grande-sonda	22	con	sinc	80	4	4	0	320	320	295	25	25	0	cola	295	0	0	0	0	4	2	62449	336288	337153	no pedido	658
E-con-asincrona	22	con	asinc	80	4	4	0	320	320	320	0	0	0	-	320	0	0	0	0	-	-	-	-	-	-	683
F-con-pequena	22	con	sinc	10	4	4	0	40	40	40	0	0	0	-	40	0	0	0	0	-	-	-	-	-	-	419
G-con-rojo-en-la-cola	22	con	sinc	80	4	4	1	320	320	294	26	26	0	cola	297	4	4	1	0	-	-	-	-	-	-	619
H-sin-rojo-en-la-cola	22	sin	sinc	80	4	4	1	320	320	320	0	0	0	-	320	4	4	4	0	-	-	-	-	-	-	701
I-cortado-en-el-40	22	sin	sinc	80	1	4	0	80	40	0	80	40	40	cola	1	0	0	0	0	-	-	-	-	-	-	285
J-con-grande-una-copia	22	con	sinc	80	1	4	0	80	80	71	9	9	0	cola	71	0	0	0	0	-	-	-	-	-	-	366
K-sin-grande-sonda	22	sin	sinc	80	4	4	0	320	320	320	0	0	0	-	320	0	0	0	0	4	0	0	336289	336289	no pedido	662
L-con-dosis-relleno-000	22	con	sinc	80	4	4	0	320	320	237	83	83	0	cola	237	0	0	0	0	4	2	59422	97938	98218	no pedido	645
M-con-dosis-relleno-050	22	con	sinc	80	4	4	0	320	320	258	62	62	0	cola	258	0	0	0	0	4	2	61426	117937	118257	no pedido	526
N-con-dosis-relleno-150	22	con	sinc	80	4	4	0	320	320	312	8	8	0	cola	312	0	0	0	0	4	2	13788	158338	158698	no pedido	507
O-con-dosis-relleno-300	22	con	sinc	80	4	4	0	320	320	284	36	36	0	cola	284	0	0	0	0	4	3	60888	218337	218908	no pedido	665
Q-con-rojo-en-la-cola-una-copia	22	con	sinc	80	1	4	1	80	80	74	6	6	0	cola	75	1	1	0	0	-	-	-	-	-	-	315
P-con-pequena-sonda	22	con	sinc	10	4	4	0	40	40	40	0	0	0	-	40	0	0	0	0	4	0	0	13645	13645	no pedido	440
A-con-grande	23	con	sinc	80	4	4	0	320	320	300	20	20	0	cola	300	0	0	0	0	-	-	-	-	-	-	558
B-sin-grande	23	sin	sinc	80	4	4	0	320	320	320	0	0	0	-	320	0	0	0	0	-	-	-	-	-	-	675
C-con-grande-bloqueante	23	con	sinc	80	4	4	0	320	320	320	0	0	0	-	320	0	0	0	0	4	0	0	338338	338338	puesto	600
D-con-grande-sonda	23	con	sinc	80	4	4	0	320	320	273	47	47	0	cola	273	0	0	0	0	4	4	57391	319301	337165	no pedido	633
E-con-asincrona	23	con	asinc	80	4	4	0	320	320	313	7	7	0	cola	313	0	0	0	0	-	-	-	-	-	-	672
F-con-pequena	23	con	sinc	10	4	4	0	40	40	40	0	0	0	-	40	0	0	0	0	-	-	-	-	-	-	448
G-con-rojo-en-la-cola	23	con	sinc	80	4	4	1	320	320	317	3	3	0	cola	318	4	4	3	0	-	-	-	-	-	-	614
H-sin-rojo-en-la-cola	23	sin	sinc	80	4	4	1	320	320	320	0	0	0	-	320	4	4	4	0	-	-	-	-	-	-	701
I-cortado-en-el-40	23	sin	sinc	80	1	4	0	80	40	0	80	40	40	cola	1	0	0	0	0	-	-	-	-	-	-	271
J-con-grande-una-copia	23	con	sinc	80	1	4	0	80	80	71	9	9	0	cola	71	0	0	0	0	-	-	-	-	-	-	348
K-sin-grande-sonda	23	sin	sinc	80	4	4	0	320	320	320	0	0	0	-	320	0	0	0	0	4	0	0	336289	336289	no pedido	731
L-con-dosis-relleno-000	23	con	sinc	80	4	4	0	320	320	227	93	93	0	cola	227	0	0	0	0	4	2	54049	97938	98205	no pedido	517
M-con-dosis-relleno-050	23	con	sinc	80	4	4	0	320	320	314	6	6	0	cola	314	0	0	0	0	4	1	8997	117938	118211	no pedido	640
N-con-dosis-relleno-150	23	con	sinc	80	4	4	0	320	320	286	34	34	0	cola	286	0	0	0	0	4	3	28071	158338	158771	no pedido	664
O-con-dosis-relleno-300	23	con	sinc	80	4	4	0	320	320	284	36	36	0	cola	284	0	0	0	0	4	2	44008	218338	218921	no pedido	574
Q-con-rojo-en-la-cola-una-copia	23	con	sinc	80	1	4	1	80	80	76	4	4	0	cola	77	1	1	0	0	-	-	-	-	-	-	240
P-con-pequena-sonda	23	con	sinc	10	4	4	0	40	40	40	0	0	0	-	40	0	0	0	0	4	0	0	13645	13645	no pedido	453
A-con-grande	24	con	sinc	80	4	4	0	320	320	307	13	13	0	cola	307	0	0	0	0	-	-	-	-	-	-	662
B-sin-grande	24	sin	sinc	80	4	4	0	320	320	320	0	0	0	-	320	0	0	0	0	-	-	-	-	-	-	713
C-con-grande-bloqueante	24	con	sinc	80	4	4	0	320	320	320	0	0	0	-	320	0	0	0	0	4	0	0	338338	338338	puesto	630
D-con-grande-sonda	24	con	sinc	80	4	4	0	320	320	297	23	23	0	cola	297	0	0	0	0	4	2	54902	336288	337166	no pedido	602
E-con-asincrona	24	con	asinc	80	4	4	0	320	320	320	0	0	0	-	320	0	0	0	0	-	-	-	-	-	-	653
F-con-pequena	24	con	sinc	10	4	4	0	40	40	40	0	0	0	-	40	0	0	0	0	-	-	-	-	-	-	398
G-con-rojo-en-la-cola	24	con	sinc	80	4	4	1	320	320	305	15	15	0	cola	307	4	4	2	0	-	-	-	-	-	-	704
H-sin-rojo-en-la-cola	24	sin	sinc	80	4	4	1	320	320	320	0	0	0	-	320	4	4	4	0	-	-	-	-	-	-	689
I-cortado-en-el-40	24	sin	sinc	80	1	4	0	80	40	0	80	40	40	cola	1	0	0	0	0	-	-	-	-	-	-	290
J-con-grande-una-copia	24	con	sinc	80	1	4	0	80	80	76	4	4	0	cola	76	0	0	0	0	-	-	-	-	-	-	337
K-sin-grande-sonda	24	sin	sinc	80	4	4	0	320	320	320	0	0	0	-	320	0	0	0	0	4	0	0	336289	336289	no pedido	704
L-con-dosis-relleno-000	24	con	sinc	80	4	4	0	320	320	283	37	37	0	cola	283	0	0	0	0	4	1	37440	97938	98205	no pedido	542
M-con-dosis-relleno-050	24	con	sinc	80	4	4	0	320	320	212	108	108	0	cola	212	0	0	0	0	4	3	63522	117938	118255	no pedido	632
N-con-dosis-relleno-150	24	con	sinc	80	4	4	0	320	320	292	28	28	0	cola	292	0	0	0	0	4	2	32458	158338	158757	no pedido	556
O-con-dosis-relleno-300	24	con	sinc	80	4	4	0	320	320	296	24	24	0	cola	296	0	0	0	0	4	1	53821	218338	218918	no pedido	576
Q-con-rojo-en-la-cola-una-copia	24	con	sinc	80	1	4	1	80	80	80	0	0	0	-	80	1	1	1	0	-	-	-	-	-	-	352
P-con-pequena-sonda	24	con	sinc	10	4	4	0	40	40	40	0	0	0	-	40	0	0	0	0	4	0	0	13645	13645	no pedido	452
A-con-grande	25	con	sinc	80	4	4	0	320	320	305	15	15	0	cola	305	0	0	0	0	-	-	-	-	-	-	525
B-sin-grande	25	sin	sinc	80	4	4	0	320	320	320	0	0	0	-	320	0	0	0	0	-	-	-	-	-	-	663
C-con-grande-bloqueante	25	con	sinc	80	4	4	0	320	320	320	0	0	0	-	320	0	0	0	0	4	0	0	338338	338338	puesto	722
D-con-grande-sonda	25	con	sinc	80	4	4	0	320	320	301	19	19	0	cola	301	0	0	0	0	4	3	27088	336288	337107	no pedido	690
E-con-asincrona	25	con	asinc	80	4	4	0	320	320	311	9	9	0	cola	311	0	0	0	0	-	-	-	-	-	-	682
F-con-pequena	25	con	sinc	10	4	4	0	40	40	40	0	0	0	-	40	0	0	0	0	-	-	-	-	-	-	471
G-con-rojo-en-la-cola	25	con	sinc	80	4	4	1	320	320	296	24	24	0	cola	298	4	4	2	0	-	-	-	-	-	-	681
H-sin-rojo-en-la-cola	25	sin	sinc	80	4	4	1	320	320	320	0	0	0	-	320	4	4	4	0	-	-	-	-	-	-	662
I-cortado-en-el-40	25	sin	sinc	80	1	4	0	80	40	0	80	40	40	cola	1	0	0	0	0	-	-	-	-	-	-	271
J-con-grande-una-copia	25	con	sinc	80	1	4	0	80	80	78	2	2	0	cola	78	0	0	0	0	-	-	-	-	-	-	346
K-sin-grande-sonda	25	sin	sinc	80	4	4	0	320	320	320	0	0	0	-	320	0	0	0	0	4	0	0	336289	336289	no pedido	681
L-con-dosis-relleno-000	25	con	sinc	80	4	4	0	320	320	234	86	86	0	cola	234	0	0	0	0	4	2	63552	97938	98160	no pedido	560
M-con-dosis-relleno-050	25	con	sinc	80	4	4	0	320	320	226	94	94	0	cola	226	0	0	0	0	4	2	62028	117938	118210	no pedido	567
N-con-dosis-relleno-150	25	con	sinc	80	4	4	0	320	320	308	12	12	0	cola	308	0	0	0	0	4	1	20136	158338	158698	no pedido	603
O-con-dosis-relleno-300	25	con	sinc	80	4	4	0	320	320	299	21	21	0	cola	299	0	0	0	0	4	1	46189	218338	218906	no pedido	625
Q-con-rojo-en-la-cola-una-copia	25	con	sinc	80	1	4	1	80	80	80	0	0	0	-	80	1	1	1	0	-	-	-	-	-	-	375
P-con-pequena-sonda	25	con	sinc	10	4	4	0	40	40	40	0	0	0	-	40	0	0	0	0	4	0	0	13645	13645	no pedido	458
A-con-grande	26	con	sinc	80	4	4	0	320	320	268	52	52	0	cola	268	0	0	0	0	-	-	-	-	-	-	600
B-sin-grande	26	sin	sinc	80	4	4	0	320	320	320	0	0	0	-	320	0	0	0	0	-	-	-	-	-	-	665
C-con-grande-bloqueante	26	con	sinc	80	4	4	0	320	320	320	0	0	0	-	320	0	0	0	0	4	0	0	338338	338338	puesto	675
D-con-grande-sonda	26	con	sinc	80	4	4	0	320	320	319	1	1	0	cola	319	0	0	0	0	4	1	4397	336288	337166	no pedido	669
E-con-asincrona	26	con	asinc	80	4	4	0	320	320	310	10	10	0	cola	310	0	0	0	0	-	-	-	-	-	-	667
F-con-pequena	26	con	sinc	10	4	4	0	40	40	40	0	0	0	-	40	0	0	0	0	-	-	-	-	-	-	403
G-con-rojo-en-la-cola	26	con	sinc	80	4	4	1	320	320	320	0	0	0	-	320	4	4	4	0	-	-	-	-	-	-	622
H-sin-rojo-en-la-cola	26	sin	sinc	80	4	4	1	320	320	320	0	0	0	-	320	4	4	4	0	-	-	-	-	-	-	638
I-cortado-en-el-40	26	sin	sinc	80	1	4	0	80	40	0	80	40	40	cola	1	0	0	0	0	-	-	-	-	-	-	288
J-con-grande-una-copia	26	con	sinc	80	1	4	0	80	80	76	4	4	0	cola	76	0	0	0	0	-	-	-	-	-	-	359
K-sin-grande-sonda	26	sin	sinc	80	4	4	0	320	320	320	0	0	0	-	320	0	0	0	0	4	0	0	336289	336289	no pedido	723
L-con-dosis-relleno-000	26	con	sinc	80	4	4	0	320	320	227	93	93	0	cola	227	0	0	0	0	4	3	34020	97938	98218	no pedido	635
M-con-dosis-relleno-050	26	con	sinc	80	4	4	0	320	320	314	6	6	0	cola	314	0	0	0	0	4	1	8997	117938	118211	no pedido	550
N-con-dosis-relleno-150	26	con	sinc	80	4	4	0	320	320	275	45	45	0	cola	275	0	0	0	0	4	3	49431	158338	158772	no pedido	632
O-con-dosis-relleno-300	26	con	sinc	80	4	4	0	320	320	261	59	59	0	cola	261	0	0	0	0	4	3	62546	218338	218919	no pedido	647
Q-con-rojo-en-la-cola-una-copia	26	con	sinc	80	1	4	1	80	80	62	18	18	0	cola	63	1	1	0	0	-	-	-	-	-	-	363
P-con-pequena-sonda	26	con	sinc	10	4	4	0	40	40	40	0	0	0	-	40	0	0	0	0	4	0	0	13645	13645	no pedido	458
A-con-grande	27	con	sinc	80	4	4	0	320	320	314	6	6	0	cola	314	0	0	0	0	-	-	-	-	-	-	673
B-sin-grande	27	sin	sinc	80	4	4	0	320	320	320	0	0	0	-	320	0	0	0	0	-	-	-	-	-	-	653
C-con-grande-bloqueante	27	con	sinc	80	4	4	0	320	320	320	0	0	0	-	320	0	0	0	0	4	0	0	338338	338338	puesto	678
D-con-grande-sonda	27	con	sinc	80	4	4	0	320	320	302	18	18	0	cola	302	0	0	0	0	4	3	29650	336288	337166	no pedido	659
E-con-asincrona	27	con	asinc	80	4	4	0	320	320	320	0	0	0	-	320	0	0	0	0	-	-	-	-	-	-	654
F-con-pequena	27	con	sinc	10	4	4	0	40	40	40	0	0	0	-	40	0	0	0	0	-	-	-	-	-	-	460
G-con-rojo-en-la-cola	27	con	sinc	80	4	4	1	320	320	309	11	11	0	cola	312	4	4	1	0	-	-	-	-	-	-	676
H-sin-rojo-en-la-cola	27	sin	sinc	80	4	4	1	320	320	320	0	0	0	-	320	4	4	4	0	-	-	-	-	-	-	632
I-cortado-en-el-40	27	sin	sinc	80	1	4	0	80	40	0	80	40	40	cola	1	0	0	0	0	-	-	-	-	-	-	272
J-con-grande-una-copia	27	con	sinc	80	1	4	0	80	80	73	7	7	0	cola	73	0	0	0	0	-	-	-	-	-	-	249
K-sin-grande-sonda	27	sin	sinc	80	4	4	0	320	320	320	0	0	0	-	320	0	0	0	0	4	0	0	336289	336289	no pedido	647
L-con-dosis-relleno-000	27	con	sinc	80	4	4	0	320	320	279	41	41	0	cola	279	0	0	0	0	4	1	41348	97938	98205	no pedido	555
M-con-dosis-relleno-050	27	con	sinc	80	4	4	0	320	320	266	54	54	0	cola	266	0	0	0	0	4	2	58496	117938	118211	no pedido	665
N-con-dosis-relleno-150	27	con	sinc	80	4	4	0	320	320	282	38	38	0	cola	282	0	0	0	0	4	3	34039	158338	158756	no pedido	605
O-con-dosis-relleno-300	27	con	sinc	80	4	4	0	320	320	284	36	36	0	cola	284	0	0	0	0	4	3	39646	218338	218908	no pedido	668
Q-con-rojo-en-la-cola-una-copia	27	con	sinc	80	1	4	1	80	80	70	10	10	0	cola	71	1	1	0	0	-	-	-	-	-	-	366
P-con-pequena-sonda	27	con	sinc	10	4	4	0	40	40	40	0	0	0	-	40	0	0	0	0	4	0	0	13645	13645	no pedido	465
A-con-grande	28	con	sinc	80	4	4	0	320	320	307	13	13	0	cola	307	0	0	0	0	-	-	-	-	-	-	525
B-sin-grande	28	sin	sinc	80	4	4	0	320	320	320	0	0	0	-	320	0	0	0	0	-	-	-	-	-	-	609
C-con-grande-bloqueante	28	con	sinc	80	4	4	0	320	320	320	0	0	0	-	320	0	0	0	0	4	0	0	338338	338338	puesto	629
D-con-grande-sonda	28	con	sinc	80	4	4	0	320	320	281	39	39	0	cola	281	0	0	0	0	4	3	58269	336288	337166	no pedido	625
E-con-asincrona	28	con	asinc	80	4	4	0	320	320	320	0	0	0	-	320	0	0	0	0	-	-	-	-	-	-	653
F-con-pequena	28	con	sinc	10	4	4	0	40	40	40	0	0	0	-	40	0	0	0	0	-	-	-	-	-	-	459
G-con-rojo-en-la-cola	28	con	sinc	80	4	4	1	320	320	320	0	0	0	-	320	4	4	4	0	-	-	-	-	-	-	616
H-sin-rojo-en-la-cola	28	sin	sinc	80	4	4	1	320	320	320	0	0	0	-	320	4	4	4	0	-	-	-	-	-	-	689
I-cortado-en-el-40	28	sin	sinc	80	1	4	0	80	40	0	80	40	40	cola	1	0	0	0	0	-	-	-	-	-	-	209
J-con-grande-una-copia	28	con	sinc	80	1	4	0	80	80	80	0	0	0	-	80	0	0	0	0	-	-	-	-	-	-	303
K-sin-grande-sonda	28	sin	sinc	80	4	4	0	320	320	320	0	0	0	-	320	0	0	0	0	4	0	0	336289	336289	no pedido	693
L-con-dosis-relleno-000	28	con	sinc	80	4	4	0	320	320	184	136	136	0	cola	184	0	0	0	0	4	3	65506	97938	98218	no pedido	672
M-con-dosis-relleno-050	28	con	sinc	80	4	4	0	320	320	307	13	13	0	cola	307	0	0	0	0	4	2	15822	117938	118270	no pedido	682
N-con-dosis-relleno-150	28	con	sinc	80	4	4	0	320	320	297	23	23	0	cola	297	0	0	0	0	4	2	34039	158338	158756	no pedido	667
O-con-dosis-relleno-300	28	con	sinc	80	4	4	0	320	320	315	5	5	0	cola	315	0	0	0	0	4	1	12834	218338	218862	no pedido	635
Q-con-rojo-en-la-cola-una-copia	28	con	sinc	80	1	4	1	80	80	75	5	5	0	cola	76	1	1	0	0	-	-	-	-	-	-	391
P-con-pequena-sonda	28	con	sinc	10	4	4	0	40	40	40	0	0	0	-	40	0	0	0	0	4	0	0	13645	13645	no pedido	464
A-con-grande	29	con	sinc	80	4	4	0	320	320	298	22	22	0	cola	298	0	0	0	0	-	-	-	-	-	-	580
B-sin-grande	29	sin	sinc	80	4	4	0	320	320	320	0	0	0	-	320	0	0	0	0	-	-	-	-	-	-	690
C-con-grande-bloqueante	29	con	sinc	80	4	4	0	320	320	320	0	0	0	-	320	0	0	0	0	4	0	0	338338	338338	puesto	713
D-con-grande-sonda	29	con	sinc	80	4	4	0	320	320	306	14	14	0	cola	306	0	0	0	0	4	2	44801	336288	337166	no pedido	702
E-con-asincrona	29	con	asinc	80	4	4	0	320	320	316	4	4	0	cola	316	0	0	0	0	-	-	-	-	-	-	608
F-con-pequena	29	con	sinc	10	4	4	0	40	40	40	0	0	0	-	40	0	0	0	0	-	-	-	-	-	-	461
G-con-rojo-en-la-cola	29	con	sinc	80	4	4	1	320	320	302	18	18	0	cola	304	4	4	2	0	-	-	-	-	-	-	610
H-sin-rojo-en-la-cola	29	sin	sinc	80	4	4	1	320	320	320	0	0	0	-	320	4	4	4	0	-	-	-	-	-	-	685
I-cortado-en-el-40	29	sin	sinc	80	1	4	0	80	40	0	80	40	40	cola	1	0	0	0	0	-	-	-	-	-	-	222
J-con-grande-una-copia	29	con	sinc	80	1	4	0	80	80	80	0	0	0	-	80	0	0	0	0	-	-	-	-	-	-	359
K-sin-grande-sonda	29	sin	sinc	80	4	4	0	320	320	320	0	0	0	-	320	0	0	0	0	4	0	0	336289	336289	no pedido	707
L-con-dosis-relleno-000	29	con	sinc	80	4	4	0	320	320	222	98	98	0	cola	222	0	0	0	0	4	2	49874	97938	98218	no pedido	530
M-con-dosis-relleno-050	29	con	sinc	80	4	4	0	320	320	283	37	37	0	cola	283	0	0	0	0	4	2	37628	117937	118255	no pedido	677
N-con-dosis-relleno-150	29	con	sinc	80	4	4	0	320	320	301	19	19	0	cola	301	0	0	0	0	4	2	18189	158338	158771	no pedido	649
O-con-dosis-relleno-300	29	con	sinc	80	4	4	0	320	320	286	34	34	0	cola	286	0	0	0	0	4	3	61965	218338	218908	no pedido	667
Q-con-rojo-en-la-cola-una-copia	29	con	sinc	80	1	4	1	80	80	79	1	1	0	cola	80	1	1	0	0	-	-	-	-	-	-	377
P-con-pequena-sonda	29	con	sinc	10	4	4	0	40	40	40	0	0	0	-	40	0	0	0	0	4	0	0	13645	13645	no pedido	482
A-con-grande	30	con	sinc	80	4	4	0	320	320	307	13	13	0	cola	307	0	0	0	0	-	-	-	-	-	-	578
B-sin-grande	30	sin	sinc	80	4	4	0	320	320	320	0	0	0	-	320	0	0	0	0	-	-	-	-	-	-	700
C-con-grande-bloqueante	30	con	sinc	80	4	4	0	320	320	320	0	0	0	-	320	0	0	0	0	4	0	0	338338	338338	puesto	706
D-con-grande-sonda	30	con	sinc	80	4	4	0	320	320	303	17	17	0	cola	303	0	0	0	0	4	2	50657	336288	337166	no pedido	642
E-con-asincrona	30	con	asinc	80	4	4	0	320	320	320	0	0	0	-	320	0	0	0	0	-	-	-	-	-	-	642
F-con-pequena	30	con	sinc	10	4	4	0	40	40	40	0	0	0	-	40	0	0	0	0	-	-	-	-	-	-	309
G-con-rojo-en-la-cola	30	con	sinc	80	4	4	1	320	320	284	36	36	0	cola	287	4	4	1	0	-	-	-	-	-	-	643
H-sin-rojo-en-la-cola	30	sin	sinc	80	4	4	1	320	320	320	0	0	0	-	320	4	4	4	0	-	-	-	-	-	-	706
I-cortado-en-el-40	30	sin	sinc	80	1	4	0	80	40	0	80	40	40	cola	1	0	0	0	0	-	-	-	-	-	-	285
J-con-grande-una-copia	30	con	sinc	80	1	4	0	80	80	71	9	9	0	cola	71	0	0	0	0	-	-	-	-	-	-	372
K-sin-grande-sonda	30	sin	sinc	80	4	4	0	320	320	320	0	0	0	-	320	0	0	0	0	4	0	0	336289	336289	no pedido	695
L-con-dosis-relleno-000	30	con	sinc	80	4	4	0	320	320	241	79	79	0	cola	241	0	0	0	0	4	2	42533	97938	98205	no pedido	597
M-con-dosis-relleno-050	30	con	sinc	80	4	4	0	320	320	320	0	0	0	-	320	0	0	0	0	4	0	0	117938	117938	no pedido	586
N-con-dosis-relleno-150	30	con	sinc	80	4	4	0	320	320	280	40	40	0	cola	280	0	0	0	0	4	2	57754	158338	158771	no pedido	677
O-con-dosis-relleno-300	30	con	sinc	80	4	4	0	320	320	250	70	70	0	cola	250	0	0	0	0	4	3	61965	218338	218861	no pedido	634
Q-con-rojo-en-la-cola-una-copia	30	con	sinc	80	1	4	1	80	80	71	9	9	0	cola	72	1	1	0	0	-	-	-	-	-	-	365
P-con-pequena-sonda	30	con	sinc	10	4	4	0	40	40	40	0	0	0	-	40	0	0	0	0	4	0	0	13645	13645	no pedido	452
A-con-grande	31	con	sinc	80	4	4	0	320	320	295	25	25	0	cola	295	0	0	0	0	-	-	-	-	-	-	551
B-sin-grande	31	sin	sinc	80	4	4	0	320	320	320	0	0	0	-	320	0	0	0	0	-	-	-	-	-	-	657
C-con-grande-bloqueante	31	con	sinc	80	4	4	0	320	320	320	0	0	0	-	320	0	0	0	0	4	0	0	338338	338338	puesto	666
D-con-grande-sonda	31	con	sinc	80	4	4	0	320	320	317	3	3	0	cola	317	0	0	0	0	4	3	6081	336288	337166	no pedido	686
E-con-asincrona	31	con	asinc	80	4	4	0	320	320	320	0	0	0	-	320	0	0	0	0	-	-	-	-	-	-	631
F-con-pequena	31	con	sinc	10	4	4	0	40	40	40	0	0	0	-	40	0	0	0	0	-	-	-	-	-	-	488
G-con-rojo-en-la-cola	31	con	sinc	80	4	4	1	320	320	306	14	14	0	cola	309	4	4	1	0	-	-	-	-	-	-	708
H-sin-rojo-en-la-cola	31	sin	sinc	80	4	4	1	320	320	320	0	0	0	-	320	4	4	4	0	-	-	-	-	-	-	680
I-cortado-en-el-40	31	sin	sinc	80	1	4	0	80	40	0	80	40	40	cola	1	0	0	0	0	-	-	-	-	-	-	290
J-con-grande-una-copia	31	con	sinc	80	1	4	0	80	80	65	15	15	0	cola	65	0	0	0	0	-	-	-	-	-	-	383
K-sin-grande-sonda	31	sin	sinc	80	4	4	0	320	320	320	0	0	0	-	320	0	0	0	0	4	0	0	336289	336289	no pedido	729
L-con-dosis-relleno-000	31	con	sinc	80	4	4	0	320	320	287	33	33	0	cola	287	0	0	0	0	4	1	33740	97938	98146	no pedido	665
M-con-dosis-relleno-050	31	con	sinc	80	4	4	0	320	320	277	43	43	0	cola	277	0	0	0	0	4	1	52009	117939	118195	no pedido	662
N-con-dosis-relleno-150	31	con	sinc	80	4	4	0	320	320	309	11	11	0	cola	309	0	0	0	0	4	1	18549	158338	158698	no pedido	543
O-con-dosis-relleno-300	31	con	sinc	80	4	4	0	320	320	279	41	41	0	cola	279	0	0	0	0	4	2	51640	218338	218918	no pedido	677
Q-con-rojo-en-la-cola-una-copia	31	con	sinc	80	1	4	1	80	80	63	17	17	0	cola	64	1	1	0	0	-	-	-	-	-	-	362
P-con-pequena-sonda	31	con	sinc	10	4	4	0	40	40	40	0	0	0	-	40	0	0	0	0	4	0	0	13645	13645	no pedido	390
A-con-grande	32	con	sinc	80	4	4	0	320	320	311	9	9	0	cola	311	0	0	0	0	-	-	-	-	-	-	620
B-sin-grande	32	sin	sinc	80	4	4	0	320	320	320	0	0	0	-	320	0	0	0	0	-	-	-	-	-	-	699
C-con-grande-bloqueante	32	con	sinc	80	4	4	0	320	320	320	0	0	0	-	320	0	0	0	0	4	0	0	338338	338338	puesto	732
D-con-grande-sonda	32	con	sinc	80	4	4	0	320	320	285	35	35	0	cola	285	0	0	0	0	4	3	59951	336288	337166	no pedido	647
E-con-asincrona	32	con	asinc	80	4	4	0	320	320	315	5	5	0	cola	315	0	0	0	0	-	-	-	-	-	-	688
F-con-pequena	32	con	sinc	10	4	4	0	40	40	40	0	0	0	-	40	0	0	0	0	-	-	-	-	-	-	459
G-con-rojo-en-la-cola	32	con	sinc	80	4	4	1	320	320	317	3	3	0	cola	320	4	4	1	0	-	-	-	-	-	-	693
H-sin-rojo-en-la-cola	32	sin	sinc	80	4	4	1	320	320	320	0	0	0	-	320	4	4	4	0	-	-	-	-	-	-	721
I-cortado-en-el-40	32	sin	sinc	80	1	4	0	80	40	0	80	40	40	cola	1	0	0	0	0	-	-	-	-	-	-	293
J-con-grande-una-copia	32	con	sinc	80	1	4	0	80	80	80	0	0	0	-	80	0	0	0	0	-	-	-	-	-	-	388
K-sin-grande-sonda	32	sin	sinc	80	4	4	0	320	320	320	0	0	0	-	320	0	0	0	0	4	0	0	336289	336289	no pedido	611
L-con-dosis-relleno-000	32	con	sinc	80	4	4	0	320	320	216	104	104	0	cola	216	0	0	0	0	4	2	55234	97938	98160	no pedido	665
M-con-dosis-relleno-050	32	con	sinc	80	4	4	0	320	320	221	99	99	0	cola	221	0	0	0	0	4	2	64382	117938	118254	no pedido	648
N-con-dosis-relleno-150	32	con	sinc	80	4	4	0	320	320	240	80	80	0	cola	240	0	0	0	0	4	3	62079	158338	158756	no pedido	652
O-con-dosis-relleno-300	32	con	sinc	80	4	4	0	320	320	300	20	20	0	cola	300	0	0	0	0	4	2	35784	218338	218848	no pedido	665
Q-con-rojo-en-la-cola-una-copia	32	con	sinc	80	1	4	1	80	80	76	4	4	0	cola	77	1	1	0	0	-	-	-	-	-	-	368
P-con-pequena-sonda	32	con	sinc	10	4	4	0	40	40	40	0	0	0	-	40	0	0	0	0	4	0	0	13645	13645	no pedido	411
A-con-grande	33	con	sinc	80	4	4	0	320	320	294	26	26	0	cola	294	0	0	0	0	-	-	-	-	-	-	685
B-sin-grande	33	sin	sinc	80	4	4	0	320	320	320	0	0	0	-	320	0	0	0	0	-	-	-	-	-	-	606
C-con-grande-bloqueante	33	con	sinc	80	4	4	0	320	320	320	0	0	0	-	320	0	0	0	0	4	0	0	338338	338338	puesto	565
D-con-grande-sonda	33	con	sinc	80	4	4	0	320	320	291	29	29	0	cola	291	0	0	0	0	4	3	62449	336288	337107	no pedido	646
E-con-asincrona	33	con	asinc	80	4	4	0	320	320	320	0	0	0	-	320	0	0	0	0	-	-	-	-	-	-	660
F-con-pequena	33	con	sinc	10	4	4	0	40	40	40	0	0	0	-	40	0	0	0	0	-	-	-	-	-	-	450
G-con-rojo-en-la-cola	33	con	sinc	80	4	4	1	320	320	292	28	28	0	cola	295	4	4	1	0	-	-	-	-	-	-	618
H-sin-rojo-en-la-cola	33	sin	sinc	80	4	4	1	320	320	320	0	0	0	-	320	4	4	4	0	-	-	-	-	-	-	711
I-cortado-en-el-40	33	sin	sinc	80	1	4	0	80	40	0	80	40	40	cola	1	0	0	0	0	-	-	-	-	-	-	296
J-con-grande-una-copia	33	con	sinc	80	1	4	0	80	80	72	8	8	0	cola	72	0	0	0	0	-	-	-	-	-	-	310
K-sin-grande-sonda	33	sin	sinc	80	4	4	0	320	320	320	0	0	0	-	320	0	0	0	0	4	0	0	336289	336289	no pedido	739
L-con-dosis-relleno-000	33	con	sinc	80	4	4	0	320	320	210	110	110	0	cola	210	0	0	0	0	4	3	62575	97938	98160	no pedido	678
M-con-dosis-relleno-050	33	con	sinc	80	4	4	0	320	320	261	59	59	0	cola	261	0	0	0	0	4	2	64110	117938	118268	no pedido	691
N-con-dosis-relleno-150	33	con	sinc	80	4	4	0	320	320	301	19	19	0	cola	301	0	0	0	0	4	3	19356	158338	158712	no pedido	691
O-con-dosis-relleno-300	33	con	sinc	80	4	4	0	320	320	293	27	27	0	cola	293	0	0	0	0	4	1	59784	218338	218847	no pedido	536
Q-con-rojo-en-la-cola-una-copia	33	con	sinc	80	1	4	1	80	80	80	0	0	0	-	80	1	1	1	0	-	-	-	-	-	-	379
P-con-pequena-sonda	33	con	sinc	10	4	4	0	40	40	40	0	0	0	-	40	0	0	0	0	4	0	0	13645	13645	no pedido	466
A-con-grande	34	con	sinc	80	4	4	0	320	320	307	13	13	0	cola	307	0	0	0	0	-	-	-	-	-	-	521
B-sin-grande	34	sin	sinc	80	4	4	0	320	320	320	0	0	0	-	320	0	0	0	0	-	-	-	-	-	-	635
C-con-grande-bloqueante	34	con	sinc	80	4	4	0	320	320	320	0	0	0	-	320	0	0	0	0	4	0	0	338338	338338	puesto	727
D-con-grande-sonda	34	con	sinc	80	4	4	0	320	320	300	20	20	0	cola	300	0	0	0	0	4	3	50657	336288	337107	no pedido	686
E-con-asincrona	34	con	asinc	80	4	4	0	320	320	320	0	0	0	-	320	0	0	0	0	-	-	-	-	-	-	680
F-con-pequena	34	con	sinc	10	4	4	0	40	40	40	0	0	0	-	40	0	0	0	0	-	-	-	-	-	-	422
G-con-rojo-en-la-cola	34	con	sinc	80	4	4	1	320	320	308	12	12	0	cola	312	4	4	0	0	-	-	-	-	-	-	660
H-sin-rojo-en-la-cola	34	sin	sinc	80	4	4	1	320	320	320	0	0	0	-	320	4	4	4	0	-	-	-	-	-	-	723
I-cortado-en-el-40	34	sin	sinc	80	1	4	0	80	40	0	80	40	40	cola	1	0	0	0	0	-	-	-	-	-	-	245
J-con-grande-una-copia	34	con	sinc	80	1	4	0	80	80	77	3	3	0	cola	77	0	0	0	0	-	-	-	-	-	-	288
K-sin-grande-sonda	34	sin	sinc	80	4	4	0	320	320	320	0	0	0	-	320	0	0	0	0	4	0	0	336289	336289	no pedido	599
L-con-dosis-relleno-000	34	con	sinc	80	4	4	0	320	320	201	119	119	0	cola	201	0	0	0	0	4	2	62073	97938	98160	no pedido	614
M-con-dosis-relleno-050	34	con	sinc	80	4	4	0	320	320	272	48	48	0	cola	272	0	0	0	0	4	3	43513	117938	118255	no pedido	629
N-con-dosis-relleno-150	34	con	sinc	80	4	4	0	320	320	268	52	52	0	cola	268	0	0	0	0	4	3	56963	158336	158769	no pedido	615
O-con-dosis-relleno-300	34	con	sinc	80	4	4	0	320	320	280	40	40	0	cola	280	0	0	0	0	4	2	65250	218338	218861	no pedido	490
Q-con-rojo-en-la-cola-una-copia	34	con	sinc	80	1	4	1	80	80	70	10	10	0	cola	71	1	1	0	0	-	-	-	-	-	-	243
P-con-pequena-sonda	34	con	sinc	10	4	4	0	40	40	40	0	0	0	-	40	0	0	0	0	4	0	0	13645	13645	no pedido	396
A-con-grande	35	con	sinc	80	4	4	0	320	320	299	21	21	0	cola	299	0	0	0	0	-	-	-	-	-	-	628
B-sin-grande	35	sin	sinc	80	4	4	0	320	320	320	0	0	0	-	320	0	0	0	0	-	-	-	-	-	-	702
C-con-grande-bloqueante	35	con	sinc	80	4	4	0	320	320	320	0	0	0	-	320	0	0	0	0	4	0	0	338338	338338	puesto	664
D-con-grande-sonda	35	con	sinc	80	4	4	0	320	320	306	14	14	0	cola	306	0	0	0	0	4	2	22916	336288	337153	no pedido	575
E-con-asincrona	35	con	asinc	80	4	4	0	320	320	320	0	0	0	-	320	0	0	0	0	-	-	-	-	-	-	655
F-con-pequena	35	con	sinc	10	4	4	0	40	40	40	0	0	0	-	40	0	0	0	0	-	-	-	-	-	-	441
G-con-rojo-en-la-cola	35	con	sinc	80	4	4	1	320	320	292	28	28	0	cola	294	4	4	2	0	-	-	-	-	-	-	659
H-sin-rojo-en-la-cola	35	sin	sinc	80	4	4	1	320	320	320	0	0	0	-	320	4	4	4	0	-	-	-	-	-	-	629
I-cortado-en-el-40	35	sin	sinc	80	1	4	0	80	40	0	80	40	40	cola	1	0	0	0	0	-	-	-	-	-	-	252
J-con-grande-una-copia	35	con	sinc	80	1	4	0	80	80	80	0	0	0	-	80	0	0	0	0	-	-	-	-	-	-	313
K-sin-grande-sonda	35	sin	sinc	80	4	4	0	320	320	320	0	0	0	-	320	0	0	0	0	4	0	0	336289	336289	no pedido	687
L-con-dosis-relleno-000	35	con	sinc	80	4	4	0	320	320	210	110	110	0	cola	210	0	0	0	0	4	2	59422	97938	98218	no pedido	566
M-con-dosis-relleno-050	35	con	sinc	80	4	4	0	320	320	247	73	73	0	cola	247	0	0	0	0	4	3	44948	117938	118268	no pedido	613
N-con-dosis-relleno-150	35	con	sinc	80	4	4	0	320	320	297	23	23	0	cola	297	0	0	0	0	4	2	34039	158338	158758	no pedido	672
O-con-dosis-relleno-300	35	con	sinc	80	4	4	0	320	320	297	23	23	0	cola	297	0	0	0	0	4	2	36367	218338	218921	no pedido	676
Q-con-rojo-en-la-cola-una-copia	35	con	sinc	80	1	4	1	80	80	80	0	0	0	-	80	1	1	1	0	-	-	-	-	-	-	370
P-con-pequena-sonda	35	con	sinc	10	4	4	0	40	40	40	0	0	0	-	40	0	0	0	0	4	0	0	13645	13645	no pedido	457
A-con-grande	36	con	sinc	80	4	4	0	320	320	298	22	22	0	cola	298	0	0	0	0	-	-	-	-	-	-	640
B-sin-grande	36	sin	sinc	80	4	4	0	320	320	320	0	0	0	-	320	0	0	0	0	-	-	-	-	-	-	682
C-con-grande-bloqueante	36	con	sinc	80	4	4	0	320	320	320	0	0	0	-	320	0	0	0	0	4	0	0	338338	338338	puesto	624
D-con-grande-sonda	36	con	sinc	80	4	4	0	320	320	303	17	17	0	cola	303	0	0	0	0	4	2	54902	336288	337166	no pedido	585
E-con-asincrona	36	con	asinc	80	4	4	0	320	320	320	0	0	0	-	320	0	0	0	0	-	-	-	-	-	-	676
F-con-pequena	36	con	sinc	10	4	4	0	40	40	40	0	0	0	-	40	0	0	0	0	-	-	-	-	-	-	437
G-con-rojo-en-la-cola	36	con	sinc	80	4	4	1	320	320	293	27	27	0	cola	296	4	4	1	0	-	-	-	-	-	-	649
H-sin-rojo-en-la-cola	36	sin	sinc	80	4	4	1	320	320	320	0	0	0	-	320	4	4	4	0	-	-	-	-	-	-	683
I-cortado-en-el-40	36	sin	sinc	80	1	4	0	80	40	0	80	40	40	cola	1	0	0	0	0	-	-	-	-	-	-	227
J-con-grande-una-copia	36	con	sinc	80	1	4	0	80	80	80	0	0	0	-	80	0	0	0	0	-	-	-	-	-	-	362
K-sin-grande-sonda	36	sin	sinc	80	4	4	0	320	320	320	0	0	0	-	320	0	0	0	0	4	0	0	336289	336289	no pedido	695
L-con-dosis-relleno-000	36	con	sinc	80	4	4	0	320	320	247	73	73	0	cola	247	0	0	0	0	4	2	49874	97938	98205	no pedido	655
M-con-dosis-relleno-050	36	con	sinc	80	4	4	0	320	320	235	85	85	0	cola	235	0	0	0	0	4	2	56143	117938	118210	no pedido	619
N-con-dosis-relleno-150	36	con	sinc	80	4	4	0	320	320	320	0	0	0	-	320	0	0	0	0	4	0	0	158338	158338	no pedido	663
O-con-dosis-relleno-300	36	con	sinc	80	4	4	0	320	320	278	42	42	0	cola	278	0	0	0	0	4	3	60365	218338	218921	no pedido	580
Q-con-rojo-en-la-cola-una-copia	36	con	sinc	80	1	4	1	80	80	80	0	0	0	-	80	1	1	1	0	-	-	-	-	-	-	372
P-con-pequena-sonda	36	con	sinc	10	4	4	0	40	40	40	0	0	0	-	40	0	0	0	0	4	0	0	13645	13645	no pedido	435
A-con-grande	37	con	sinc	80	4	4	0	320	320	297	23	23	0	cola	297	0	0	0	0	-	-	-	-	-	-	623
B-sin-grande	37	sin	sinc	80	4	4	0	320	320	320	0	0	0	-	320	0	0	0	0	-	-	-	-	-	-	626
C-con-grande-bloqueante	37	con	sinc	80	4	4	0	320	320	320	0	0	0	-	320	0	0	0	0	4	0	0	338338	338338	puesto	623
D-con-grande-sonda	37	con	sinc	80	4	4	0	320	320	315	5	5	0	cola	315	0	0	0	0	4	2	11950	336288	337107	no pedido	638
E-con-asincrona	37	con	asinc	80	4	4	0	320	320	320	0	0	0	-	320	0	0	0	0	-	-	-	-	-	-	604
F-con-pequena	37	con	sinc	10	4	4	0	40	40	40	0	0	0	-	40	0	0	0	0	-	-	-	-	-	-	444
G-con-rojo-en-la-cola	37	con	sinc	80	4	4	1	320	320	301	19	19	0	cola	303	4	4	2	0	-	-	-	-	-	-	656
H-sin-rojo-en-la-cola	37	sin	sinc	80	4	4	1	320	320	320	0	0	0	-	320	4	4	4	0	-	-	-	-	-	-	712
I-cortado-en-el-40	37	sin	sinc	80	1	4	0	80	40	0	80	40	40	cola	1	0	0	0	0	-	-	-	-	-	-	287
J-con-grande-una-copia	37	con	sinc	80	1	4	0	80	80	76	4	4	0	cola	76	0	0	0	0	-	-	-	-	-	-	347
K-sin-grande-sonda	37	sin	sinc	80	4	4	0	320	320	320	0	0	0	-	320	0	0	0	0	4	0	0	336289	336289	no pedido	532
L-con-dosis-relleno-000	37	con	sinc	80	4	4	0	320	320	216	104	104	0	cola	216	0	0	0	0	4	2	55234	97938	98160	no pedido	539
M-con-dosis-relleno-050	37	con	sinc	80	4	4	0	320	320	288	32	32	0	cola	288	0	0	0	0	4	1	38804	117938	118254	no pedido	687
N-con-dosis-relleno-150	37	con	sinc	80	4	4	0	320	320	311	9	9	0	cola	311	0	0	0	0	4	2	15015	158338	158758	no pedido	598
O-con-dosis-relleno-300	37	con	sinc	80	4	4	0	320	320	281	39	39	0	cola	281	0	0	0	0	4	2	45098	218338	218919	no pedido	623
Q-con-rojo-en-la-cola-una-copia	37	con	sinc	80	1	4	1	80	80	76	4	4	0	cola	77	1	1	0	0	-	-	-	-	-	-	331
P-con-pequena-sonda	37	con	sinc	10	4	4	0	40	40	40	0	0	0	-	40	0	0	0	0	4	0	0	13645	13645	no pedido	307
A-con-grande	38	con	sinc	80	4	4	0	320	320	303	17	17	0	cola	303	0	0	0	0	-	-	-	-	-	-	607
B-sin-grande	38	sin	sinc	80	4	4	0	320	320	320	0	0	0	-	320	0	0	0	0	-	-	-	-	-	-	652
C-con-grande-bloqueante	38	con	sinc	80	4	4	0	320	320	320	0	0	0	-	320	0	0	0	0	4	0	0	338338	338338	puesto	583
D-con-grande-sonda	38	con	sinc	80	4	4	0	320	320	300	20	20	0	cola	300	0	0	0	0	4	3	22916	336288	337153	no pedido	666
E-con-asincrona	38	con	asinc	80	4	4	0	320	320	320	0	0	0	-	320	0	0	0	0	-	-	-	-	-	-	651
F-con-pequena	38	con	sinc	10	4	4	0	40	40	40	0	0	0	-	40	0	0	0	0	-	-	-	-	-	-	436
G-con-rojo-en-la-cola	38	con	sinc	80	4	4	1	320	320	312	8	8	0	cola	314	4	4	2	0	-	-	-	-	-	-	639
H-sin-rojo-en-la-cola	38	sin	sinc	80	4	4	1	320	320	320	0	0	0	-	320	4	4	4	0	-	-	-	-	-	-	695
I-cortado-en-el-40	38	sin	sinc	80	1	4	0	80	40	0	80	40	40	cola	1	0	0	0	0	-	-	-	-	-	-	274
J-con-grande-una-copia	38	con	sinc	80	1	4	0	80	80	76	4	4	0	cola	76	0	0	0	0	-	-	-	-	-	-	351
K-sin-grande-sonda	38	sin	sinc	80	4	4	0	320	320	320	0	0	0	-	320	0	0	0	0	4	0	0	336289	336289	no pedido	641
L-con-dosis-relleno-000	38	con	sinc	80	4	4	0	320	320	217	103	103	0	cola	217	0	0	0	0	4	2	53560	97938	98218	no pedido	581
M-con-dosis-relleno-050	38	con	sinc	80	4	4	0	320	320	271	49	49	0	cola	271	0	0	0	0	4	2	45278	117938	118270	no pedido	661
N-con-dosis-relleno-150	38	con	sinc	80	4	4	0	320	320	278	42	42	0	cola	278	0	0	0	0	4	2	34039	158338	158756	no pedido	668
O-con-dosis-relleno-300	38	con	sinc	80	4	4	0	320	320	266	54	54	0	cola	266	0	0	0	0	4	3	61456	218338	218906	no pedido	507
Q-con-rojo-en-la-cola-una-copia	38	con	sinc	80	1	4	1	80	80	80	0	0	0	-	80	1	1	1	0	-	-	-	-	-	-	359
P-con-pequena-sonda	38	con	sinc	10	4	4	0	40	40	40	0	0	0	-	40	0	0	0	0	4	0	0	13645	13645	no pedido	461
A-con-grande	39	con	sinc	80	4	4	0	320	320	318	2	2	0	cola	318	0	0	0	0	-	-	-	-	-	-	658
B-sin-grande	39	sin	sinc	80	4	4	0	320	320	320	0	0	0	-	320	0	0	0	0	-	-	-	-	-	-	660
C-con-grande-bloqueante	39	con	sinc	80	4	4	0	320	320	320	0	0	0	-	320	0	0	0	0	4	0	0	338338	338338	puesto	671
D-con-grande-sonda	39	con	sinc	80	4	4	0	320	320	294	26	26	0	cola	294	0	0	0	0	4	3	54902	336288	337166	no pedido	574
E-con-asincrona	39	con	asinc	80	4	4	0	320	320	320	0	0	0	-	320	0	0	0	0	-	-	-	-	-	-	686
F-con-pequena	39	con	sinc	10	4	4	0	40	40	40	0	0	0	-	40	0	0	0	0	-	-	-	-	-	-	420
G-con-rojo-en-la-cola	39	con	sinc	80	4	4	1	320	320	310	10	10	0	cola	312	4	4	2	0	-	-	-	-	-	-	614
H-sin-rojo-en-la-cola	39	sin	sinc	80	4	4	1	320	320	320	0	0	0	-	320	4	4	4	0	-	-	-	-	-	-	670
I-cortado-en-el-40	39	sin	sinc	80	1	4	0	80	40	0	80	40	40	cola	1	0	0	0	0	-	-	-	-	-	-	265
J-con-grande-una-copia	39	con	sinc	80	1	4	0	80	80	78	2	2	0	cola	78	0	0	0	0	-	-	-	-	-	-	356
K-sin-grande-sonda	39	sin	sinc	80	4	4	0	320	320	320	0	0	0	-	320	0	0	0	0	4	0	0	336289	336289	no pedido	685
L-con-dosis-relleno-000	39	con	sinc	80	4	4	0	320	320	230	90	90	0	cola	230	0	0	0	0	4	2	62073	97938	98160	no pedido	603
M-con-dosis-relleno-050	39	con	sinc	80	4	4	0	320	320	293	27	27	0	cola	293	0	0	0	0	4	3	23503	117938	118254	no pedido	543
N-con-dosis-relleno-150	39	con	sinc	80	4	4	0	320	320	294	26	26	0	cola	294	0	0	0	0	4	2	34039	158338	158771	no pedido	621
O-con-dosis-relleno-300	39	con	sinc	80	4	4	0	320	320	275	45	45	0	cola	275	0	0	0	0	4	2	57093	218338	218905	no pedido	623
Q-con-rojo-en-la-cola-una-copia	39	con	sinc	80	1	4	1	80	80	67	13	13	0	cola	68	1	1	0	0	-	-	-	-	-	-	338
P-con-pequena-sonda	39	con	sinc	10	4	4	0	40	40	40	0	0	0	-	40	0	0	0	0	4	0	0	13645	13645	no pedido	423
A-con-grande	40	con	sinc	80	4	4	0	320	320	312	8	8	0	cola	312	0	0	0	0	-	-	-	-	-	-	645
B-sin-grande	40	sin	sinc	80	4	4	0	320	320	320	0	0	0	-	320	0	0	0	0	-	-	-	-	-	-	691
C-con-grande-bloqueante	40	con	sinc	80	4	4	0	320	320	320	0	0	0	-	320	0	0	0	0	4	0	0	338338	338338	puesto	677
D-con-grande-sonda	40	con	sinc	80	4	4	0	320	320	273	47	47	0	cola	273	0	0	0	0	4	4	55720	314237	337166	no pedido	669
E-con-asincrona	40	con	asinc	80	4	4	0	320	320	306	14	14	0	cola	306	0	0	0	0	-	-	-	-	-	-	689
F-con-pequena	40	con	sinc	10	4	4	0	40	40	40	0	0	0	-	40	0	0	0	0	-	-	-	-	-	-	408
G-con-rojo-en-la-cola	40	con	sinc	80	4	4	1	320	320	302	18	18	0	cola	304	4	4	2	0	-	-	-	-	-	-	634
H-sin-rojo-en-la-cola	40	sin	sinc	80	4	4	1	320	320	320	0	0	0	-	320	4	4	4	0	-	-	-	-	-	-	709
I-cortado-en-el-40	40	sin	sinc	80	1	4	0	80	40	0	80	40	40	cola	1	0	0	0	0	-	-	-	-	-	-	288
J-con-grande-una-copia	40	con	sinc	80	1	4	0	80	80	69	11	11	0	cola	69	0	0	0	0	-	-	-	-	-	-	334
K-sin-grande-sonda	40	sin	sinc	80	4	4	0	320	320	320	0	0	0	-	320	0	0	0	0	4	0	0	336289	336289	no pedido	604
L-con-dosis-relleno-000	40	con	sinc	80	4	4	0	320	320	269	51	51	0	cola	269	0	0	0	0	4	1	51118	97938	98205	no pedido	662
M-con-dosis-relleno-050	40	con	sinc	80	4	4	0	320	320	308	12	12	0	cola	308	0	0	0	0	4	2	8997	117938	118211	no pedido	550
N-con-dosis-relleno-150	40	con	sinc	80	4	4	0	320	320	299	21	21	0	cola	299	0	0	0	0	4	1	34039	158338	158756	no pedido	658
O-con-dosis-relleno-300	40	con	sinc	80	4	4	0	320	320	266	54	54	0	cola	266	0	0	0	0	4	2	64727	218338	218919	no pedido	607
Q-con-rojo-en-la-cola-una-copia	40	con	sinc	80	1	4	1	80	80	65	15	15	0	cola	66	1	1	0	0	-	-	-	-	-	-	362
P-con-pequena-sonda	40	con	sinc	10	4	4	0	40	40	40	0	0	0	-	40	0	0	0	0	4	0	0	13645	13645	no pedido	466
A-con-grande	41	con	sinc	80	4	4	0	320	320	283	37	37	0	cola	283	0	0	0	0	-	-	-	-	-	-	619
B-sin-grande	41	sin	sinc	80	4	4	0	320	320	320	0	0	0	-	320	0	0	0	0	-	-	-	-	-	-	738
C-con-grande-bloqueante	41	con	sinc	80	4	4	0	320	320	320	0	0	0	-	320	0	0	0	0	4	0	0	338338	338338	puesto	670
D-con-grande-sonda	41	con	sinc	80	4	4	0	320	320	318	2	2	0	cola	318	0	0	0	0	4	2	8583	336288	337107	no pedido	642
E-con-asincrona	41	con	asinc	80	4	4	0	320	320	314	6	6	0	cola	314	0	0	0	0	-	-	-	-	-	-	590
F-con-pequena	41	con	sinc	10	4	4	0	40	40	40	0	0	0	-	40	0	0	0	0	-	-	-	-	-	-	445
G-con-rojo-en-la-cola	41	con	sinc	80	4	4	1	320	320	311	9	9	0	cola	312	4	4	3	0	-	-	-	-	-	-	658
H-sin-rojo-en-la-cola	41	sin	sinc	80	4	4	1	320	320	320	0	0	0	-	320	4	4	4	0	-	-	-	-	-	-	651
I-cortado-en-el-40	41	sin	sinc	80	1	4	0	80	40	0	80	40	40	cola	1	0	0	0	0	-	-	-	-	-	-	266
J-con-grande-una-copia	41	con	sinc	80	1	4	0	80	80	80	0	0	0	-	80	0	0	0	0	-	-	-	-	-	-	365
K-sin-grande-sonda	41	sin	sinc	80	4	4	0	320	320	320	0	0	0	-	320	0	0	0	0	4	0	0	336289	336289	no pedido	641
L-con-dosis-relleno-000	41	con	sinc	80	4	4	0	320	320	213	107	107	0	cola	213	0	0	0	0	4	3	45744	97938	98218	no pedido	576
M-con-dosis-relleno-050	41	con	sinc	80	4	4	0	320	320	279	41	41	0	cola	279	0	0	0	0	4	2	42924	117938	118268	no pedido	616
N-con-dosis-relleno-150	41	con	sinc	80	4	4	0	320	320	284	36	36	0	cola	284	0	0	0	0	4	2	34039	158338	158756	no pedido	629
O-con-dosis-relleno-300	41	con	sinc	80	4	4	0	320	320	283	37	37	0	cola	283	0	0	0	0	4	3	52164	218338	218908	no pedido	528
Q-con-rojo-en-la-cola-una-copia	41	con	sinc	80	1	4	1	80	80	77	3	3	0	cola	78	1	1	0	0	-	-	-	-	-	-	348
P-con-pequena-sonda	41	con	sinc	10	4	4	0	40	40	40	0	0	0	-	40	0	0	0	0	4	0	0	13645	13645	no pedido	451
A-con-grande	42	con	sinc	80	4	4	0	320	320	297	23	23	0	cola	297	0	0	0	0	-	-	-	-	-	-	731
B-sin-grande	42	sin	sinc	80	4	4	0	320	320	320	0	0	0	-	320	0	0	0	0	-	-	-	-	-	-	584
C-con-grande-bloqueante	42	con	sinc	80	4	4	0	320	320	320	0	0	0	-	320	0	0	0	0	4	0	0	338338	338338	puesto	702
D-con-grande-sonda	42	con	sinc	80	4	4	0	320	320	277	43	43	0	cola	277	0	0	0	0	4	4	64992	334771	337166	no pedido	583
E-con-asincrona	42	con	asinc	80	4	4	0	320	320	320	0	0	0	-	320	0	0	0	0	-	-	-	-	-	-	667
F-con-pequena	42	con	sinc	10	4	4	0	40	40	40	0	0	0	-	40	0	0	0	0	-	-	-	-	-	-	409
G-con-rojo-en-la-cola	42	con	sinc	80	4	4	1	320	320	285	35	35	0	cola	288	4	4	1	0	-	-	-	-	-	-	593
H-sin-rojo-en-la-cola	42	sin	sinc	80	4	4	1	320	320	320	0	0	0	-	320	4	4	4	0	-	-	-	-	-	-	672
I-cortado-en-el-40	42	sin	sinc	80	1	4	0	80	40	0	80	40	40	cola	1	0	0	0	0	-	-	-	-	-	-	278
J-con-grande-una-copia	42	con	sinc	80	1	4	0	80	80	72	8	8	0	cola	72	0	0	0	0	-	-	-	-	-	-	348
K-sin-grande-sonda	42	sin	sinc	80	4	4	0	320	320	320	0	0	0	-	320	0	0	0	0	4	0	0	336289	336289	no pedido	690
L-con-dosis-relleno-000	42	con	sinc	80	4	4	0	320	320	276	44	44	0	cola	276	0	0	0	0	4	2	34717	97938	98161	no pedido	628
M-con-dosis-relleno-050	42	con	sinc	80	4	4	0	320	320	268	52	52	0	cola	268	0	0	0	0	4	2	52010	117938	118257	no pedido	686
N-con-dosis-relleno-150	42	con	sinc	80	4	4	0	320	320	271	49	49	0	cola	271	0	0	0	0	4	3	30877	158338	158756	no pedido	634
O-con-dosis-relleno-300	42	con	sinc	80	4	4	0	320	320	309	11	11	0	cola	309	0	0	0	0	4	1	24849	218338	218848	no pedido	559
Q-con-rojo-en-la-cola-una-copia	42	con	sinc	80	1	4	1	80	80	80	0	0	0	-	80	1	1	1	0	-	-	-	-	-	-	305
P-con-pequena-sonda	42	con	sinc	10	4	4	0	40	40	40	0	0	0	-	40	0	0	0	0	4	0	0	13645	13645	no pedido	447
A-con-grande	43	con	sinc	80	4	4	0	320	320	302	18	18	0	cola	302	0	0	0	0	-	-	-	-	-	-	666
B-sin-grande	43	sin	sinc	80	4	4	0	320	320	320	0	0	0	-	320	0	0	0	0	-	-	-	-	-	-	670
C-con-grande-bloqueante	43	con	sinc	80	4	4	0	320	320	320	0	0	0	-	320	0	0	0	0	4	0	0	338338	338338	puesto	587
D-con-grande-sonda	43	con	sinc	80	4	4	0	320	320	290	30	30	0	cola	290	0	0	0	0	4	3	50657	336288	337107	no pedido	526
E-con-asincrona	43	con	asinc	80	4	4	0	320	320	320	0	0	0	-	320	0	0	0	0	-	-	-	-	-	-	618
F-con-pequena	43	con	sinc	10	4	4	0	40	40	40	0	0	0	-	40	0	0	0	0	-	-	-	-	-	-	341
G-con-rojo-en-la-cola	43	con	sinc	80	4	4	1	320	320	296	24	24	0	cola	298	4	4	2	0	-	-	-	-	-	-	586
H-sin-rojo-en-la-cola	43	sin	sinc	80	4	4	1	320	320	320	0	0	0	-	320	4	4	4	0	-	-	-	-	-	-	568
I-cortado-en-el-40	43	sin	sinc	80	1	4	0	80	40	0	80	40	40	cola	1	0	0	0	0	-	-	-	-	-	-	262
J-con-grande-una-copia	43	con	sinc	80	1	4	0	80	80	80	0	0	0	-	80	0	0	0	0	-	-	-	-	-	-	335
K-sin-grande-sonda	43	sin	sinc	80	4	4	0	320	320	320	0	0	0	-	320	0	0	0	0	4	0	0	336289	336289	no pedido	655
L-con-dosis-relleno-000	43	con	sinc	80	4	4	0	320	320	228	92	92	0	cola	228	0	0	0	0	4	2	62073	97938	98205	no pedido	613
M-con-dosis-relleno-050	43	con	sinc	80	4	4	0	320	320	308	12	12	0	cola	308	0	0	0	0	4	1	15822	117938	118270	no pedido	463
N-con-dosis-relleno-150	43	con	sinc	80	4	4	0	320	320	278	42	42	0	cola	278	0	0	0	0	4	2	34039	158338	158756	no pedido	611
O-con-dosis-relleno-300	43	con	sinc	80	4	4	0	320	320	293	27	27	0	cola	293	0	0	0	0	4	2	58707	218338	218921	no pedido	640
Q-con-rojo-en-la-cola-una-copia	43	con	sinc	80	1	4	1	80	80	67	13	13	0	cola	68	1	1	0	0	-	-	-	-	-	-	341
P-con-pequena-sonda	43	con	sinc	10	4	4	0	40	40	40	0	0	0	-	40	0	0	0	0	4	0	0	13645	13645	no pedido	440
A-con-grande	44	con	sinc	80	4	4	0	320	320	320	0	0	0	-	320	0	0	0	0	-	-	-	-	-	-	613
B-sin-grande	44	sin	sinc	80	4	4	0	320	320	320	0	0	0	-	320	0	0	0	0	-	-	-	-	-	-	678
C-con-grande-bloqueante	44	con	sinc	80	4	4	0	320	320	320	0	0	0	-	320	0	0	0	0	4	0	0	338338	338338	puesto	581
D-con-grande-sonda	44	con	sinc	80	4	4	0	320	320	306	14	14	0	cola	306	0	0	0	0	4	3	21232	336288	337166	no pedido	645
E-con-asincrona	44	con	asinc	80	4	4	0	320	320	317	3	3	0	cola	317	0	0	0	0	-	-	-	-	-	-	644
F-con-pequena	44	con	sinc	10	4	4	0	40	40	40	0	0	0	-	40	0	0	0	0	-	-	-	-	-	-	446
G-con-rojo-en-la-cola	44	con	sinc	80	4	4	1	320	320	306	14	14	0	cola	308	4	4	2	0	-	-	-	-	-	-	664
H-sin-rojo-en-la-cola	44	sin	sinc	80	4	4	1	320	320	320	0	0	0	-	320	4	4	4	0	-	-	-	-	-	-	596
I-cortado-en-el-40	44	sin	sinc	80	1	4	0	80	40	0	80	40	40	cola	1	0	0	0	0	-	-	-	-	-	-	253
J-con-grande-una-copia	44	con	sinc	80	1	4	0	80	80	63	17	17	0	cola	63	0	0	0	0	-	-	-	-	-	-	339
K-sin-grande-sonda	44	sin	sinc	80	4	4	0	320	320	320	0	0	0	-	320	0	0	0	0	4	0	0	336289	336289	no pedido	672
L-con-dosis-relleno-000	44	con	sinc	80	4	4	0	320	320	259	61	61	0	cola	259	0	0	0	0	4	2	33740	97938	98146	no pedido	562
M-con-dosis-relleno-050	44	con	sinc	80	4	4	0	320	320	316	4	4	0	cola	316	0	0	0	0	4	2	4265	117938	118270	no pedido	678
N-con-dosis-relleno-150	44	con	sinc	80	4	4	0	320	320	238	82	82	0	cola	238	0	0	0	0	4	3	64868	158338	158771	no pedido	602
O-con-dosis-relleno-300	44	con	sinc	80	4	4	0	320	320	288	32	32	0	cola	288	0	0	0	0	4	2	44515	218338	218848	no pedido	591
Q-con-rojo-en-la-cola-una-copia	44	con	sinc	80	1	4	1	80	80	66	14	14	0	cola	67	1	1	0	0	-	-	-	-	-	-	355
P-con-pequena-sonda	44	con	sinc	10	4	4	0	40	40	40	0	0	0	-	40	0	0	0	0	4	0	0	13645	13645	no pedido	431
A-con-grande	45	con	sinc	80	4	4	0	320	320	294	26	26	0	cola	294	0	0	0	0	-	-	-	-	-	-	627
B-sin-grande	45	sin	sinc	80	4	4	0	320	320	320	0	0	0	-	320	0	0	0	0	-	-	-	-	-	-	712
C-con-grande-bloqueante	45	con	sinc	80	4	4	0	320	320	320	0	0	0	-	320	0	0	0	0	4	0	0	338338	338338	puesto	646
D-con-grande-sonda	45	con	sinc	80	4	4	0	320	320	314	6	6	0	cola	314	0	0	0	0	4	1	22051	336288	337107	no pedido	636
E-con-asincrona	45	con	asinc	80	4	4	0	320	320	320	0	0	0	-	320	0	0	0	0	-	-	-	-	-	-	634
F-con-pequena	45	con	sinc	10	4	4	0	40	40	40	0	0	0	-	40	0	0	0	0	-	-	-	-	-	-	434
G-con-rojo-en-la-cola	45	con	sinc	80	4	4	1	320	320	301	19	19	0	cola	303	4	4	2	0	-	-	-	-	-	-	639
H-sin-rojo-en-la-cola	45	sin	sinc	80	4	4	1	320	320	320	0	0	0	-	320	4	4	4	0	-	-	-	-	-	-	651
I-cortado-en-el-40	45	sin	sinc	80	1	4	0	80	40	0	80	40	40	cola	1	0	0	0	0	-	-	-	-	-	-	262
J-con-grande-una-copia	45	con	sinc	80	1	4	0	80	80	67	13	13	0	cola	67	0	0	0	0	-	-	-	-	-	-	339
K-sin-grande-sonda	45	sin	sinc	80	4	4	0	320	320	320	0	0	0	-	320	0	0	0	0	4	0	0	336289	336289	no pedido	692
L-con-dosis-relleno-000	45	con	sinc	80	4	4	0	320	320	270	50	50	0	cola	270	0	0	0	0	4	1	50349	97938	98146	no pedido	637
M-con-dosis-relleno-050	45	con	sinc	80	4	4	0	320	320	222	98	98	0	cola	222	0	0	0	0	4	3	59674	117938	118270	no pedido	518
N-con-dosis-relleno-150	45	con	sinc	80	4	4	0	320	320	308	12	12	0	cola	308	0	0	0	0	4	1	20136	158338	158698	no pedido	558
O-con-dosis-relleno-300	45	con	sinc	80	4	4	0	320	320	270	50	50	0	cola	270	0	0	0	0	4	3	58707	218338	218861	no pedido	675
Q-con-rojo-en-la-cola-una-copia	45	con	sinc	80	1	4	1	80	80	74	6	6	0	cola	75	1	1	0	0	-	-	-	-	-	-	362
P-con-pequena-sonda	45	con	sinc	10	4	4	0	40	40	40	0	0	0	-	40	0	0	0	0	4	0	0	13645	13645	no pedido	439
A-con-grande	46	con	sinc	80	4	4	0	320	320	304	16	16	0	cola	304	0	0	0	0	-	-	-	-	-	-	641
B-sin-grande	46	sin	sinc	80	4	4	0	320	320	320	0	0	0	-	320	0	0	0	0	-	-	-	-	-	-	693
C-con-grande-bloqueante	46	con	sinc	80	4	4	0	320	320	320	0	0	0	-	320	0	0	0	0	4	0	0	338338	338338	puesto	610
D-con-grande-sonda	46	con	sinc	80	4	4	0	320	320	302	18	18	0	cola	302	0	0	0	0	4	2	37189	336288	337153	no pedido	631
E-con-asincrona	46	con	asinc	80	4	4	0	320	320	320	0	0	0	-	320	0	0	0	0	-	-	-	-	-	-	656
F-con-pequena	46	con	sinc	10	4	4	0	40	40	40	0	0	0	-	40	0	0	0	0	-	-	-	-	-	-	424
G-con-rojo-en-la-cola	46	con	sinc	80	4	4	1	320	320	311	9	9	0	cola	313	4	4	2	0	-	-	-	-	-	-	592
H-sin-rojo-en-la-cola	46	sin	sinc	80	4	4	1	320	320	320	0	0	0	-	320	4	4	4	0	-	-	-	-	-	-	599
I-cortado-en-el-40	46	sin	sinc	80	1	4	0	80	40	0	80	40	40	cola	1	0	0	0	0	-	-	-	-	-	-	149
J-con-grande-una-copia	46	con	sinc	80	1	4	0	80	80	80	0	0	0	-	80	0	0	0	0	-	-	-	-	-	-	342
K-sin-grande-sonda	46	sin	sinc	80	4	4	0	320	320	320	0	0	0	-	320	0	0	0	0	4	0	0	336289	336289	no pedido	634
L-con-dosis-relleno-000	46	con	sinc	80	4	4	0	320	320	242	78	78	0	cola	242	0	0	0	0	4	3	37440	97938	98205	no pedido	624
M-con-dosis-relleno-050	46	con	sinc	80	4	4	0	320	320	233	87	87	0	cola	233	0	0	0	0	4	2	59673	117939	118210	no pedido	470
N-con-dosis-relleno-150	46	con	sinc	80	4	4	0	320	320	320	0	0	0	-	320	0	0	0	0	4	0	0	158338	158338	no pedido	597
O-con-dosis-relleno-300	46	con	sinc	80	4	4	0	320	320	288	32	32	0	cola	288	0	0	0	0	4	2	63069	218338	218862	no pedido	632
Q-con-rojo-en-la-cola-una-copia	46	con	sinc	80	1	4	1	80	80	80	0	0	0	-	80	1	1	1	0	-	-	-	-	-	-	354
P-con-pequena-sonda	46	con	sinc	10	4	4	0	40	40	40	0	0	0	-	40	0	0	0	0	4	0	0	13645	13645	no pedido	436
A-con-grande	47	con	sinc	80	4	4	0	320	320	304	16	16	0	cola	304	0	0	0	0	-	-	-	-	-	-	581
B-sin-grande	47	sin	sinc	80	4	4	0	320	320	320	0	0	0	-	320	0	0	0	0	-	-	-	-	-	-	600
C-con-grande-bloqueante	47	con	sinc	80	4	4	0	320	320	320	0	0	0	-	320	0	0	0	0	4	0	0	338338	338338	puesto	517
D-con-grande-sonda	47	con	sinc	80	4	4	0	320	320	284	36	36	0	cola	284	0	0	0	0	4	3	57391	336288	337166	no pedido	645
E-con-asincrona	47	con	asinc	80	4	4	0	320	320	320	0	0	0	-	320	0	0	0	0	-	-	-	-	-	-	650
F-con-pequena	47	con	sinc	10	4	4	0	40	40	40	0	0	0	-	40	0	0	0	0	-	-	-	-	-	-	344
G-con-rojo-en-la-cola	47	con	sinc	80	4	4	1	320	320	308	12	12	0	cola	311	4	4	1	0	-	-	-	-	-	-	647
H-sin-rojo-en-la-cola	47	sin	sinc	80	4	4	1	320	320	320	0	0	0	-	320	4	4	4	0	-	-	-	-	-	-	673
I-cortado-en-el-40	47	sin	sinc	80	1	4	0	80	40	0	80	40	40	cola	1	0	0	0	0	-	-	-	-	-	-	269
J-con-grande-una-copia	47	con	sinc	80	1	4	0	80	80	80	0	0	0	-	80	0	0	0	0	-	-	-	-	-	-	365
K-sin-grande-sonda	47	sin	sinc	80	4	4	0	320	320	320	0	0	0	-	320	0	0	0	0	4	0	0	336289	336289	no pedido	668
L-con-dosis-relleno-000	47	con	sinc	80	4	4	0	320	320	320	0	0	0	-	320	0	0	0	0	4	0	0	97938	97938	no pedido	516
M-con-dosis-relleno-050	47	con	sinc	80	4	4	0	320	320	248	72	72	0	cola	248	0	0	0	0	4	3	58225	117938	118268	no pedido	591
N-con-dosis-relleno-150	47	con	sinc	80	4	4	0	320	320	284	36	36	0	cola	284	0	0	0	0	4	3	34039	158338	158771	no pedido	634
O-con-dosis-relleno-300	47	con	sinc	80	4	4	0	320	320	295	25	25	0	cola	295	0	0	0	0	4	2	47802	218338	218861	no pedido	639
Q-con-rojo-en-la-cola-una-copia	47	con	sinc	80	1	4	1	80	80	64	16	16	0	cola	65	1	1	0	0	-	-	-	-	-	-	352
P-con-pequena-sonda	47	con	sinc	10	4	4	0	40	40	40	0	0	0	-	40	0	0	0	0	4	0	0	13645	13645	no pedido	405
A-con-grande	48	con	sinc	80	4	4	0	320	320	314	6	6	0	cola	314	0	0	0	0	-	-	-	-	-	-	607
B-sin-grande	48	sin	sinc	80	4	4	0	320	320	320	0	0	0	-	320	0	0	0	0	-	-	-	-	-	-	671
C-con-grande-bloqueante	48	con	sinc	80	4	4	0	320	320	320	0	0	0	-	320	0	0	0	0	4	0	0	338338	338338	puesto	677
D-con-grande-sonda	48	con	sinc	80	4	4	0	320	320	282	38	38	0	cola	282	0	0	0	0	4	4	57391	328524	337153	no pedido	633
E-con-asincrona	48	con	asinc	80	4	4	0	320	320	315	5	5	0	cola	315	0	0	0	0	-	-	-	-	-	-	573
F-con-pequena	48	con	sinc	10	4	4	0	40	40	40	0	0	0	-	40	0	0	0	0	-	-	-	-	-	-	312
G-con-rojo-en-la-cola	48	con	sinc	80	4	4	1	320	320	305	15	15	0	cola	307	4	4	2	0	-	-	-	-	-	-	595
H-sin-rojo-en-la-cola	48	sin	sinc	80	4	4	1	320	320	320	0	0	0	-	320	4	4	4	0	-	-	-	-	-	-	571
I-cortado-en-el-40	48	sin	sinc	80	1	4	0	80	40	0	80	40	40	cola	1	0	0	0	0	-	-	-	-	-	-	275
J-con-grande-una-copia	48	con	sinc	80	1	4	0	80	80	80	0	0	0	-	80	0	0	0	0	-	-	-	-	-	-	298
K-sin-grande-sonda	48	sin	sinc	80	4	4	0	320	320	320	0	0	0	-	320	0	0	0	0	4	0	0	336289	336289	no pedido	633
L-con-dosis-relleno-000	48	con	sinc	80	4	4	0	320	320	219	101	101	0	cola	219	0	0	0	0	4	2	58934	97938	98205	no pedido	626
M-con-dosis-relleno-050	48	con	sinc	80	4	4	0	320	320	277	43	43	0	cola	277	0	0	0	0	4	2	52612	117938	118210	no pedido	632
N-con-dosis-relleno-150	48	con	sinc	80	4	4	0	320	320	294	26	26	0	cola	294	0	0	0	0	4	2	34039	158338	158758	no pedido	643
O-con-dosis-relleno-300	48	con	sinc	80	4	4	0	320	320	250	70	70	0	cola	250	0	0	0	0	4	3	60888	218338	218919	no pedido	571
Q-con-rojo-en-la-cola-una-copia	48	con	sinc	80	1	4	1	80	80	70	10	10	0	cola	71	1	1	0	0	-	-	-	-	-	-	234
P-con-pequena-sonda	48	con	sinc	10	4	4	0	40	40	40	0	0	0	-	40	0	0	0	0	4	0	0	13645	13645	no pedido	430
A-con-grande	49	con	sinc	80	4	4	0	320	320	294	26	26	0	cola	294	0	0	0	0	-	-	-	-	-	-	600
B-sin-grande	49	sin	sinc	80	4	4	0	320	320	320	0	0	0	-	320	0	0	0	0	-	-	-	-	-	-	676
C-con-grande-bloqueante	49	con	sinc	80	4	4	0	320	320	320	0	0	0	-	320	0	0	0	0	4	0	0	338338	338338	puesto	608
D-con-grande-sonda	49	con	sinc	80	4	4	0	320	320	288	32	32	0	cola	288	0	0	0	0	4	2	64115	336288	337107	no pedido	641
E-con-asincrona	49	con	asinc	80	4	4	0	320	320	320	0	0	0	-	320	0	0	0	0	-	-	-	-	-	-	629
F-con-pequena	49	con	sinc	10	4	4	0	40	40	40	0	0	0	-	40	0	0	0	0	-	-	-	-	-	-	402
G-con-rojo-en-la-cola	49	con	sinc	80	4	4	1	320	320	300	20	20	0	cola	303	4	4	1	0	-	-	-	-	-	-	621
H-sin-rojo-en-la-cola	49	sin	sinc	80	4	4	1	320	320	320	0	0	0	-	320	4	4	4	0	-	-	-	-	-	-	649
I-cortado-en-el-40	49	sin	sinc	80	1	4	0	80	40	0	80	40	40	cola	1	0	0	0	0	-	-	-	-	-	-	270
J-con-grande-una-copia	49	con	sinc	80	1	4	0	80	80	70	10	10	0	cola	70	0	0	0	0	-	-	-	-	-	-	316
K-sin-grande-sonda	49	sin	sinc	80	4	4	0	320	320	320	0	0	0	-	320	0	0	0	0	4	0	0	336289	336289	no pedido	626
L-con-dosis-relleno-000	49	con	sinc	80	4	4	0	320	320	311	9	9	0	cola	311	0	0	0	0	4	1	10032	97938	98207	no pedido	596
M-con-dosis-relleno-050	49	con	sinc	80	4	4	0	320	320	314	6	6	0	cola	314	0	0	0	0	4	1	8997	117938	118211	no pedido	642
N-con-dosis-relleno-150	49	con	sinc	80	4	4	0	320	320	320	0	0	0	-	320	0	0	0	0	4	0	0	158338	158338	no pedido	444
O-con-dosis-relleno-300	49	con	sinc	80	4	4	0	320	320	304	16	16	0	cola	304	0	0	0	0	4	1	35784	218338	218848	no pedido	641
Q-con-rojo-en-la-cola-una-copia	49	con	sinc	80	1	4	1	80	80	70	10	10	0	cola	71	1	1	0	0	-	-	-	-	-	-	333
P-con-pequena-sonda	49	con	sinc	10	4	4	0	40	40	40	0	0	0	-	40	0	0	0	0	4	0	0	13645	13645	no pedido	349
A-con-grande	50	con	sinc	80	4	4	0	320	320	298	22	22	0	cola	298	0	0	0	0	-	-	-	-	-	-	622
B-sin-grande	50	sin	sinc	80	4	4	0	320	320	320	0	0	0	-	320	0	0	0	0	-	-	-	-	-	-	655
C-con-grande-bloqueante	50	con	sinc	80	4	4	0	320	320	320	0	0	0	-	320	0	0	0	0	4	0	0	338338	338338	puesto	684
D-con-grande-sonda	50	con	sinc	80	4	4	0	320	320	294	26	26	0	cola	294	0	0	0	0	4	4	41434	327705	337166	no pedido	618
E-con-asincrona	50	con	asinc	80	4	4	0	320	320	316	4	4	0	cola	316	0	0	0	0	-	-	-	-	-	-	672
F-con-pequena	50	con	sinc	10	4	4	0	40	40	40	0	0	0	-	40	0	0	0	0	-	-	-	-	-	-	436
G-con-rojo-en-la-cola	50	con	sinc	80	4	4	1	320	320	304	16	16	0	cola	308	4	4	0	0	-	-	-	-	-	-	714
H-sin-rojo-en-la-cola	50	sin	sinc	80	4	4	1	320	320	320	0	0	0	-	320	4	4	4	0	-	-	-	-	-	-	663
I-cortado-en-el-40	50	sin	sinc	80	1	4	0	80	40	0	80	40	40	cola	1	0	0	0	0	-	-	-	-	-	-	278
J-con-grande-una-copia	50	con	sinc	80	1	4	0	80	80	74	6	6	0	cola	74	0	0	0	0	-	-	-	-	-	-	334
K-sin-grande-sonda	50	sin	sinc	80	4	4	0	320	320	320	0	0	0	-	320	0	0	0	0	4	0	0	336289	336289	no pedido	634
L-con-dosis-relleno-000	50	con	sinc	80	4	4	0	320	320	176	144	144	0	cola	176	0	0	0	0	4	3	54759	97938	98218	no pedido	548
M-con-dosis-relleno-050	50	con	sinc	80	4	4	0	320	320	231	89	89	0	cola	231	0	0	0	0	4	3	64698	117938	118254	no pedido	615
N-con-dosis-relleno-150	50	con	sinc	80	4	4	0	320	320	244	76	76	0	cola	244	0	0	0	0	4	2	63660	158338	158756	no pedido	581
O-con-dosis-relleno-300	50	con	sinc	80	4	4	0	320	320	308	12	12	0	cola	308	0	0	0	0	4	1	28143	218338	218862	no pedido	624
Q-con-rojo-en-la-cola-una-copia	50	con	sinc	80	1	4	1	80	80	72	8	8	0	cola	73	1	1	0	0	-	-	-	-	-	-	346
P-con-pequena-sonda	50	con	sinc	10	4	4	0	40	40	40	0	0	0	-	40	0	0	0	0	4	0	0	13645	13645	no pedido	361
A-con-grande	51	con	sinc	80	4	4	0	320	320	313	7	7	0	cola	313	0	0	0	0	-	-	-	-	-	-	611
B-sin-grande	51	sin	sinc	80	4	4	0	320	320	320	0	0	0	-	320	0	0	0	0	-	-	-	-	-	-	674
C-con-grande-bloqueante	51	con	sinc	80	4	4	0	320	320	320	0	0	0	-	320	0	0	0	0	4	0	0	338338	338338	puesto	678
D-con-grande-sonda	51	con	sinc	80	4	4	0	320	320	302	18	18	0	cola	302	0	0	0	0	4	2	36384	336288	337153	no pedido	624
E-con-asincrona	51	con	asinc	80	4	4	0	320	320	320	0	0	0	-	320	0	0	0	0	-	-	-	-	-	-	657
F-con-pequena	51	con	sinc	10	4	4	0	40	40	40	0	0	0	-	40	0	0	0	0	-	-	-	-	-	-	470
G-con-rojo-en-la-cola	51	con	sinc	80	4	4	1	320	320	285	35	35	0	cola	288	4	4	1	0	-	-	-	-	-	-	636
H-sin-rojo-en-la-cola	51	sin	sinc	80	4	4	1	320	320	320	0	0	0	-	320	4	4	4	0	-	-	-	-	-	-	655
I-cortado-en-el-40	51	sin	sinc	80	1	4	0	80	40	0	80	40	40	cola	1	0	0	0	0	-	-	-	-	-	-	268
J-con-grande-una-copia	51	con	sinc	80	1	4	0	80	80	80	0	0	0	-	80	0	0	0	0	-	-	-	-	-	-	327
K-sin-grande-sonda	51	sin	sinc	80	4	4	0	320	320	320	0	0	0	-	320	0	0	0	0	4	0	0	336289	336289	no pedido	606
L-con-dosis-relleno-000	51	con	sinc	80	4	4	0	320	320	289	31	31	0	cola	289	0	0	0	0	4	1	31786	97938	98146	no pedido	626
M-con-dosis-relleno-050	51	con	sinc	80	4	4	0	320	320	265	55	55	0	cola	265	0	0	0	0	4	3	52009	117938	118211	no pedido	607
N-con-dosis-relleno-150	51	con	sinc	80	4	4	0	320	320	284	36	36	0	cola	284	0	0	0	0	4	2	39942	158338	158771	no pedido	604
O-con-dosis-relleno-300	51	con	sinc	80	4	4	0	320	320	276	44	44	0	cola	276	0	0	0	0	4	2	59784	218338	218848	no pedido	592
Q-con-rojo-en-la-cola-una-copia	51	con	sinc	80	1	4	1	80	80	76	4	4	0	cola	77	1	1	0	0	-	-	-	-	-	-	360
P-con-pequena-sonda	51	con	sinc	10	4	4	0	40	40	40	0	0	0	-	40	0	0	0	0	4	0	0	13645	13645	no pedido	435
A-con-grande	52	con	sinc	80	4	4	0	320	320	298	22	22	0	cola	298	0	0	0	0	-	-	-	-	-	-	653
B-sin-grande	52	sin	sinc	80	4	4	0	320	320	320	0	0	0	-	320	0	0	0	0	-	-	-	-	-	-	635
C-con-grande-bloqueante	52	con	sinc	80	4	4	0	320	320	320	0	0	0	-	320	0	0	0	0	4	0	0	338338	338338	puesto	612
D-con-grande-sonda	52	con	sinc	80	4	4	0	320	320	296	24	24	0	cola	296	0	0	0	0	4	3	43923	336287	337152	no pedido	620
E-con-asincrona	52	con	asinc	80	4	4	0	320	320	320	0	0	0	-	320	0	0	0	0	-	-	-	-	-	-	566
F-con-pequena	52	con	sinc	10	4	4	0	40	40	40	0	0	0	-	40	0	0	0	0	-	-	-	-	-	-	430
G-con-rojo-en-la-cola	52	con	sinc	80	4	4	1	320	320	295	25	25	0	cola	298	4	4	1	0	-	-	-	-	-	-	676
H-sin-rojo-en-la-cola	52	sin	sinc	80	4	4	1	320	320	320	0	0	0	-	320	4	4	4	0	-	-	-	-	-	-	628
I-cortado-en-el-40	52	sin	sinc	80	1	4	0	80	40	0	80	40	40	cola	1	0	0	0	0	-	-	-	-	-	-	242
J-con-grande-una-copia	52	con	sinc	80	1	4	0	80	80	63	17	17	0	cola	63	0	0	0	0	-	-	-	-	-	-	283
K-sin-grande-sonda	52	sin	sinc	80	4	4	0	320	320	320	0	0	0	-	320	0	0	0	0	4	0	0	336289	336289	no pedido	684
L-con-dosis-relleno-000	52	con	sinc	80	4	4	0	320	320	307	13	13	0	cola	307	0	0	0	0	4	2	9762	97938	98220	no pedido	628
M-con-dosis-relleno-050	52	con	sinc	80	4	4	0	320	320	314	6	6	0	cola	314	0	0	0	0	4	1	8997	117938	118211	no pedido	617
N-con-dosis-relleno-150	52	con	sinc	80	4	4	0	320	320	271	49	49	0	cola	271	0	0	0	0	4	2	50639	158338	158769	no pedido	669
O-con-dosis-relleno-300	52	con	sinc	80	4	4	0	320	320	289	31	31	0	cola	289	0	0	0	0	4	2	40736	218338	218919	no pedido	687
Q-con-rojo-en-la-cola-una-copia	52	con	sinc	80	1	4	1	80	80	71	9	9	0	cola	72	1	1	0	0	-	-	-	-	-	-	366
P-con-pequena-sonda	52	con	sinc	10	4	4	0	40	40	40	0	0	0	-	40	0	0	0	0	4	0	0	13645	13645	no pedido	437
A-con-grande	53	con	sinc	80	4	4	0	320	320	283	37	37	0	cola	283	0	0	0	0	-	-	-	-	-	-	591
B-sin-grande	53	sin	sinc	80	4	4	0	320	320	320	0	0	0	-	320	0	0	0	0	-	-	-	-	-	-	601
C-con-grande-bloqueante	53	con	sinc	80	4	4	0	320	320	320	0	0	0	-	320	0	0	0	0	4	0	0	338338	338338	puesto	653
D-con-grande-sonda	53	con	sinc	80	4	4	0	320	320	293	27	27	0	cola	293	0	0	0	0	4	4	36384	333574	337153	no pedido	569
E-con-asincrona	53	con	asinc	80	4	4	0	320	320	320	0	0	0	-	320	0	0	0	0	-	-	-	-	-	-	682
F-con-pequena	53	con	sinc	10	4	4	0	40	40	40	0	0	0	-	40	0	0	0	0	-	-	-	-	-	-	431
G-con-rojo-en-la-cola	53	con	sinc	80	4	4	1	320	320	306	14	14	0	cola	308	4	4	2	0	-	-	-	-	-	-	573
H-sin-rojo-en-la-cola	53	sin	sinc	80	4	4	1	320	320	320	0	0	0	-	320	4	4	4	0	-	-	-	-	-	-	682
I-cortado-en-el-40	53	sin	sinc	80	1	4	0	80	40	0	80	40	40	cola	1	0	0	0	0	-	-	-	-	-	-	279
J-con-grande-una-copia	53	con	sinc	80	1	4	0	80	80	80	0	0	0	-	80	0	0	0	0	-	-	-	-	-	-	359
K-sin-grande-sonda	53	sin	sinc	80	4	4	0	320	320	320	0	0	0	-	320	0	0	0	0	4	0	0	336289	336289	no pedido	647
L-con-dosis-relleno-000	53	con	sinc	80	4	4	0	320	320	264	56	56	0	cola	264	0	0	0	0	4	1	56003	97938	98205	no pedido	628
M-con-dosis-relleno-050	53	con	sinc	80	4	4	0	320	320	277	43	43	0	cola	277	0	0	0	0	4	2	38805	117938	118257	no pedido	641
N-con-dosis-relleno-150	53	con	sinc	80	4	4	0	320	320	279	41	41	0	cola	279	0	0	0	0	4	2	34039	158338	158756	no pedido	645
O-con-dosis-relleno-300	53	con	sinc	80	4	4	0	320	320	276	44	44	0	cola	276	0	0	0	0	4	3	43439	218338	218919	no pedido	646
Q-con-rojo-en-la-cola-una-copia	53	con	sinc	80	1	4	1	80	80	80	0	0	0	-	80	1	1	1	0	-	-	-	-	-	-	349
P-con-pequena-sonda	53	con	sinc	10	4	4	0	40	40	40	0	0	0	-	40	0	0	0	0	4	0	0	13645	13645	no pedido	447
A-con-grande	54	con	sinc	80	4	4	0	320	320	306	14	14	0	cola	306	0	0	0	0	-	-	-	-	-	-	627
B-sin-grande	54	sin	sinc	80	4	4	0	320	320	320	0	0	0	-	320	0	0	0	0	-	-	-	-	-	-	593
C-con-grande-bloqueante	54	con	sinc	80	4	4	0	320	320	320	0	0	0	-	320	0	0	0	0	4	0	0	338338	338338	puesto	670
D-con-grande-sonda	54	con	sinc	80	4	4	0	320	320	309	11	11	0	cola	309	0	0	0	0	4	3	21232	336288	337166	no pedido	566
E-con-asincrona	54	con	asinc	80	4	4	0	320	320	300	20	20	0	cola	300	0	0	0	0	-	-	-	-	-	-	642
F-con-pequena	54	con	sinc	10	4	4	0	40	40	40	0	0	0	-	40	0	0	0	0	-	-	-	-	-	-	433
G-con-rojo-en-la-cola	54	con	sinc	80	4	4	1	320	320	271	49	49	0	cola	274	4	4	1	0	-	-	-	-	-	-	668
H-sin-rojo-en-la-cola	54	sin	sinc	80	4	4	1	320	320	320	0	0	0	-	320	4	4	4	0	-	-	-	-	-	-	653
I-cortado-en-el-40	54	sin	sinc	80	1	4	0	80	40	0	80	40	40	cola	1	0	0	0	0	-	-	-	-	-	-	199
J-con-grande-una-copia	54	con	sinc	80	1	4	0	80	80	71	9	9	0	cola	71	0	0	0	0	-	-	-	-	-	-	351
K-sin-grande-sonda	54	sin	sinc	80	4	4	0	320	320	320	0	0	0	-	320	0	0	0	0	4	0	0	336289	336289	no pedido	666
L-con-dosis-relleno-000	54	con	sinc	80	4	4	0	320	320	206	114	114	0	cola	206	0	0	0	0	4	2	64796	97938	98205	no pedido	584
M-con-dosis-relleno-050	54	con	sinc	80	4	4	0	320	320	268	52	52	0	cola	268	0	0	0	0	4	2	52010	117938	118211	no pedido	618
N-con-dosis-relleno-150	54	con	sinc	80	4	4	0	320	320	292	28	28	0	cola	292	0	0	0	0	4	2	34039	158338	158771	no pedido	559
O-con-dosis-relleno-300	54	con	sinc	80	4	4	0	320	320	306	14	14	0	cola	306	0	0	0	0	4	2	18871	218338	218921	no pedido	624
Q-con-rojo-en-la-cola-una-copia	54	con	sinc	80	1	4	1	80	80	71	9	9	0	cola	72	1	1	0	0	-	-	-	-	-	-	339
P-con-pequena-sonda	54	con	sinc	10	4	4	0	40	40	40	0	0	0	-	40	0	0	0	0	4	0	0	13645	13645	no pedido	280
A-con-grande	55	con	sinc	80	4	4	0	320	320	300	20	20	0	cola	300	0	0	0	0	-	-	-	-	-	-	656
B-sin-grande	55	sin	sinc	80	4	4	0	320	320	320	0	0	0	-	320	0	0	0	0	-	-	-	-	-	-	583
C-con-grande-bloqueante	55	con	sinc	80	4	4	0	320	320	320	0	0	0	-	320	0	0	0	0	4	0	0	338338	338338	puesto	608
D-con-grande-sonda	55	con	sinc	80	4	4	0	320	320	312	8	8	0	cola	312	0	0	0	0	4	2	17865	336288	337166	no pedido	624
E-con-asincrona	55	con	asinc	80	4	4	0	320	320	303	17	17	0	cola	303	0	0	0	0	-	-	-	-	-	-	689
F-con-pequena	55	con	sinc	10	4	4	0	40	40	40	0	0	0	-	40	0	0	0	0	-	-	-	-	-	-	423
G-con-rojo-en-la-cola	55	con	sinc	80	4	4	1	320	320	288	32	32	0	cola	291	4	4	1	0	-	-	-	-	-	-	671
H-sin-rojo-en-la-cola	55	sin	sinc	80	4	4	1	320	320	320	0	0	0	-	320	4	4	4	0	-	-	-	-	-	-	558
I-cortado-en-el-40	55	sin	sinc	80	1	4	0	80	40	0	80	40	40	cola	1	0	0	0	0	-	-	-	-	-	-	271
J-con-grande-una-copia	55	con	sinc	80	1	4	0	80	80	78	2	2	0	cola	78	0	0	0	0	-	-	-	-	-	-	312
K-sin-grande-sonda	55	sin	sinc	80	4	4	0	320	320	320	0	0	0	-	320	0	0	0	0	4	0	0	336289	336289	no pedido	638
L-con-dosis-relleno-000	55	con	sinc	80	4	4	0	320	320	160	160	160	0	cola	160	0	0	0	0	4	4	62353	84748	98220	no pedido	593
M-con-dosis-relleno-050	55	con	sinc	80	4	4	0	320	320	275	45	45	0	cola	275	0	0	0	0	4	2	40240	117938	118270	no pedido	607
N-con-dosis-relleno-150	55	con	sinc	80	4	4	0	320	320	266	54	54	0	cola	266	0	0	0	0	4	3	34039	158337	158756	no pedido	629
O-con-dosis-relleno-300	55	con	sinc	80	4	4	0	320	320	261	59	59	0	cola	261	0	0	0	0	4	3	59784	218338	218921	no pedido	590
Q-con-rojo-en-la-cola-una-copia	55	con	sinc	80	1	4	1	80	80	66	14	14	0	cola	67	1	1	0	0	-	-	-	-	-	-	388
P-con-pequena-sonda	55	con	sinc	10	4	4	0	40	40	40	0	0	0	-	40	0	0	0	0	4	0	0	13645	13645	no pedido	433
A-con-grande	56	con	sinc	80	4	4	0	320	320	303	17	17	0	cola	303	0	0	0	0	-	-	-	-	-	-	531
B-sin-grande	56	sin	sinc	80	4	4	0	320	320	320	0	0	0	-	320	0	0	0	0	-	-	-	-	-	-	652
C-con-grande-bloqueante	56	con	sinc	80	4	4	0	320	320	320	0	0	0	-	320	0	0	0	0	4	0	0	338338	338338	puesto	619
D-con-grande-sonda	56	con	sinc	80	4	4	0	320	320	258	62	62	0	cola	258	0	0	0	0	4	4	60755	299904	337166	no pedido	502
E-con-asincrona	56	con	asinc	80	4	4	0	320	320	320	0	0	0	-	320	0	0	0	0	-	-	-	-	-	-	632
F-con-pequena	56	con	sinc	10	4	4	0	40	40	40	0	0	0	-	40	0	0	0	0	-	-	-	-	-	-	437
G-con-rojo-en-la-cola	56	con	sinc	80	4	4	1	320	320	302	18	18	0	cola	306	4	4	0	0	-	-	-	-	-	-	599
H-sin-rojo-en-la-cola	56	sin	sinc	80	4	4	1	320	320	320	0	0	0	-	320	4	4	4	0	-	-	-	-	-	-	541
I-cortado-en-el-40	56	sin	sinc	80	1	4	0	80	40	0	80	40	40	cola	1	0	0	0	0	-	-	-	-	-	-	244
J-con-grande-una-copia	56	con	sinc	80	1	4	0	80	80	80	0	0	0	-	80	0	0	0	0	-	-	-	-	-	-	355
K-sin-grande-sonda	56	sin	sinc	80	4	4	0	320	320	320	0	0	0	-	320	0	0	0	0	4	0	0	336289	336289	no pedido	559
L-con-dosis-relleno-000	56	con	sinc	80	4	4	0	320	320	246	74	74	0	cola	246	0	0	0	0	4	2	62353	97938	98220	no pedido	550
M-con-dosis-relleno-050	56	con	sinc	80	4	4	0	320	320	244	76	76	0	cola	244	0	0	0	0	4	2	59674	117937	118255	no pedido	638
N-con-dosis-relleno-150	56	con	sinc	80	4	4	0	320	320	296	24	24	0	cola	296	0	0	0	0	4	2	34039	158338	158756	no pedido	749
O-con-dosis-relleno-300	56	con	sinc	80	4	4	0	320	320	273	47	47	0	cola	273	0	0	0	0	4	3	51060	218338	218848	no pedido	632
Q-con-rojo-en-la-cola-una-copia	56	con	sinc	80	1	4	1	80	80	80	0	0	0	-	80	1	1	1	0	-	-	-	-	-	-	355
P-con-pequena-sonda	56	con	sinc	10	4	4	0	40	40	40	0	0	0	-	40	0	0	0	0	4	0	0	13645	13645	no pedido	440
A-con-grande	57	con	sinc	80	4	4	0	320	320	294	26	26	0	cola	294	0	0	0	0	-	-	-	-	-	-	616
B-sin-grande	57	sin	sinc	80	4	4	0	320	320	320	0	0	0	-	320	0	0	0	0	-	-	-	-	-	-	649
C-con-grande-bloqueante	57	con	sinc	80	4	4	0	320	320	320	0	0	0	-	320	0	0	0	0	4	0	0	338338	338338	puesto	644
D-con-grande-sonda	57	con	sinc	80	4	4	0	320	320	278	42	42	0	cola	278	0	0	0	0	4	4	63312	330207	337166	no pedido	667
E-con-asincrona	57	con	asinc	80	4	4	0	320	320	315	5	5	0	cola	315	0	0	0	0	-	-	-	-	-	-	674
F-con-pequena	57	con	sinc	10	4	4	0	40	40	40	0	0	0	-	40	0	0	0	0	-	-	-	-	-	-	338
G-con-rojo-en-la-cola	57	con	sinc	80	4	4	1	320	320	310	10	10	0	cola	311	4	4	3	0	-	-	-	-	-	-	554
H-sin-rojo-en-la-cola	57	sin	sinc	80	4	4	1	320	320	320	0	0	0	-	320	4	4	4	0	-	-	-	-	-	-	666
I-cortado-en-el-40	57	sin	sinc	80	1	4	0	80	40	0	80	40	40	cola	1	0	0	0	0	-	-	-	-	-	-	273
J-con-grande-una-copia	57	con	sinc	80	1	4	0	80	80	71	9	9	0	cola	71	0	0	0	0	-	-	-	-	-	-	343
K-sin-grande-sonda	57	sin	sinc	80	4	4	0	320	320	320	0	0	0	-	320	0	0	0	0	4	0	0	336289	336289	no pedido	675
L-con-dosis-relleno-000	57	con	sinc	80	4	4	0	320	320	255	65	65	0	cola	255	0	0	0	0	4	2	38150	97938	98205	no pedido	605
M-con-dosis-relleno-050	57	con	sinc	80	4	4	0	320	320	288	32	32	0	cola	288	0	0	0	0	4	3	24681	117938	118255	no pedido	536
N-con-dosis-relleno-150	57	con	sinc	80	4	4	0	320	320	299	21	21	0	cola	299	0	0	0	0	4	3	21363	158337	158758	no pedido	612
O-con-dosis-relleno-300	57	con	sinc	80	4	4	0	320	320	289	31	31	0	cola	289	0	0	0	0	4	2	59274	218338	218921	no pedido	593
Q-con-rojo-en-la-cola-una-copia	57	con	sinc	80	1	4	1	80	80	78	2	2	0	cola	79	1	1	0	0	-	-	-	-	-	-	344
P-con-pequena-sonda	57	con	sinc	10	4	4	0	40	40	40	0	0	0	-	40	0	0	0	0	4	0	0	13645	13645	no pedido	429
A-con-grande	58	con	sinc	80	4	4	0	320	320	295	25	25	0	cola	295	0	0	0	0	-	-	-	-	-	-	650
B-sin-grande	58	sin	sinc	80	4	4	0	320	320	320	0	0	0	-	320	0	0	0	0	-	-	-	-	-	-	622
C-con-grande-bloqueante	58	con	sinc	80	4	4	0	320	320	320	0	0	0	-	320	0	0	0	0	4	0	0	338338	338338	puesto	656
D-con-grande-sonda	58	con	sinc	80	4	4	0	320	320	299	21	21	0	cola	299	0	0	0	0	4	2	46485	336288	337153	no pedido	650
E-con-asincrona	58	con	asinc	80	4	4	0	320	320	320	0	0	0	-	320	0	0	0	0	-	-	-	-	-	-	660
F-con-pequena	58	con	sinc	10	4	4	0	40	40	40	0	0	0	-	40	0	0	0	0	-	-	-	-	-	-	399
G-con-rojo-en-la-cola	58	con	sinc	80	4	4	1	320	320	301	19	19	0	cola	303	4	4	2	0	-	-	-	-	-	-	632
H-sin-rojo-en-la-cola	58	sin	sinc	80	4	4	1	320	320	320	0	0	0	-	320	4	4	4	0	-	-	-	-	-	-	676
I-cortado-en-el-40	58	sin	sinc	80	1	4	0	80	40	0	80	40	40	cola	1	0	0	0	0	-	-	-	-	-	-	267
J-con-grande-una-copia	58	con	sinc	80	1	4	0	80	80	80	0	0	0	-	80	0	0	0	0	-	-	-	-	-	-	351
K-sin-grande-sonda	58	sin	sinc	80	4	4	0	320	320	320	0	0	0	-	320	0	0	0	0	4	0	0	336289	336289	no pedido	667
L-con-dosis-relleno-000	58	con	sinc	80	4	4	0	320	320	218	102	102	0	cola	218	0	0	0	0	4	2	53560	97938	98218	no pedido	589
M-con-dosis-relleno-050	58	con	sinc	80	4	4	0	320	320	279	41	41	0	cola	279	0	0	0	0	4	2	42924	117938	118268	no pedido	585
N-con-dosis-relleno-150	58	con	sinc	80	4	4	0	320	320	240	80	80	0	cola	240	0	0	0	0	4	3	59335	158338	158756	no pedido	597
O-con-dosis-relleno-300	58	con	sinc	80	4	4	0	320	320	320	0	0	0	-	320	0	0	0	0	4	0	0	218338	218338	no pedido	606
Q-con-rojo-en-la-cola-una-copia	58	con	sinc	80	1	4	1	80	80	63	17	17	0	cola	64	1	1	0	0	-	-	-	-	-	-	328
P-con-pequena-sonda	58	con	sinc	10	4	4	0	40	40	40	0	0	0	-	40	0	0	0	0	4	0	0	13645	13645	no pedido	351
A-con-grande	59	con	sinc	80	4	4	0	320	320	304	16	16	0	cola	304	0	0	0	0	-	-	-	-	-	-	617
B-sin-grande	59	sin	sinc	80	4	4	0	320	320	320	0	0	0	-	320	0	0	0	0	-	-	-	-	-	-	691
C-con-grande-bloqueante	59	con	sinc	80	4	4	0	320	320	320	0	0	0	-	320	0	0	0	0	4	0	0	338338	338338	puesto	506
D-con-grande-sonda	59	con	sinc	80	4	4	0	320	320	295	25	25	0	cola	295	0	0	0	0	4	3	59088	336288	337107	no pedido	519
E-con-asincrona	59	con	asinc	80	4	4	0	320	320	319	1	1	0	cola	319	0	0	0	0	-	-	-	-	-	-	672
F-con-pequena	59	con	sinc	10	4	4	0	40	40	40	0	0	0	-	40	0	0	0	0	-	-	-	-	-	-	451
G-con-rojo-en-la-cola	59	con	sinc	80	4	4	1	320	320	302	18	18	0	cola	303	4	4	3	0	-	-	-	-	-	-	609
H-sin-rojo-en-la-cola	59	sin	sinc	80	4	4	1	320	320	320	0	0	0	-	320	4	4	4	0	-	-	-	-	-	-	695
I-cortado-en-el-40	59	sin	sinc	80	1	4	0	80	40	0	80	40	40	cola	1	0	0	0	0	-	-	-	-	-	-	276
J-con-grande-una-copia	59	con	sinc	80	1	4	0	80	80	70	10	10	0	cola	70	0	0	0	0	-	-	-	-	-	-	320
K-sin-grande-sonda	59	sin	sinc	80	4	4	0	320	320	320	0	0	0	-	320	0	0	0	0	4	0	0	336289	336289	no pedido	695
L-con-dosis-relleno-000	59	con	sinc	80	4	4	0	320	320	164	156	156	0	cola	164	0	0	0	0	4	3	62353	97938	98218	no pedido	533
M-con-dosis-relleno-050	59	con	sinc	80	4	4	0	320	320	265	55	55	0	cola	265	0	0	0	0	4	2	37039	117938	118268	no pedido	608
N-con-dosis-relleno-150	59	con	sinc	80	4	4	0	320	320	303	17	17	0	cola	303	0	0	0	0	4	2	20569	158338	158771	no pedido	593
O-con-dosis-relleno-300	59	con	sinc	80	4	4	0	320	320	302	18	18	0	cola	302	0	0	0	0	4	2	31410	218338	218862	no pedido	661
Q-con-rojo-en-la-cola-una-copia	59	con	sinc	80	1	4	1	80	80	67	13	13	0	cola	68	1	1	0	0	-	-	-	-	-	-	349
P-con-pequena-sonda	59	con	sinc	10	4	4	0	40	40	40	0	0	0	-	40	0	0	0	0	4	0	0	13645	13645	no pedido	454
A-con-grande	60	con	sinc	80	4	4	0	320	320	314	6	6	0	cola	314	0	0	0	0	-	-	-	-	-	-	610
B-sin-grande	60	sin	sinc	80	4	4	0	320	320	320	0	0	0	-	320	0	0	0	0	-	-	-	-	-	-	669
C-con-grande-bloqueante	60	con	sinc	80	4	4	0	320	320	320	0	0	0	-	320	0	0	0	0	4	0	0	338338	338338	puesto	625
D-con-grande-sonda	60	con	sinc	80	4	4	0	320	320	296	24	24	0	cola	296	0	0	0	0	4	3	54902	336288	337166	no pedido	579
E-con-asincrona	60	con	asinc	80	4	4	0	320	320	320	0	0	0	-	320	0	0	0	0	-	-	-	-	-	-	634
F-con-pequena	60	con	sinc	10	4	4	0	40	40	40	0	0	0	-	40	0	0	0	0	-	-	-	-	-	-	430
G-con-rojo-en-la-cola	60	con	sinc	80	4	4	1	320	320	309	11	11	0	cola	310	4	4	3	0	-	-	-	-	-	-	705
H-sin-rojo-en-la-cola	60	sin	sinc	80	4	4	1	320	320	320	0	0	0	-	320	4	4	4	0	-	-	-	-	-	-	667
I-cortado-en-el-40	60	sin	sinc	80	1	4	0	80	40	0	80	40	40	cola	1	0	0	0	0	-	-	-	-	-	-	277
J-con-grande-una-copia	60	con	sinc	80	1	4	0	80	80	80	0	0	0	-	80	0	0	0	0	-	-	-	-	-	-	344
K-sin-grande-sonda	60	sin	sinc	80	4	4	0	320	320	320	0	0	0	-	320	0	0	0	0	4	0	0	336289	336289	no pedido	653
L-con-dosis-relleno-000	60	con	sinc	80	4	4	0	320	320	209	111	111	0	cola	209	0	0	0	0	4	2	62073	97938	98218	no pedido	598
M-con-dosis-relleno-050	60	con	sinc	80	4	4	0	320	320	215	105	105	0	cola	215	0	0	0	0	4	3	61426	117938	118255	no pedido	593
N-con-dosis-relleno-150	60	con	sinc	80	4	4	0	320	320	312	8	8	0	cola	312	0	0	0	0	4	1	14221	158338	158771	no pedido	611
O-con-dosis-relleno-300	60	con	sinc	80	4	4	0	320	320	316	4	4	0	cola	316	0	0	0	0	4	1	10647	218338	218862	no pedido	652
Q-con-rojo-en-la-cola-una-copia	60	con	sinc	80	1	4	1	80	80	78	2	2	0	cola	79	1	1	0	0	-	-	-	-	-	-	382
P-con-pequena-sonda	60	con	sinc	10	4	4	0	40	40	40	0	0	0	-	40	0	0	0	0	4	0	0	13645	13645	no pedido	439
A-con-grande	61	con	sinc	80	4	4	0	320	320	308	12	12	0	cola	308	0	0	0	0	-	-	-	-	-	-	584
B-sin-grande	61	sin	sinc	80	4	4	0	320	320	320	0	0	0	-	320	0	0	0	0	-	-	-	-	-	-	675
C-con-grande-bloqueante	61	con	sinc	80	4	4	0	320	320	320	0	0	0	-	320	0	0	0	0	4	0	0	338338	338338	puesto	577
D-con-grande-sonda	61	con	sinc	80	4	4	0	320	320	320	0	0	0	-	320	0	0	0	0	4	0	0	336288	336288	no pedido	648
E-con-asincrona	61	con	asinc	80	4	4	0	320	320	305	15	15	0	cola	305	0	0	0	0	-	-	-	-	-	-	607
F-con-pequena	61	con	sinc	10	4	4	0	40	40	40	0	0	0	-	40	0	0	0	0	-	-	-	-	-	-	425
G-con-rojo-en-la-cola	61	con	sinc	80	4	4	1	320	320	304	16	16	0	cola	306	4	4	2	0	-	-	-	-	-	-	685
H-sin-rojo-en-la-cola	61	sin	sinc	80	4	4	1	320	320	320	0	0	0	-	320	4	4	4	0	-	-	-	-	-	-	676
I-cortado-en-el-40	61	sin	sinc	80	1	4	0	80	40	0	80	40	40	cola	1	0	0	0	0	-	-	-	-	-	-	215
J-con-grande-una-copia	61	con	sinc	80	1	4	0	80	80	80	0	0	0	-	80	0	0	0	0	-	-	-	-	-	-	364
K-sin-grande-sonda	61	sin	sinc	80	4	4	0	320	320	320	0	0	0	-	320	0	0	0	0	4	0	0	336289	336289	no pedido	689
L-con-dosis-relleno-000	61	con	sinc	80	4	4	0	320	320	320	0	0	0	-	320	0	0	0	0	4	0	0	97938	97938	no pedido	594
M-con-dosis-relleno-050	61	con	sinc	80	4	4	0	320	320	266	54	54	0	cola	266	0	0	0	0	4	2	64699	117938	118255	no pedido	588
N-con-dosis-relleno-150	61	con	sinc	80	4	4	0	320	320	294	26	26	0	cola	294	0	0	0	0	4	3	34039	158338	158771	no pedido	619
O-con-dosis-relleno-300	61	con	sinc	80	4	4	0	320	320	292	28	28	0	cola	292	0	0	0	0	4	2	36367	218338	218921	no pedido	628
Q-con-rojo-en-la-cola-una-copia	61	con	sinc	80	1	4	1	80	80	80	0	0	0	-	80	1	1	1	0	-	-	-	-	-	-	347
P-con-pequena-sonda	61	con	sinc	10	4	4	0	40	40	40	0	0	0	-	40	0	0	0	0	4	0	0	13645	13645	no pedido	427
A-con-grande	62	con	sinc	80	4	4	0	320	320	289	31	31	0	cola	289	0	0	0	0	-	-	-	-	-	-	632
B-sin-grande	62	sin	sinc	80	4	4	0	320	320	320	0	0	0	-	320	0	0	0	0	-	-	-	-	-	-	703
C-con-grande-bloqueante	62	con	sinc	80	4	4	0	320	320	320	0	0	0	-	320	0	0	0	0	4	0	0	338338	338338	puesto	695
D-con-grande-sonda	62	con	sinc	80	4	4	0	320	320	315	5	5	0	cola	315	0	0	0	0	4	1	16182	336288	337153	no pedido	656
E-con-asincrona	62	con	asinc	80	4	4	0	320	320	320	0	0	0	-	320	0	0	0	0	-	-	-	-	-	-	680
F-con-pequena	62	con	sinc	10	4	4	0	40	40	40	0	0	0	-	40	0	0	0	0	-	-	-	-	-	-	339
G-con-rojo-en-la-cola	62	con	sinc	80	4	4	1	320	320	291	29	29	0	cola	295	4	4	0	0	-	-	-	-	-	-	643
H-sin-rojo-en-la-cola	62	sin	sinc	80	4	4	1	320	320	320	0	0	0	-	320	4	4	4	0	-	-	-	-	-	-	708
I-cortado-en-el-40	62	sin	sinc	80	1	4	0	80	40	0	80	40	40	cola	1	0	0	0	0	-	-	-	-	-	-	273
J-con-grande-una-copia	62	con	sinc	80	1	4	0	80	80	80	0	0	0	-	80	0	0	0	0	-	-	-	-	-	-	363
K-sin-grande-sonda	62	sin	sinc	80	4	4	0	320	320	320	0	0	0	-	320	0	0	0	0	4	0	0	336289	336289	no pedido	587
L-con-dosis-relleno-000	62	con	sinc	80	4	4	0	320	320	174	146	146	0	cola	174	0	0	0	0	4	3	62353	97938	98218	no pedido	602
M-con-dosis-relleno-050	62	con	sinc	80	4	4	0	320	320	229	91	91	0	cola	229	0	0	0	0	4	3	52340	117938	118268	no pedido	604
N-con-dosis-relleno-150	62	con	sinc	80	4	4	0	320	320	290	30	30	0	cola	290	0	0	0	0	4	3	24897	158338	158698	no pedido	622
O-con-dosis-relleno-300	62	con	sinc	80	4	4	0	320	320	276	44	44	0	cola	276	0	0	0	0	4	2	52163	218338	218861	no pedido	625
Q-con-rojo-en-la-cola-una-copia	62	con	sinc	80	1	4	1	80	80	67	13	13	0	cola	68	1	1	0	0	-	-	-	-	-	-	331
P-con-pequena-sonda	62	con	sinc	10	4	4	0	40	40	40	0	0	0	-	40	0	0	0	0	4	0	0	13645	13645	no pedido	438
A-con-grande	63	con	sinc	80	4	4	0	320	320	273	47	47	0	cola	273	0	0	0	0	-	-	-	-	-	-	611
B-sin-grande	63	sin	sinc	80	4	4	0	320	320	320	0	0	0	-	320	0	0	0	0	-	-	-	-	-	-	626
C-con-grande-bloqueante	63	con	sinc	80	4	4	0	320	320	320	0	0	0	-	320	0	0	0	0	4	0	0	338338	338338	puesto	615
D-con-grande-sonda	63	con	sinc	80	4	4	0	320	320	291	29	29	0	cola	291	0	0	0	0	4	3	59088	336288	337153	no pedido	574
E-con-asincrona	63	con	asinc	80	4	4	0	320	320	320	0	0	0	-	320	0	0	0	0	-	-	-	-	-	-	559
F-con-pequena	63	con	sinc	10	4	4	0	40	40	40	0	0	0	-	40	0	0	0	0	-	-	-	-	-	-	354
G-con-rojo-en-la-cola	63	con	sinc	80	4	4	1	320	320	291	29	29	0	cola	295	4	4	0	0	-	-	-	-	-	-	658
H-sin-rojo-en-la-cola	63	sin	sinc	80	4	4	1	320	320	320	0	0	0	-	320	4	4	4	0	-	-	-	-	-	-	701
I-cortado-en-el-40	63	sin	sinc	80	1	4	0	80	40	0	80	40	40	cola	1	0	0	0	0	-	-	-	-	-	-	198
J-con-grande-una-copia	63	con	sinc	80	1	4	0	80	80	67	13	13	0	cola	67	0	0	0	0	-	-	-	-	-	-	351
K-sin-grande-sonda	63	sin	sinc	80	4	4	0	320	320	320	0	0	0	-	320	0	0	0	0	4	0	0	336289	336289	no pedido	686
L-con-dosis-relleno-000	63	con	sinc	80	4	4	0	320	320	272	48	48	0	cola	272	0	0	0	0	4	1	48675	97938	98218	no pedido	556
M-con-dosis-relleno-050	63	con	sinc	80	4	4	0	320	320	259	61	61	0	cola	259	0	0	0	0	4	3	52010	117938	118211	no pedido	604
N-con-dosis-relleno-150	63	con	sinc	80	4	4	0	320	320	261	59	59	0	cola	261	0	0	0	0	4	3	64437	158338	158771	no pedido	612
O-con-dosis-relleno-300	63	con	sinc	80	4	4	0	320	320	292	28	28	0	cola	292	0	0	0	0	4	2	36367	218338	218921	no pedido	591
Q-con-rojo-en-la-cola-una-copia	63	con	sinc	80	1	4	1	80	80	80	0	0	0	-	80	1	1	1	0	-	-	-	-	-	-	261
P-con-pequena-sonda	63	con	sinc	10	4	4	0	40	40	40	0	0	0	-	40	0	0	0	0	4	0	0	13645	13645	no pedido	315
A-con-grande	64	con	sinc	80	4	4	0	320	320	304	16	16	0	cola	304	0	0	0	0	-	-	-	-	-	-	657
B-sin-grande	64	sin	sinc	80	4	4	0	320	320	320	0	0	0	-	320	0	0	0	0	-	-	-	-	-	-	688
C-con-grande-bloqueante	64	con	sinc	80	4	4	0	320	320	320	0	0	0	-	320	0	0	0	0	4	0	0	338338	338338	puesto	644
D-con-grande-sonda	64	con	sinc	80	4	4	0	320	320	287	33	33	0	cola	287	0	0	0	0	4	2	58268	336288	337165	no pedido	622
E-con-asincrona	64	con	asinc	80	4	4	0	320	320	310	10	10	0	cola	310	0	0	0	0	-	-	-	-	-	-	628
F-con-pequena	64	con	sinc	10	4	4	0	40	40	40	0	0	0	-	40	0	0	0	0	-	-	-	-	-	-	414
G-con-rojo-en-la-cola	64	con	sinc	80	4	4	1	320	320	302	18	18	0	cola	305	4	4	1	0	-	-	-	-	-	-	668
H-sin-rojo-en-la-cola	64	sin	sinc	80	4	4	1	320	320	320	0	0	0	-	320	4	4	4	0	-	-	-	-	-	-	677
I-cortado-en-el-40	64	sin	sinc	80	1	4	0	80	40	0	80	40	40	cola	1	0	0	0	0	-	-	-	-	-	-	283
J-con-grande-una-copia	64	con	sinc	80	1	4	0	80	80	65	15	15	0	cola	65	0	0	0	0	-	-	-	-	-	-	352
K-sin-grande-sonda	64	sin	sinc	80	4	4	0	320	320	320	0	0	0	-	320	0	0	0	0	4	0	0	336289	336289	no pedido	705
L-con-dosis-relleno-000	64	con	sinc	80	4	4	0	320	320	272	48	48	0	cola	272	0	0	0	0	4	1	48675	97938	98218	no pedido	556
M-con-dosis-relleno-050	64	con	sinc	80	4	4	0	320	320	278	42	42	0	cola	278	0	0	0	0	4	2	51163	117937	118268	no pedido	634
N-con-dosis-relleno-150	64	con	sinc	80	4	4	0	320	320	295	25	25	0	cola	295	0	0	0	0	4	2	33621	158338	158758	no pedido	652
O-con-dosis-relleno-300	64	con	sinc	80	4	4	0	320	320	293	27	27	0	cola	293	0	0	0	0	4	1	59274	218338	218905	no pedido	597
Q-con-rojo-en-la-cola-una-copia	64	con	sinc	80	1	4	1	80	80	80	0	0	0	-	80	1	1	1	0	-	-	-	-	-	-	380
P-con-pequena-sonda	64	con	sinc	10	4	4	0	40	40	40	0	0	0	-	40	0	0	0	0	4	0	0	13645	13645	no pedido	430
A-con-grande	65	con	sinc	80	4	4	0	320	320	302	18	18	0	cola	302	0	0	0	0	-	-	-	-	-	-	622
B-sin-grande	65	sin	sinc	80	4	4	0	320	320	320	0	0	0	-	320	0	0	0	0	-	-	-	-	-	-	660
C-con-grande-bloqueante	65	con	sinc	80	4	4	0	320	320	320	0	0	0	-	320	0	0	0	0	4	0	0	338338	338338	puesto	648
D-con-grande-sonda	65	con	sinc	80	4	4	0	320	320	292	28	28	0	cola	292	0	0	0	0	4	3	54024	336288	337153	no pedido	586
E-con-asincrona	65	con	asinc	80	4	4	0	320	320	320	0	0	0	-	320	0	0	0	0	-	-	-	-	-	-	678
F-con-pequena	65	con	sinc	10	4	4	0	40	40	40	0	0	0	-	40	0	0	0	0	-	-	-	-	-	-	463
G-con-rojo-en-la-cola	65	con	sinc	80	4	4	1	320	320	310	10	10	0	cola	312	4	4	2	0	-	-	-	-	-	-	625
H-sin-rojo-en-la-cola	65	sin	sinc	80	4	4	1	320	320	320	0	0	0	-	320	4	4	4	0	-	-	-	-	-	-	700
I-cortado-en-el-40	65	sin	sinc	80	1	4	0	80	40	0	80	40	40	cola	1	0	0	0	0	-	-	-	-	-	-	280
J-con-grande-una-copia	65	con	sinc	80	1	4	0	80	80	80	0	0	0	-	80	0	0	0	0	-	-	-	-	-	-	346
K-sin-grande-sonda	65	sin	sinc	80	4	4	0	320	320	320	0	0	0	-	320	0	0	0	0	4	0	0	336289	336289	no pedido	573
L-con-dosis-relleno-000	65	con	sinc	80	4	4	0	320	320	198	122	122	0	cola	198	0	0	0	0	4	2	63050	97938	98205	no pedido	611
M-con-dosis-relleno-050	65	con	sinc	80	4	4	0	320	320	276	44	44	0	cola	276	0	0	0	0	4	3	44948	117938	118270	no pedido	674
N-con-dosis-relleno-150	65	con	sinc	80	4	4	0	320	320	304	16	16	0	cola	304	0	0	0	0	4	2	13788	158338	158756	no pedido	646
O-con-dosis-relleno-300	65	con	sinc	80	4	4	0	320	320	294	26	26	0	cola	294	0	0	0	0	4	2	44008	218338	218906	no pedido	571
Q-con-rojo-en-la-cola-una-copia	65	con	sinc	80	1	4	1	80	80	74	6	6	0	cola	75	1	1	0	0	-	-	-	-	-	-	357
P-con-pequena-sonda	65	con	sinc	10	4	4	0	40	40	40	0	0	0	-	40	0	0	0	0	4	0	0	13645	13645	no pedido	456
A-con-grande	66	con	sinc	80	4	4	0	320	320	318	2	2	0	cola	318	0	0	0	0	-	-	-	-	-	-	584
B-sin-grande	66	sin	sinc	80	4	4	0	320	320	320	0	0	0	-	320	0	0	0	0	-	-	-	-	-	-	701
C-con-grande-bloqueante	66	con	sinc	80	4	4	0	320	320	320	0	0	0	-	320	0	0	0	0	4	0	0	338338	338338	puesto	618
D-con-grande-sonda	66	con	sinc	80	4	4	0	320	320	312	8	8	0	cola	312	0	0	0	0	4	1	27966	336288	337166	no pedido	627
E-con-asincrona	66	con	asinc	80	4	4	0	320	320	320	0	0	0	-	320	0	0	0	0	-	-	-	-	-	-	665
F-con-pequena	66	con	sinc	10	4	4	0	40	40	40	0	0	0	-	40	0	0	0	0	-	-	-	-	-	-	430
G-con-rojo-en-la-cola	66	con	sinc	80	4	4	1	320	320	308	12	12	0	cola	311	4	4	1	0	-	-	-	-	-	-	641
H-sin-rojo-en-la-cola	66	sin	sinc	80	4	4	1	320	320	320	0	0	0	-	320	4	4	4	0	-	-	-	-	-	-	661
I-cortado-en-el-40	66	sin	sinc	80	1	4	0	80	40	0	80	40	40	cola	1	0	0	0	0	-	-	-	-	-	-	280
J-con-grande-una-copia	66	con	sinc	80	1	4	0	80	80	67	13	13	0	cola	67	0	0	0	0	-	-	-	-	-	-	337
K-sin-grande-sonda	66	sin	sinc	80	4	4	0	320	320	320	0	0	0	-	320	0	0	0	0	4	0	0	336289	336289	no pedido	684
L-con-dosis-relleno-000	66	con	sinc	80	4	4	0	320	320	258	62	62	0	cola	258	0	0	0	0	4	1	62073	97938	98146	no pedido	650
M-con-dosis-relleno-050	66	con	sinc	80	4	4	0	320	320	230	90	90	0	cola	230	0	0	0	0	4	3	54965	117938	118268	no pedido	621
N-con-dosis-relleno-150	66	con	sinc	80	4	4	0	320	320	308	12	12	0	cola	308	0	0	0	0	4	3	15015	158338	158758	no pedido	622
O-con-dosis-relleno-300	66	con	sinc	80	4	4	0	320	320	320	0	0	0	-	320	0	0	0	0	4	1	1188	218338	218521	no pedido	621
Q-con-rojo-en-la-cola-una-copia	66	con	sinc	80	1	4	1	80	80	66	14	14	0	cola	67	1	1	0	0	-	-	-	-	-	-	357
P-con-pequena-sonda	66	con	sinc	10	4	4	0	40	40	40	0	0	0	-	40	0	0	0	0	4	0	0	13645	13645	no pedido	455
A-con-grande	67	con	sinc	80	4	4	0	320	320	300	20	20	0	cola	300	0	0	0	0	-	-	-	-	-	-	557
B-sin-grande	67	sin	sinc	80	4	4	0	320	320	320	0	0	0	-	320	0	0	0	0	-	-	-	-	-	-	678
C-con-grande-bloqueante	67	con	sinc	80	4	4	0	320	320	320	0	0	0	-	320	0	0	0	0	4	0	0	338338	338338	puesto	617
D-con-grande-sonda	67	con	sinc	80	4	4	0	320	320	306	14	14	0	cola	306	0	0	0	0	4	2	43923	336288	337166	no pedido	569
E-con-asincrona	67	con	asinc	80	4	4	0	320	320	320	0	0	0	-	320	0	0	0	0	-	-	-	-	-	-	638
F-con-pequena	67	con	sinc	10	4	4	0	40	40	40	0	0	0	-	40	0	0	0	0	-	-	-	-	-	-	395
G-con-rojo-en-la-cola	67	con	sinc	80	4	4	1	320	320	320	0	0	0	-	320	4	4	4	0	-	-	-	-	-	-	635
H-sin-rojo-en-la-cola	67	sin	sinc	80	4	4	1	320	320	320	0	0	0	-	320	4	4	4	0	-	-	-	-	-	-	599
I-cortado-en-el-40	67	sin	sinc	80	1	4	0	80	40	0	80	40	40	cola	1	0	0	0	0	-	-	-	-	-	-	282
J-con-grande-una-copia	67	con	sinc	80	1	4	0	80	80	61	19	19	0	cola	61	0	0	0	0	-	-	-	-	-	-	353
K-sin-grande-sonda	67	sin	sinc	80	4	4	0	320	320	320	0	0	0	-	320	0	0	0	0	4	0	0	336289	336289	no pedido	637
L-con-dosis-relleno-000	67	con	sinc	80	4	4	0	320	320	260	60	60	0	cola	260	0	0	0	0	4	2	45743	97938	98217	no pedido	635
M-con-dosis-relleno-050	67	con	sinc	80	4	4	0	320	320	221	99	99	0	cola	221	0	0	0	0	4	3	59991	117938	118268	no pedido	606
N-con-dosis-relleno-150	67	con	sinc	80	4	4	0	320	320	255	65	65	0	cola	255	0	0	0	0	4	3	37990	158338	158768	no pedido	621
O-con-dosis-relleno-300	67	con	sinc	80	4	4	0	320	320	286	34	34	0	cola	286	0	0	0	0	4	2	39646	218338	218921	no pedido	651
Q-con-rojo-en-la-cola-una-copia	67	con	sinc	80	1	4	1	80	80	80	0	0	0	-	80	1	1	1	0	-	-	-	-	-	-	353
P-con-pequena-sonda	67	con	sinc	10	4	4	0	40	40	40	0	0	0	-	40	0	0	0	0	4	0	0	13645	13645	no pedido	416
A-con-grande	68	con	sinc	80	4	4	0	320	320	313	7	7	0	cola	313	0	0	0	0	-	-	-	-	-	-	639
B-sin-grande	68	sin	sinc	80	4	4	0	320	320	320	0	0	0	-	320	0	0	0	0	-	-	-	-	-	-	665
C-con-grande-bloqueante	68	con	sinc	80	4	4	0	320	320	320	0	0	0	-	320	0	0	0	0	4	0	0	338338	338338	puesto	644
D-con-grande-sonda	68	con	sinc	80	4	4	0	320	320	319	1	1	0	cola	319	0	0	0	0	4	1	4397	336288	337166	no pedido	540
E-con-asincrona	68	con	asinc	80	4	4	0	320	320	297	23	23	0	cola	297	0	0	0	0	-	-	-	-	-	-	658
F-con-pequena	68	con	sinc	10	4	4	0	40	40	40	0	0	0	-	40	0	0	0	0	-	-	-	-	-	-	429
G-con-rojo-en-la-cola	68	con	sinc	80	4	4	1	320	320	305	15	15	0	cola	307	4	4	2	0	-	-	-	-	-	-	611
H-sin-rojo-en-la-cola	68	sin	sinc	80	4	4	1	320	320	320	0	0	0	-	320	4	4	4	0	-	-	-	-	-	-	630
I-cortado-en-el-40	68	sin	sinc	80	1	4	0	80	40	0	80	40	40	cola	1	0	0	0	0	-	-	-	-	-	-	277
J-con-grande-una-copia	68	con	sinc	80	1	4	0	80	80	76	4	4	0	cola	76	0	0	0	0	-	-	-	-	-	-	314
K-sin-grande-sonda	68	sin	sinc	80	4	4	0	320	320	320	0	0	0	-	320	0	0	0	0	4	0	0	336289	336289	no pedido	664
L-con-dosis-relleno-000	68	con	sinc	80	4	4	0	320	320	174	146	146	0	cola	174	0	0	0	0	4	3	65506	97938	98205	no pedido	606
M-con-dosis-relleno-050	68	con	sinc	80	4	4	0	320	320	242	78	78	0	cola	242	0	0	0	0	4	3	58814	117938	118255	no pedido	552
N-con-dosis-relleno-150	68	con	sinc	80	4	4	0	320	320	307	13	13	0	cola	307	0	0	0	0	4	1	22156	158338	158771	no pedido	553
O-con-dosis-relleno-300	68	con	sinc	80	4	4	0	320	320	298	22	22	0	cola	298	0	0	0	0	4	2	41259	218338	218862	no pedido	640
Q-con-rojo-en-la-cola-una-copia	68	con	sinc	80	1	4	1	80	80	71	9	9	0	cola	72	1	1	0	0	-	-	-	-	-	-	373
P-con-pequena-sonda	68	con	sinc	10	4	4	0	40	40	40	0	0	0	-	40	0	0	0	0	4	0	0	13645	13645	no pedido	445
A-con-grande	69	con	sinc	80	4	4	0	320	320	294	26	26	0	cola	294	0	0	0	0	-	-	-	-	-	-	628
B-sin-grande	69	sin	sinc	80	4	4	0	320	320	320	0	0	0	-	320	0	0	0	0	-	-	-	-	-	-	722
C-con-grande-bloqueante	69	con	sinc	80	4	4	0	320	320	320	0	0	0	-	320	0	0	0	0	4	0	0	338338	338338	puesto	732
D-con-grande-sonda	69	con	sinc	80	4	4	0	320	320	299	21	21	0	cola	299	0	0	0	0	4	3	27966	336287	337166	no pedido	671
E-con-asincrona	69	con	asinc	80	4	4	0	320	320	311	9	9	0	cola	311	0	0	0	0	-	-	-	-	-	-	703
F-con-pequena	69	con	sinc	10	4	4	0	40	40	40	0	0	0	-	40	0	0	0	0	-	-	-	-	-	-	442
G-con-rojo-en-la-cola	69	con	sinc	80	4	4	1	320	320	317	3	3	0	cola	319	4	4	2	0	-	-	-	-	-	-	651
H-sin-rojo-en-la-cola	69	sin	sinc	80	4	4	1	320	320	320	0	0	0	-	320	4	4	4	0	-	-	-	-	-	-	720
I-cortado-en-el-40	69	sin	sinc	80	1	4	0	80	40	0	80	40	40	cola	1	0	0	0	0	-	-	-	-	-	-	241
J-con-grande-una-copia	69	con	sinc	80	1	4	0	80	80	75	5	5	0	cola	75	0	0	0	0	-	-	-	-	-	-	387
K-sin-grande-sonda	69	sin	sinc	80	4	4	0	320	320	320	0	0	0	-	320	0	0	0	0	4	0	0	336289	336289	no pedido	720
L-con-dosis-relleno-000	69	con	sinc	80	4	4	0	320	320	290	30	30	0	cola	290	0	0	0	0	4	1	31089	97938	98218	no pedido	643
M-con-dosis-relleno-050	69	con	sinc	80	4	4	0	320	320	270	50	50	0	cola	270	0	0	0	0	4	3	52010	117937	118257	no pedido	646
N-con-dosis-relleno-150	69	con	sinc	80	4	4	0	320	320	259	61	61	0	cola	259	0	0	0	0	4	3	59694	158338	158771	no pedido	600
O-con-dosis-relleno-300	69	con	sinc	80	4	4	0	320	320	307	13	13	0	cola	307	0	0	0	0	4	2	21058	218338	218921	no pedido	693
Q-con-rojo-en-la-cola-una-copia	69	con	sinc	80	1	4	1	80	80	80	0	0	0	-	80	1	1	1	0	-	-	-	-	-	-	358
P-con-pequena-sonda	69	con	sinc	10	4	4	0	40	40	40	0	0	0	-	40	0	0	0	0	4	0	0	13645	13645	no pedido	372
A-con-grande	70	con	sinc	80	4	4	0	320	320	302	18	18	0	cola	302	0	0	0	0	-	-	-	-	-	-	565
B-sin-grande	70	sin	sinc	80	4	4	0	320	320	320	0	0	0	-	320	0	0	0	0	-	-	-	-	-	-	742
C-con-grande-bloqueante	70	con	sinc	80	4	4	0	320	320	320	0	0	0	-	320	0	0	0	0	4	0	0	338338	338338	puesto	700
D-con-grande-sonda	70	con	sinc	80	4	4	0	320	320	319	1	1	0	cola	319	0	0	0	0	4	1	5215	336288	337106	no pedido	663
E-con-asincrona	70	con	asinc	80	4	4	0	320	320	318	2	2	0	cola	318	0	0	0	0	-	-	-	-	-	-	664
F-con-pequena	70	con	sinc	10	4	4	0	40	40	40	0	0	0	-	40	0	0	0	0	-	-	-	-	-	-	433
G-con-rojo-en-la-cola	70	con	sinc	80	4	4	1	320	320	317	3	3	0	cola	319	4	4	2	0	-	-	-	-	-	-	672
H-sin-rojo-en-la-cola	70	sin	sinc	80	4	4	1	320	320	320	0	0	0	-	320	4	4	4	0	-	-	-	-	-	-	710
I-cortado-en-el-40	70	sin	sinc	80	1	4	0	80	40	0	80	40	40	cola	1	0	0	0	0	-	-	-	-	-	-	272
J-con-grande-una-copia	70	con	sinc	80	1	4	0	80	80	80	0	0	0	-	80	0	0	0	0	-	-	-	-	-	-	346
K-sin-grande-sonda	70	sin	sinc	80	4	4	0	320	320	320	0	0	0	-	320	0	0	0	0	4	0	0	336289	336289	no pedido	628
L-con-dosis-relleno-000	70	con	sinc	80	4	4	0	320	320	281	39	39	0	cola	281	0	0	0	0	4	1	39602	97938	98146	no pedido	676
M-con-dosis-relleno-050	70	con	sinc	80	4	4	0	320	320	298	22	22	0	cola	298	0	0	0	0	4	2	21146	117938	118270	no pedido	604
N-con-dosis-relleno-150	70	con	sinc	80	4	4	0	320	320	296	24	24	0	cola	296	0	0	0	0	4	3	24897	158338	158771	no pedido	638
O-con-dosis-relleno-300	70	con	sinc	80	4	4	0	320	320	282	38	38	0	cola	282	0	0	0	0	4	2	58707	218338	218921	no pedido	602
Q-con-rojo-en-la-cola-una-copia	70	con	sinc	80	1	4	1	80	80	78	2	2	0	cola	79	1	1	0	0	-	-	-	-	-	-	346
P-con-pequena-sonda	70	con	sinc	10	4	4	0	40	40	40	0	0	0	-	40	0	0	0	0	4	0	0	13645	13645	no pedido	468
A-con-grande	71	con	sinc	80	4	4	0	320	320	298	22	22	0	cola	298	0	0	0	0	-	-	-	-	-	-	609
B-sin-grande	71	sin	sinc	80	4	4	0	320	320	320	0	0	0	-	320	0	0	0	0	-	-	-	-	-	-	639
C-con-grande-bloqueante	71	con	sinc	80	4	4	0	320	320	320	0	0	0	-	320	0	0	0	0	4	0	0	338338	338338	puesto	681
D-con-grande-sonda	71	con	sinc	80	4	4	0	320	320	311	9	9	0	cola	311	0	0	0	0	4	3	22916	336288	337166	no pedido	661
E-con-asincrona	71	con	asinc	80	4	4	0	320	320	319	1	1	0	cola	319	0	0	0	0	-	-	-	-	-	-	661
F-con-pequena	71	con	sinc	10	4	4	0	40	40	40	0	0	0	-	40	0	0	0	0	-	-	-	-	-	-	415
G-con-rojo-en-la-cola	71	con	sinc	80	4	4	1	320	320	302	18	18	0	cola	304	4	4	2	0	-	-	-	-	-	-	657
H-sin-rojo-en-la-cola	71	sin	sinc	80	4	4	1	320	320	320	0	0	0	-	320	4	4	4	0	-	-	-	-	-	-	604
I-cortado-en-el-40	71	sin	sinc	80	1	4	0	80	40	0	80	40	40	cola	1	0	0	0	0	-	-	-	-	-	-	280
J-con-grande-una-copia	71	con	sinc	80	1	4	0	80	80	69	11	11	0	cola	69	0	0	0	0	-	-	-	-	-	-	359
K-sin-grande-sonda	71	sin	sinc	80	4	4	0	320	320	320	0	0	0	-	320	0	0	0	0	4	0	0	336289	336289	no pedido	700
L-con-dosis-relleno-000	71	con	sinc	80	4	4	0	320	320	277	43	43	0	cola	277	0	0	0	0	4	1	43510	97938	98146	no pedido	642
M-con-dosis-relleno-050	71	con	sinc	80	4	4	0	320	320	312	8	8	0	cola	312	0	0	0	0	4	2	8997	117938	118211	no pedido	719
N-con-dosis-relleno-150	71	con	sinc	80	4	4	0	320	320	302	18	18	0	cola	302	0	0	0	0	4	3	20136	158338	158758	no pedido	608
O-con-dosis-relleno-300	71	con	sinc	80	4	4	0	320	320	282	38	38	0	cola	282	0	0	0	0	4	3	44008	218338	218921	no pedido	657
Q-con-rojo-en-la-cola-una-copia	71	con	sinc	80	1	4	1	80	80	80	0	0	0	-	80	1	1	1	0	-	-	-	-	-	-	348
P-con-pequena-sonda	71	con	sinc	10	4	4	0	40	40	40	0	0	0	-	40	0	0	0	0	4	0	0	13645	13645	no pedido	370
A-con-grande	72	con	sinc	80	4	4	0	320	320	285	35	35	0	cola	285	0	0	0	0	-	-	-	-	-	-	531
B-sin-grande	72	sin	sinc	80	4	4	0	320	320	320	0	0	0	-	320	0	0	0	0	-	-	-	-	-	-	593
C-con-grande-bloqueante	72	con	sinc	80	4	4	0	320	320	320	0	0	0	-	320	0	0	0	0	4	0	0	338338	338338	puesto	619
D-con-grande-sonda	72	con	sinc	80	4	4	0	320	320	314	6	6	0	cola	314	0	0	0	0	4	1	21232	336289	337166	no pedido	604
E-con-asincrona	72	con	asinc	80	4	4	0	320	320	320	0	0	0	-	320	0	0	0	0	-	-	-	-	-	-	583
F-con-pequena	72	con	sinc	10	4	4	0	40	40	40	0	0	0	-	40	0	0	0	0	-	-	-	-	-	-	447
G-con-rojo-en-la-cola	72	con	sinc	80	4	4	1	320	320	306	14	14	0	cola	307	4	4	3	0	-	-	-	-	-	-	650
H-sin-rojo-en-la-cola	72	sin	sinc	80	4	4	1	320	320	320	0	0	0	-	320	4	4	4	0	-	-	-	-	-	-	712
I-cortado-en-el-40	72	sin	sinc	80	1	4	0	80	40	0	80	40	40	cola	1	0	0	0	0	-	-	-	-	-	-	277
J-con-grande-una-copia	72	con	sinc	80	1	4	0	80	80	62	18	18	0	cola	62	0	0	0	0	-	-	-	-	-	-	359
K-sin-grande-sonda	72	sin	sinc	80	4	4	0	320	320	320	0	0	0	-	320	0	0	0	0	4	0	0	336289	336289	no pedido	686
L-con-dosis-relleno-000	72	con	sinc	80	4	4	0	320	320	187	133	133	0	cola	187	0	0	0	0	4	3	55234	97938	98218	no pedido	533
M-con-dosis-relleno-050	72	con	sinc	80	4	4	0	320	320	314	6	6	0	cola	314	0	0	0	0	4	1	8997	117938	118211	no pedido	676
N-con-dosis-relleno-150	72	con	sinc	80	4	4	0	320	320	310	10	10	0	cola	310	0	0	0	0	4	2	15375	158338	158698	no pedido	640
O-con-dosis-relleno-300	72	con	sinc	80	4	4	0	320	320	281	39	39	0	cola	281	0	0	0	0	4	2	61965	218338	218908	no pedido	657
Q-con-rojo-en-la-cola-una-copia	72	con	sinc	80	1	4	1	80	80	80	0	0	0	-	80	1	1	1	0	-	-	-	-	-	-	387
P-con-pequena-sonda	72	con	sinc	10	4	4	0	40	40	40	0	0	0	-	40	0	0	0	0	4	0	0	13645	13645	no pedido	448
A-con-grande	73	con	sinc	80	4	4	0	320	320	302	18	18	0	cola	302	0	0	0	0	-	-	-	-	-	-	642
B-sin-grande	73	sin	sinc	80	4	4	0	320	320	320	0	0	0	-	320	0	0	0	0	-	-	-	-	-	-	666
C-con-grande-bloqueante	73	con	sinc	80	4	4	0	320	320	320	0	0	0	-	320	0	0	0	0	4	0	0	338338	338338	puesto	594
D-con-grande-sonda	73	con	sinc	80	4	4	0	320	320	301	19	19	0	cola	301	0	0	0	0	4	3	31333	336288	337166	no pedido	584
E-con-asincrona	73	con	asinc	80	4	4	0	320	320	320	0	0	0	-	320	0	0	0	0	-	-	-	-	-	-	679
F-con-pequena	73	con	sinc	10	4	4	0	40	40	40	0	0	0	-	40	0	0	0	0	-	-	-	-	-	-	438
G-con-rojo-en-la-cola	73	con	sinc	80	4	4	1	320	320	303	17	17	0	cola	306	4	4	1	0	-	-	-	-	-	-	692
H-sin-rojo-en-la-cola	73	sin	sinc	80	4	4	1	320	320	320	0	0	0	-	320	4	4	4	0	-	-	-	-	-	-	661
I-cortado-en-el-40	73	sin	sinc	80	1	4	0	80	40	0	80	40	40	cola	1	0	0	0	0	-	-	-	-	-	-	275
J-con-grande-una-copia	73	con	sinc	80	1	4	0	80	80	80	0	0	0	-	80	0	0	0	0	-	-	-	-	-	-	374
K-sin-grande-sonda	73	sin	sinc	80	4	4	0	320	320	320	0	0	0	-	320	0	0	0	0	4	0	0	336289	336289	no pedido	680
L-con-dosis-relleno-000	73	con	sinc	80	4	4	0	320	320	199	121	121	0	cola	199	0	0	0	0	4	2	62575	97938	98205	no pedido	611
M-con-dosis-relleno-050	73	con	sinc	80	4	4	0	320	320	276	44	44	0	cola	276	0	0	0	0	4	1	53517	117938	118268	no pedido	648
N-con-dosis-relleno-150	73	con	sinc	80	4	4	0	320	320	266	54	54	0	cola	266	0	0	0	0	4	2	50639	158338	158769	no pedido	649
O-con-dosis-relleno-300	73	con	sinc	80	4	4	0	320	320	287	33	33	0	cola	287	0	0	0	0	4	2	53241	218338	218848	no pedido	627
Q-con-rojo-en-la-cola-una-copia	73	con	sinc	80	1	4	1	80	80	80	0	0	0	-	80	1	1	1	0	-	-	-	-	-	-	370
P-con-pequena-sonda	73	con	sinc	10	4	4	0	40	40	40	0	0	0	-	40	0	0	0	0	4	0	0	13645	13645	no pedido	420
A-con-grande	74	con	sinc	80	4	4	0	320	320	293	27	27	0	cola	293	0	0	0	0	-	-	-	-	-	-	644
B-sin-grande	74	sin	sinc	80	4	4	0	320	320	320	0	0	0	-	320	0	0	0	0	-	-	-	-	-	-	695
C-con-grande-bloqueante	74	con	sinc	80	4	4	0	320	320	320	0	0	0	-	320	0	0	0	0	4	0	0	338338	338338	puesto	598
D-con-grande-sonda	74	con	sinc	80	4	4	0	320	320	307	13	13	0	cola	307	0	0	0	0	4	2	22915	336288	337152	no pedido	633
E-con-asincrona	74	con	asinc	80	4	4	0	320	320	320	0	0	0	-	320	0	0	0	0	-	-	-	-	-	-	686
F-con-pequena	74	con	sinc	10	4	4	0	40	40	40	0	0	0	-	40	0	0	0	0	-	-	-	-	-	-	347
G-con-rojo-en-la-cola	74	con	sinc	80	4	4	1	320	320	305	15	15	0	cola	307	4	4	2	0	-	-	-	-	-	-	689
H-sin-rojo-en-la-cola	74	sin	sinc	80	4	4	1	320	320	320	0	0	0	-	320	4	4	4	0	-	-	-	-	-	-	702
I-cortado-en-el-40	74	sin	sinc	80	1	4	0	80	40	0	80	40	40	cola	1	0	0	0	0	-	-	-	-	-	-	216
J-con-grande-una-copia	74	con	sinc	80	1	4	0	80	80	75	5	5	0	cola	75	0	0	0	0	-	-	-	-	-	-	233
K-sin-grande-sonda	74	sin	sinc	80	4	4	0	320	320	320	0	0	0	-	320	0	0	0	0	4	0	0	336289	336289	no pedido	651
L-con-dosis-relleno-000	74	con	sinc	80	4	4	0	320	320	277	43	43	0	cola	277	0	0	0	0	4	1	43510	97938	98146	no pedido	631
M-con-dosis-relleno-050	74	con	sinc	80	4	4	0	320	320	314	6	6	0	cola	314	0	0	0	0	4	1	8997	117938	118211	no pedido	715
N-con-dosis-relleno-150	74	con	sinc	80	4	4	0	320	320	320	0	0	0	-	320	0	0	0	0	4	0	0	158338	158338	no pedido	566
O-con-dosis-relleno-300	74	con	sinc	80	4	4	0	320	320	300	20	20	0	cola	300	0	0	0	0	4	1	44008	218338	218906	no pedido	550
Q-con-rojo-en-la-cola-una-copia	74	con	sinc	80	1	4	1	80	80	75	5	5	0	cola	76	1	1	0	0	-	-	-	-	-	-	230
P-con-pequena-sonda	74	con	sinc	10	4	4	0	40	40	40	0	0	0	-	40	0	0	0	0	4	0	0	13645	13645	no pedido	350
A-con-grande	75	con	sinc	80	4	4	0	320	320	305	15	15	0	cola	305	0	0	0	0	-	-	-	-	-	-	663
B-sin-grande	75	sin	sinc	80	4	4	0	320	320	320	0	0	0	-	320	0	0	0	0	-	-	-	-	-	-	727
C-con-grande-bloqueante	75	con	sinc	80	4	4	0	320	320	320	0	0	0	-	320	0	0	0	0	4	0	0	338338	338338	puesto	577
D-con-grande-sonda	75	con	sinc	80	4	4	0	320	320	280	40	40	0	cola	280	0	0	0	0	4	4	49852	315056	337166	no pedido	656
E-con-asincrona	75	con	asinc	80	4	4	0	320	320	303	17	17	0	cola	303	0	0	0	0	-	-	-	-	-	-	664
F-con-pequena	75	con	sinc	10	4	4	0	40	40	40	0	0	0	-	40	0	0	0	0	-	-	-	-	-	-	384
G-con-rojo-en-la-cola	75	con	sinc	80	4	4	1	320	320	320	0	0	0	-	320	4	4	4	0	-	-	-	-	-	-	665
H-sin-rojo-en-la-cola	75	sin	sinc	80	4	4	1	320	320	320	0	0	0	-	320	4	4	4	0	-	-	-	-	-	-	704
I-cortado-en-el-40	75	sin	sinc	80	1	4	0	80	40	0	80	40	40	cola	1	0	0	0	0	-	-	-	-	-	-	268
J-con-grande-una-copia	75	con	sinc	80	1	4	0	80	80	76	4	4	0	cola	76	0	0	0	0	-	-	-	-	-	-	346
K-sin-grande-sonda	75	sin	sinc	80	4	4	0	320	320	320	0	0	0	-	320	0	0	0	0	4	0	0	336289	336289	no pedido	720
L-con-dosis-relleno-000	75	con	sinc	80	4	4	0	320	320	227	93	93	0	cola	227	0	0	0	0	4	2	53280	97938	98218	no pedido	647
M-con-dosis-relleno-050	75	con	sinc	80	4	4	0	320	320	295	25	25	0	cola	295	0	0	0	0	4	1	31426	117938	118210	no pedido	672
N-con-dosis-relleno-150	75	con	sinc	80	4	4	0	320	320	319	1	1	0	cola	319	0	0	0	0	4	1	3112	158338	158771	no pedido	618
O-con-dosis-relleno-300	75	con	sinc	80	4	4	0	320	320	256	64	64	0	cola	256	0	0	0	0	4	3	57093	218338	218906	no pedido	609
Q-con-rojo-en-la-cola-una-copia	75	con	sinc	80	1	4	1	80	80	67	13	13	0	cola	68	1	1	0	0	-	-	-	-	-	-	379
P-con-pequena-sonda	75	con	sinc	10	4	4	0	40	40	40	0	0	0	-	40	0	0	0	0	4	0	0	13645	13645	no pedido	370
A-con-grande	76	con	sinc	80	4	4	0	320	320	284	36	36	0	cola	284	0	0	0	0	-	-	-	-	-	-	661
B-sin-grande	76	sin	sinc	80	4	4	0	320	320	320	0	0	0	-	320	0	0	0	0	-	-	-	-	-	-	596
C-con-grande-bloqueante	76	con	sinc	80	4	4	0	320	320	320	0	0	0	-	320	0	0	0	0	4	0	0	338338	338338	puesto	656
D-con-grande-sonda	76	con	sinc	80	4	4	0	320	320	294	26	26	0	cola	294	0	0	0	0	4	3	54024	336288	337107	no pedido	592
E-con-asincrona	76	con	asinc	80	4	4	0	320	320	320	0	0	0	-	320	0	0	0	0	-	-	-	-	-	-	699
F-con-pequena	76	con	sinc	10	4	4	0	40	40	40	0	0	0	-	40	0	0	0	0	-	-	-	-	-	-	430
G-con-rojo-en-la-cola	76	con	sinc	80	4	4	1	320	320	318	2	2	0	cola	320	4	4	2	0	-	-	-	-	-	-	687
H-sin-rojo-en-la-cola	76	sin	sinc	80	4	4	1	320	320	320	0	0	0	-	320	4	4	4	0	-	-	-	-	-	-	690
I-cortado-en-el-40	76	sin	sinc	80	1	4	0	80	40	0	80	40	40	cola	1	0	0	0	0	-	-	-	-	-	-	185
J-con-grande-una-copia	76	con	sinc	80	1	4	0	80	80	70	10	10	0	cola	70	0	0	0	0	-	-	-	-	-	-	368
K-sin-grande-sonda	76	sin	sinc	80	4	4	0	320	320	320	0	0	0	-	320	0	0	0	0	4	0	0	336289	336289	no pedido	650
L-con-dosis-relleno-000	76	con	sinc	80	4	4	0	320	320	207	113	113	0	cola	207	0	0	0	0	4	2	58934	97938	98205	no pedido	612
M-con-dosis-relleno-050	76	con	sinc	80	4	4	0	320	320	259	61	61	0	cola	259	0	0	0	0	4	3	59402	117938	118268	no pedido	666
N-con-dosis-relleno-150	76	con	sinc	80	4	4	0	320	320	270	50	50	0	cola	270	0	0	0	0	4	2	47046	158338	158756	no pedido	579
O-con-dosis-relleno-300	76	con	sinc	80	4	4	0	320	320	266	54	54	0	cola	266	0	0	0	0	4	2	64727	218338	218919	no pedido	647
Q-con-rojo-en-la-cola-una-copia	76	con	sinc	80	1	4	1	80	80	67	13	13	0	cola	68	1	1	0	0	-	-	-	-	-	-	373
P-con-pequena-sonda	76	con	sinc	10	4	4	0	40	40	40	0	0	0	-	40	0	0	0	0	4	0	0	13645	13645	no pedido	327
A-con-grande	77	con	sinc	80	4	4	0	320	320	320	0	0	0	-	320	0	0	0	0	-	-	-	-	-	-	627
B-sin-grande	77	sin	sinc	80	4	4	0	320	320	320	0	0	0	-	320	0	0	0	0	-	-	-	-	-	-	656
C-con-grande-bloqueante	77	con	sinc	80	4	4	0	320	320	320	0	0	0	-	320	0	0	0	0	4	0	0	338338	338338	puesto	677
D-con-grande-sonda	77	con	sinc	80	4	4	0	320	320	285	35	35	0	cola	285	0	0	0	0	4	3	57391	336288	337166	no pedido	641
E-con-asincrona	77	con	asinc	80	4	4	0	320	320	320	0	0	0	-	320	0	0	0	0	-	-	-	-	-	-	614
F-con-pequena	77	con	sinc	10	4	4	0	40	40	40	0	0	0	-	40	0	0	0	0	-	-	-	-	-	-	380
G-con-rojo-en-la-cola	77	con	sinc	80	4	4	1	320	320	299	21	21	0	cola	302	4	4	1	0	-	-	-	-	-	-	640
H-sin-rojo-en-la-cola	77	sin	sinc	80	4	4	1	320	320	320	0	0	0	-	320	4	4	4	0	-	-	-	-	-	-	730
I-cortado-en-el-40	77	sin	sinc	80	1	4	0	80	40	0	80	40	40	cola	1	0	0	0	0	-	-	-	-	-	-	263
J-con-grande-una-copia	77	con	sinc	80	1	4	0	80	80	80	0	0	0	-	80	0	0	0	0	-	-	-	-	-	-	363
K-sin-grande-sonda	77	sin	sinc	80	4	4	0	320	320	320	0	0	0	-	320	0	0	0	0	4	0	0	336289	336289	no pedido	631
L-con-dosis-relleno-000	77	con	sinc	80	4	4	0	320	320	255	65	65	0	cola	255	0	0	0	0	4	1	65004	97938	98146	no pedido	601
M-con-dosis-relleno-050	77	con	sinc	80	4	4	0	320	320	277	43	43	0	cola	277	0	0	0	0	4	1	52612	117938	118210	no pedido	629
N-con-dosis-relleno-150	77	con	sinc	80	4	4	0	320	320	284	36	36	0	cola	284	0	0	0	0	4	1	58917	158338	158711	no pedido	545
O-con-dosis-relleno-300	77	con	sinc	80	4	4	0	320	320	282	38	38	0	cola	282	0	0	0	0	4	2	65250	218338	218861	no pedido	666
Q-con-rojo-en-la-cola-una-copia	77	con	sinc	80	1	4	1	80	80	64	16	16	0	cola	65	1	1	0	0	-	-	-	-	-	-	331
P-con-pequena-sonda	77	con	sinc	10	4	4	0	40	40	40	0	0	0	-	40	0	0	0	0	4	0	0	13645	13645	no pedido	456
A-con-grande	78	con	sinc	80	4	4	0	320	320	297	23	23	0	cola	297	0	0	0	0	-	-	-	-	-	-	672
B-sin-grande	78	sin	sinc	80	4	4	0	320	320	320	0	0	0	-	320	0	0	0	0	-	-	-	-	-	-	623
C-con-grande-bloqueante	78	con	sinc	80	4	4	0	320	320	320	0	0	0	-	320	0	0	0	0	4	0	0	338338	338338	puesto	649
D-con-grande-sonda	78	con	sinc	80	4	4	0	320	320	309	11	11	0	cola	309	0	0	0	0	4	2	22051	336288	337107	no pedido	697
E-con-asincrona	78	con	asinc	80	4	4	0	320	320	320	0	0	0	-	320	0	0	0	0	-	-	-	-	-	-	619
F-con-pequena	78	con	sinc	10	4	4	0	40	40	40	0	0	0	-	40	0	0	0	0	-	-	-	-	-	-	461
G-con-rojo-en-la-cola	78	con	sinc	80	4	4	1	320	320	313	7	7	0	cola	314	4	4	3	0	-	-	-	-	-	-	638
H-sin-rojo-en-la-cola	78	sin	sinc	80	4	4	1	320	320	320	0	0	0	-	320	4	4	4	0	-	-	-	-	-	-	657
I-cortado-en-el-40	78	sin	sinc	80	1	4	0	80	40	0	80	40	40	cola	1	0	0	0	0	-	-	-	-	-	-	273
J-con-grande-una-copia	78	con	sinc	80	1	4	0	80	80	79	1	1	0	cola	79	0	0	0	0	-	-	-	-	-	-	371
K-sin-grande-sonda	78	sin	sinc	80	4	4	0	320	320	320	0	0	0	-	320	0	0	0	0	4	0	0	336289	336289	no pedido	703
L-con-dosis-relleno-000	78	con	sinc	80	4	4	0	320	320	303	17	17	0	cola	303	0	0	0	0	4	1	18610	97938	98161	no pedido	575
M-con-dosis-relleno-050	78	con	sinc	80	4	4	0	320	320	264	56	56	0	cola	264	0	0	0	0	4	2	60851	117938	118211	no pedido	624
N-con-dosis-relleno-150	78	con	sinc	80	4	4	0	320	320	281	39	39	0	cola	281	0	0	0	0	4	2	58113	158338	158771	no pedido	590
O-con-dosis-relleno-300	78	con	sinc	80	4	4	0	320	320	280	40	40	0	cola	280	0	0	0	0	4	2	56526	218338	218921	no pedido	634
Q-con-rojo-en-la-cola-una-copia	78	con	sinc	80	1	4	1	80	80	65	15	15	0	cola	66	1	1	0	0	-	-	-	-	-	-	372
P-con-pequena-sonda	78	con	sinc	10	4	4	0	40	40	40	0	0	0	-	40	0	0	0	0	4	0	0	13645	13645	no pedido	439
A-con-grande	79	con	sinc	80	4	4	0	320	320	302	18	18	0	cola	302	0	0	0	0	-	-	-	-	-	-	653
B-sin-grande	79	sin	sinc	80	4	4	0	320	320	320	0	0	0	-	320	0	0	0	0	-	-	-	-	-	-	665
C-con-grande-bloqueante	79	con	sinc	80	4	4	0	320	320	320	0	0	0	-	320	0	0	0	0	4	0	0	338338	338338	puesto	625
D-con-grande-sonda	79	con	sinc	80	4	4	0	320	320	317	3	3	0	cola	317	0	0	0	0	4	2	7764	336287	337166	no pedido	609
E-con-asincrona	79	con	asinc	80	4	4	0	320	320	320	0	0	0	-	320	0	0	0	0	-	-	-	-	-	-	641
F-con-pequena	79	con	sinc	10	4	4	0	40	40	40	0	0	0	-	40	0	0	0	0	-	-	-	-	-	-	425
G-con-rojo-en-la-cola	79	con	sinc	80	4	4	1	320	320	295	25	25	0	cola	298	4	4	1	0	-	-	-	-	-	-	577
H-sin-rojo-en-la-cola	79	sin	sinc	80	4	4	1	320	320	320	0	0	0	-	320	4	4	4	0	-	-	-	-	-	-	697
I-cortado-en-el-40	79	sin	sinc	80	1	4	0	80	40	0	80	40	40	cola	1	0	0	0	0	-	-	-	-	-	-	252
J-con-grande-una-copia	79	con	sinc	80	1	4	0	80	80	80	0	0	0	-	80	0	0	0	0	-	-	-	-	-	-	331
K-sin-grande-sonda	79	sin	sinc	80	4	4	0	320	320	320	0	0	0	-	320	0	0	0	0	4	0	0	336289	336289	no pedido	585
L-con-dosis-relleno-000	79	con	sinc	80	4	4	0	320	320	214	106	106	0	cola	214	0	0	0	0	4	2	63050	97938	98146	no pedido	523
M-con-dosis-relleno-050	79	con	sinc	80	4	4	0	320	320	231	89	89	0	cola	231	0	0	0	0	4	3	44101	117938	118268	no pedido	481
N-con-dosis-relleno-150	79	con	sinc	80	4	4	0	320	320	296	24	24	0	cola	296	0	0	0	0	4	2	26124	158338	158771	no pedido	589
O-con-dosis-relleno-300	79	con	sinc	80	4	4	0	320	320	273	47	47	0	cola	273	0	0	0	0	4	2	54345	218338	218861	no pedido	563
Q-con-rojo-en-la-cola-una-copia	79	con	sinc	80	1	4	1	80	80	76	4	4	0	cola	77	1	1	0	0	-	-	-	-	-	-	349
P-con-pequena-sonda	79	con	sinc	10	4	4	0	40	40	40	0	0	0	-	40	0	0	0	0	4	0	0	13645	13645	no pedido	400
A-con-grande	80	con	sinc	80	4	4	0	320	320	316	4	4	0	cola	316	0	0	0	0	-	-	-	-	-	-	599
B-sin-grande	80	sin	sinc	80	4	4	0	320	320	320	0	0	0	-	320	0	0	0	0	-	-	-	-	-	-	669
C-con-grande-bloqueante	80	con	sinc	80	4	4	0	320	320	320	0	0	0	-	320	0	0	0	0	4	0	0	338338	338338	puesto	566
D-con-grande-sonda	80	con	sinc	80	4	4	0	320	320	287	33	33	0	cola	287	0	0	0	0	4	3	63312	336288	337153	no pedido	633
E-con-asincrona	80	con	asinc	80	4	4	0	320	320	308	12	12	0	cola	308	0	0	0	0	-	-	-	-	-	-	654
F-con-pequena	80	con	sinc	10	4	4	0	40	40	40	0	0	0	-	40	0	0	0	0	-	-	-	-	-	-	434
G-con-rojo-en-la-cola	80	con	sinc	80	4	4	1	320	320	288	32	32	0	cola	292	4	4	0	0	-	-	-	-	-	-	573
H-sin-rojo-en-la-cola	80	sin	sinc	80	4	4	1	320	320	320	0	0	0	-	320	4	4	4	0	-	-	-	-	-	-	695
I-cortado-en-el-40	80	sin	sinc	80	1	4	0	80	40	0	80	40	40	cola	1	0	0	0	0	-	-	-	-	-	-	275
J-con-grande-una-copia	80	con	sinc	80	1	4	0	80	80	72	8	8	0	cola	72	0	0	0	0	-	-	-	-	-	-	344
K-sin-grande-sonda	80	sin	sinc	80	4	4	0	320	320	320	0	0	0	-	320	0	0	0	0	4	0	0	336289	336289	no pedido	642
L-con-dosis-relleno-000	80	con	sinc	80	4	4	0	320	320	227	93	93	0	cola	227	0	0	0	0	4	2	57188	97938	98205	no pedido	623
M-con-dosis-relleno-050	80	con	sinc	80	4	4	0	320	320	277	43	43	0	cola	277	0	0	0	0	4	2	52010	117938	118196	no pedido	643
N-con-dosis-relleno-150	80	con	sinc	80	4	4	0	320	320	280	40	40	0	cola	280	0	0	0	0	4	2	43526	158338	158771	no pedido	448
O-con-dosis-relleno-300	80	con	sinc	80	4	4	0	320	320	287	33	33	0	cola	287	0	0	0	0	4	2	44517	218338	218919	no pedido	624
Q-con-rojo-en-la-cola-una-copia	80	con	sinc	80	1	4	1	80	80	67	13	13	0	cola	68	1	1	0	0	-	-	-	-	-	-	360
P-con-pequena-sonda	80	con	sinc	10	4	4	0	40	40	40	0	0	0	-	40	0	0	0	0	4	0	0	13645	13645	no pedido	450
A-con-grande	81	con	sinc	80	4	4	0	320	320	314	6	6	0	cola	314	0	0	0	0	-	-	-	-	-	-	655
B-sin-grande	81	sin	sinc	80	4	4	0	320	320	320	0	0	0	-	320	0	0	0	0	-	-	-	-	-	-	529
C-con-grande-bloqueante	81	con	sinc	80	4	4	0	320	320	320	0	0	0	-	320	0	0	0	0	4	0	0	338338	338338	puesto	583
D-con-grande-sonda	81	con	sinc	80	4	4	0	320	320	285	35	35	0	cola	285	0	0	0	0	4	3	64116	336288	337166	no pedido	636
E-con-asincrona	81	con	asinc	80	4	4	0	320	320	320	0	0	0	-	320	0	0	0	0	-	-	-	-	-	-	611
F-con-pequena	81	con	sinc	10	4	4	0	40	40	40	0	0	0	-	40	0	0	0	0	-	-	-	-	-	-	390
G-con-rojo-en-la-cola	81	con	sinc	80	4	4	1	320	320	310	10	10	0	cola	312	4	4	2	0	-	-	-	-	-	-	619
H-sin-rojo-en-la-cola	81	sin	sinc	80	4	4	1	320	320	320	0	0	0	-	320	4	4	4	0	-	-	-	-	-	-	673
I-cortado-en-el-40	81	sin	sinc	80	1	4	0	80	40	0	80	40	40	cola	1	0	0	0	0	-	-	-	-	-	-	272
J-con-grande-una-copia	81	con	sinc	80	1	4	0	80	80	72	8	8	0	cola	72	0	0	0	0	-	-	-	-	-	-	243
K-sin-grande-sonda	81	sin	sinc	80	4	4	0	320	320	320	0	0	0	-	320	0	0	0	0	4	0	0	336289	336289	no pedido	697
L-con-dosis-relleno-000	81	con	sinc	80	4	4	0	320	320	183	137	137	0	cola	183	0	0	0	0	4	3	65284	97938	98218	no pedido	608
M-con-dosis-relleno-050	81	con	sinc	80	4	4	0	320	320	275	45	45	0	cola	275	0	0	0	0	4	3	39981	117938	118254	no pedido	645
N-con-dosis-relleno-150	81	con	sinc	80	4	4	0	320	320	274	46	46	0	cola	274	0	0	0	0	4	2	51789	158338	158698	no pedido	531
O-con-dosis-relleno-300	81	con	sinc	80	4	4	0	320	320	316	4	4	0	cola	316	0	0	0	0	4	2	9030	218338	218908	no pedido	621
Q-con-rojo-en-la-cola-una-copia	81	con	sinc	80	1	4	1	80	80	75	5	5	0	cola	76	1	1	0	0	-	-	-	-	-	-	329
P-con-pequena-sonda	81	con	sinc	10	4	4	0	40	40	40	0	0	0	-	40	0	0	0	0	4	0	0	13645	13645	no pedido	432
A-con-grande	82	con	sinc	80	4	4	0	320	320	300	20	20	0	cola	300	0	0	0	0	-	-	-	-	-	-	601
B-sin-grande	82	sin	sinc	80	4	4	0	320	320	320	0	0	0	-	320	0	0	0	0	-	-	-	-	-	-	658
C-con-grande-bloqueante	82	con	sinc	80	4	4	0	320	320	320	0	0	0	-	320	0	0	0	0	4	0	0	338338	338338	puesto	631
D-con-grande-sonda	82	con	sinc	80	4	4	0	320	320	313	7	7	0	cola	313	0	0	0	0	4	1	22916	336288	337153	no pedido	641
E-con-asincrona	82	con	asinc	80	4	4	0	320	320	320	0	0	0	-	320	0	0	0	0	-	-	-	-	-	-	621
F-con-pequena	82	con	sinc	10	4	4	0	40	40	40	0	0	0	-	40	0	0	0	0	-	-	-	-	-	-	401
G-con-rojo-en-la-cola	82	con	sinc	80	4	4	1	320	320	296	24	24	0	cola	298	4	4	2	0	-	-	-	-	-	-	637
H-sin-rojo-en-la-cola	82	sin	sinc	80	4	4	1	320	320	320	0	0	0	-	320	4	4	4	0	-	-	-	-	-	-	657
I-cortado-en-el-40	82	sin	sinc	80	1	4	0	80	40	0	80	40	40	cola	1	0	0	0	0	-	-	-	-	-	-	276
J-con-grande-una-copia	82	con	sinc	80	1	4	0	80	80	75	5	5	0	cola	75	0	0	0	0	-	-	-	-	-	-	334
K-sin-grande-sonda	82	sin	sinc	80	4	4	0	320	320	320	0	0	0	-	320	0	0	0	0	4	0	0	336289	336289	no pedido	645
L-con-dosis-relleno-000	82	con	sinc	80	4	4	0	320	320	192	128	128	0	cola	192	0	0	0	0	4	4	62073	86209	98207	no pedido	577
M-con-dosis-relleno-050	82	con	sinc	80	4	4	0	320	320	265	55	55	0	cola	265	0	0	0	0	4	2	59674	117938	118211	no pedido	625
N-con-dosis-relleno-150	82	con	sinc	80	4	4	0	320	320	280	40	40	0	cola	280	0	0	0	0	4	2	44688	158338	158771	no pedido	597
O-con-dosis-relleno-300	82	con	sinc	80	4	4	0	320	320	294	26	26	0	cola	294	0	0	0	0	4	3	27619	218338	218921	no pedido	690
Q-con-rojo-en-la-cola-una-copia	82	con	sinc	80	1	4	1	80	80	80	0	0	0	-	80	1	1	1	0	-	-	-	-	-	-	346
P-con-pequena-sonda	82	con	sinc	10	4	4	0	40	40	40	0	0	0	-	40	0	0	0	0	4	0	0	13645	13645	no pedido	306
A-con-grande	83	con	sinc	80	4	4	0	320	320	304	16	16	0	cola	304	0	0	0	0	-	-	-	-	-	-	632
B-sin-grande	83	sin	sinc	80	4	4	0	320	320	320	0	0	0	-	320	0	0	0	0	-	-	-	-	-	-	662
C-con-grande-bloqueante	83	con	sinc	80	4	4	0	320	320	320	0	0	0	-	320	0	0	0	0	4	0	0	338338	338338	puesto	539
D-con-grande-sonda	83	con	sinc	80	4	4	0	320	320	305	15	15	0	cola	305	0	0	0	0	4	3	23721	336288	337165	no pedido	652
E-con-asincrona	83	con	asinc	80	4	4	0	320	320	316	4	4	0	cola	316	0	0	0	0	-	-	-	-	-	-	677
F-con-pequena	83	con	sinc	10	4	4	0	40	40	40	0	0	0	-	40	0	0	0	0	-	-	-	-	-	-	450
G-con-rojo-en-la-cola	83	con	sinc	80	4	4	1	320	320	298	22	22	0	cola	300	4	4	2	0	-	-	-	-	-	-	644
H-sin-rojo-en-la-cola	83	sin	sinc	80	4	4	1	320	320	320	0	0	0	-	320	4	4	4	0	-	-	-	-	-	-	698
I-cortado-en-el-40	83	sin	sinc	80	1	4	0	80	40	0	80	40	40	cola	1	0	0	0	0	-	-	-	-	-	-	186
J-con-grande-una-copia	83	con	sinc	80	1	4	0	80	80	61	19	19	0	cola	61	0	0	0	0	-	-	-	-	-	-	347
K-sin-grande-sonda	83	sin	sinc	80	4	4	0	320	320	320	0	0	0	-	320	0	0	0	0	4	0	0	336289	336289	no pedido	596
L-con-dosis-relleno-000	83	con	sinc	80	4	4	0	320	320	215	105	105	0	cola	215	0	0	0	0	4	2	54257	97938	98204	no pedido	669
M-con-dosis-relleno-050	83	con	sinc	80	4	4	0	320	320	290	30	30	0	cola	290	0	0	0	0	4	2	37311	117938	118210	no pedido	680
N-con-dosis-relleno-150	83	con	sinc	80	4	4	0	320	320	275	45	45	0	cola	275	0	0	0	0	4	3	34039	158338	158758	no pedido	657
O-con-dosis-relleno-300	83	con	sinc	80	4	4	0	320	320	294	26	26	0	cola	294	0	0	0	0	4	1	58707	218338	218861	no pedido	600
Q-con-rojo-en-la-cola-una-copia	83	con	sinc	80	1	4	1	80	80	69	11	11	0	cola	70	1	1	0	0	-	-	-	-	-	-	315
P-con-pequena-sonda	83	con	sinc	10	4	4	0	40	40	40	0	0	0	-	40	0	0	0	0	4	0	0	13645	13645	no pedido	345
A-con-grande	84	con	sinc	80	4	4	0	320	320	317	3	3	0	cola	317	0	0	0	0	-	-	-	-	-	-	665
B-sin-grande	84	sin	sinc	80	4	4	0	320	320	320	0	0	0	-	320	0	0	0	0	-	-	-	-	-	-	638
C-con-grande-bloqueante	84	con	sinc	80	4	4	0	320	320	320	0	0	0	-	320	0	0	0	0	4	0	0	338338	338338	puesto	668
D-con-grande-sonda	84	con	sinc	80	4	4	0	320	320	303	17	17	0	cola	303	0	0	0	0	4	3	22916	336288	337153	no pedido	682
E-con-asincrona	84	con	asinc	80	4	4	0	320	320	320	0	0	0	-	320	0	0	0	0	-	-	-	-	-	-	591
F-con-pequena	84	con	sinc	10	4	4	0	40	40	40	0	0	0	-	40	0	0	0	0	-	-	-	-	-	-	345
G-con-rojo-en-la-cola	84	con	sinc	80	4	4	1	320	320	297	23	23	0	cola	300	4	4	1	0	-	-	-	-	-	-	665
H-sin-rojo-en-la-cola	84	sin	sinc	80	4	4	1	320	320	320	0	0	0	-	320	4	4	4	0	-	-	-	-	-	-	614
I-cortado-en-el-40	84	sin	sinc	80	1	4	0	80	40	0	80	40	40	cola	1	0	0	0	0	-	-	-	-	-	-	261
J-con-grande-una-copia	84	con	sinc	80	1	4	0	80	80	79	1	1	0	cola	79	0	0	0	0	-	-	-	-	-	-	370
K-sin-grande-sonda	84	sin	sinc	80	4	4	0	320	320	320	0	0	0	-	320	0	0	0	0	4	0	0	336289	336289	no pedido	650
L-con-dosis-relleno-000	84	con	sinc	80	4	4	0	320	320	204	116	116	0	cola	204	0	0	0	0	4	2	62353	97938	98218	no pedido	614
M-con-dosis-relleno-050	84	con	sinc	80	4	4	0	320	320	265	55	55	0	cola	265	0	0	0	0	4	3	52010	117937	118211	no pedido	623
N-con-dosis-relleno-150	84	con	sinc	80	4	4	0	320	320	307	13	13	0	cola	307	0	0	0	0	4	1	22156	158338	158771	no pedido	674
O-con-dosis-relleno-300	84	con	sinc	80	4	4	0	320	320	300	20	20	0	cola	300	0	0	0	0	4	1	44008	218338	218906	no pedido	602
Q-con-rojo-en-la-cola-una-copia	84	con	sinc	80	1	4	1	80	80	67	13	13	0	cola	68	1	1	0	0	-	-	-	-	-	-	342
P-con-pequena-sonda	84	con	sinc	10	4	4	0	40	40	40	0	0	0	-	40	0	0	0	0	4	0	0	13645	13645	no pedido	441
A-con-grande	85	con	sinc	80	4	4	0	320	320	294	26	26	0	cola	294	0	0	0	0	-	-	-	-	-	-	562
B-sin-grande	85	sin	sinc	80	4	4	0	320	320	320	0	0	0	-	320	0	0	0	0	-	-	-	-	-	-	685
C-con-grande-bloqueante	85	con	sinc	80	4	4	0	320	320	320	0	0	0	-	320	0	0	0	0	4	0	0	338338	338338	puesto	619
D-con-grande-sonda	85	con	sinc	80	4	4	0	320	320	286	34	34	0	cola	286	0	0	0	0	4	3	50657	336288	337166	no pedido	543
E-con-asincrona	85	con	asinc	80	4	4	0	320	320	320	0	0	0	-	320	0	0	0	0	-	-	-	-	-	-	670
F-con-pequena	85	con	sinc	10	4	4	0	40	40	40	0	0	0	-	40	0	0	0	0	-	-	-	-	-	-	436
G-con-rojo-en-la-cola	85	con	sinc	80	4	4	1	320	320	309	11	11	0	cola	311	4	4	2	0	-	-	-	-	-	-	640
H-sin-rojo-en-la-cola	85	sin	sinc	80	4	4	1	320	320	320	0	0	0	-	320	4	4	4	0	-	-	-	-	-	-	665
I-cortado-en-el-40	85	sin	sinc	80	1	4	0	80	40	0	80	40	40	cola	1	0	0	0	0	-	-	-	-	-	-	269
J-con-grande-una-copia	85	con	sinc	80	1	4	0	80	80	80	0	0	0	-	80	0	0	0	0	-	-	-	-	-	-	342
K-sin-grande-sonda	85	sin	sinc	80	4	4	0	320	320	320	0	0	0	-	320	0	0	0	0	4	0	0	336289	336289	no pedido	668
L-con-dosis-relleno-000	85	con	sinc	80	4	4	0	320	320	271	49	49	0	cola	271	0	0	0	0	4	2	38625	97937	98207	no pedido	635
M-con-dosis-relleno-050	85	con	sinc	80	4	4	0	320	320	309	11	11	0	cola	309	0	0	0	0	4	1	14048	117938	118257	no pedido	652
N-con-dosis-relleno-150	85	con	sinc	80	4	4	0	320	320	254	66	66	0	cola	254	0	0	0	0	4	3	59335	158338	158756	no pedido	627
O-con-dosis-relleno-300	85	con	sinc	80	4	4	0	320	320	288	32	32	0	cola	288	0	0	0	0	4	2	60364	218338	218918	no pedido	603
Q-con-rojo-en-la-cola-una-copia	85	con	sinc	80	1	4	1	80	80	70	10	10	0	cola	71	1	1	0	0	-	-	-	-	-	-	359
P-con-pequena-sonda	85	con	sinc	10	4	4	0	40	40	40	0	0	0	-	40	0	0	0	0	4	0	0	13645	13645	no pedido	456
A-con-grande	86	con	sinc	80	4	4	0	320	320	309	11	11	0	cola	309	0	0	0	0	-	-	-	-	-	-	587
B-sin-grande	86	sin	sinc	80	4	4	0	320	320	320	0	0	0	-	320	0	0	0	0	-	-	-	-	-	-	605
C-con-grande-bloqueante	86	con	sinc	80	4	4	0	320	320	320	0	0	0	-	320	0	0	0	0	4	0	0	338338	338338	puesto	636
D-con-grande-sonda	86	con	sinc	80	4	4	0	320	320	314	6	6	0	cola	314	0	0	0	0	4	1	22051	336288	337107	no pedido	670
E-con-asincrona	86	con	asinc	80	4	4	0	320	320	313	7	7	0	cola	313	0	0	0	0	-	-	-	-	-	-	690
F-con-pequena	86	con	sinc	10	4	4	0	40	40	40	0	0	0	-	40	0	0	0	0	-	-	-	-	-	-	448
G-con-rojo-en-la-cola	86	con	sinc	80	4	4	1	320	320	300	20	20	0	cola	302	4	4	2	0	-	-	-	-	-	-	594
H-sin-rojo-en-la-cola	86	sin	sinc	80	4	4	1	320	320	320	0	0	0	-	320	4	4	4	0	-	-	-	-	-	-	678
I-cortado-en-el-40	86	sin	sinc	80	1	4	0	80	40	0	80	40	40	cola	1	0	0	0	0	-	-	-	-	-	-	251
J-con-grande-una-copia	86	con	sinc	80	1	4	0	80	80	63	17	17	0	cola	63	0	0	0	0	-	-	-	-	-	-	355
K-sin-grande-sonda	86	sin	sinc	80	4	4	0	320	320	320	0	0	0	-	320	0	0	0	0	4	0	0	336289	336289	no pedido	617
L-con-dosis-relleno-000	86	con	sinc	80	4	4	0	320	320	154	166	166	0	cola	154	0	0	0	0	4	4	62073	84957	98218	no pedido	554
M-con-dosis-relleno-050	86	con	sinc	80	4	4	0	320	320	277	43	43	0	cola	277	0	0	0	0	4	2	52010	117938	118196	no pedido	609
N-con-dosis-relleno-150	86	con	sinc	80	4	4	0	320	320	286	34	34	0	cola	286	0	0	0	0	4	3	26124	158338	158770	no pedido	620
O-con-dosis-relleno-300	86	con	sinc	80	4	4	0	320	320	301	19	19	0	cola	301	0	0	0	0	4	2	42917	218338	218919	no pedido	641
Q-con-rojo-en-la-cola-una-copia	86	con	sinc	80	1	4	1	80	80	76	4	4	0	cola	77	1	1	0	0	-	-	-	-	-	-	308
P-con-pequena-sonda	86	con	sinc	10	4	4	0	40	40	40	0	0	0	-	40	0	0	0	0	4	0	0	13645	13645	no pedido	441
A-con-grande	87	con	sinc	80	4	4	0	320	320	258	62	62	0	cola	258	0	0	0	0	-	-	-	-	-	-	644
B-sin-grande	87	sin	sinc	80	4	4	0	320	320	320	0	0	0	-	320	0	0	0	0	-	-	-	-	-	-	641
C-con-grande-bloqueante	87	con	sinc	80	4	4	0	320	320	320	0	0	0	-	320	0	0	0	0	4	0	0	338338	338338	puesto	627
D-con-grande-sonda	87	con	sinc	80	4	4	0	320	320	298	22	22	0	cola	298	0	0	0	0	4	3	55721	336288	337166	no pedido	646
E-con-asincrona	87	con	asinc	80	4	4	0	320	320	320	0	0	0	-	320	0	0	0	0	-	-	-	-	-	-	678
F-con-pequena	87	con	sinc	10	4	4	0	40	40	40	0	0	0	-	40	0	0	0	0	-	-	-	-	-	-	446
G-con-rojo-en-la-cola	87	con	sinc	80	4	4	1	320	320	289	31	31	0	cola	291	4	4	2	0	-	-	-	-	-	-	661
H-sin-rojo-en-la-cola	87	sin	sinc	80	4	4	1	320	320	320	0	0	0	-	320	4	4	4	0	-	-	-	-	-	-	682
I-cortado-en-el-40	87	sin	sinc	80	1	4	0	80	40	0	80	40	40	cola	1	0	0	0	0	-	-	-	-	-	-	271
J-con-grande-una-copia	87	con	sinc	80	1	4	0	80	80	80	0	0	0	-	80	0	0	0	0	-	-	-	-	-	-	322
K-sin-grande-sonda	87	sin	sinc	80	4	4	0	320	320	320	0	0	0	-	320	0	0	0	0	4	0	0	336289	336289	no pedido	637
L-con-dosis-relleno-000	87	con	sinc	80	4	4	0	320	320	160	160	160	0	cola	160	0	0	0	0	4	3	62073	97937	98218	no pedido	614
M-con-dosis-relleno-050	87	con	sinc	80	4	4	0	320	320	207	113	113	0	cola	207	0	0	0	0	4	3	59674	117937	118210	no pedido	530
N-con-dosis-relleno-150	87	con	sinc	80	4	4	0	320	320	320	0	0	0	-	320	0	0	0	0	4	0	0	158338	158338	no pedido	537
O-con-dosis-relleno-300	87	con	sinc	80	4	4	0	320	320	309	11	11	0	cola	309	0	0	0	0	4	1	24339	218339	218908	no pedido	666
Q-con-rojo-en-la-cola-una-copia	87	con	sinc	80	1	4	1	80	80	80	0	0	0	-	80	1	1	1	0	-	-	-	-	-	-	347
P-con-pequena-sonda	87	con	sinc	10	4	4	0	40	40	40	0	0	0	-	40	0	0	0	0	4	0	0	13645	13645	no pedido	441
A-con-grande	88	con	sinc	80	4	4	0	320	320	306	14	14	0	cola	306	0	0	0	0	-	-	-	-	-	-	492
B-sin-grande	88	sin	sinc	80	4	4	0	320	320	320	0	0	0	-	320	0	0	0	0	-	-	-	-	-	-	675
C-con-grande-bloqueante	88	con	sinc	80	4	4	0	320	320	320	0	0	0	-	320	0	0	0	0	4	0	0	338338	338338	puesto	664
D-con-grande-sonda	88	con	sinc	80	4	4	0	320	320	295	25	25	0	cola	295	0	0	0	0	4	2	59951	336288	337153	no pedido	671
E-con-asincrona	88	con	asinc	80	4	4	0	320	320	320	0	0	0	-	320	0	0	0	0	-	-	-	-	-	-	665
F-con-pequena	88	con	sinc	10	4	4	0	40	40	40	0	0	0	-	40	0	0	0	0	-	-	-	-	-	-	452
G-con-rojo-en-la-cola	88	con	sinc	80	4	4	1	320	320	303	17	17	0	cola	306	4	4	1	0	-	-	-	-	-	-	605
H-sin-rojo-en-la-cola	88	sin	sinc	80	4	4	1	320	320	320	0	0	0	-	320	4	4	4	0	-	-	-	-	-	-	713
I-cortado-en-el-40	88	sin	sinc	80	1	4	0	80	40	0	80	40	40	cola	1	0	0	0	0	-	-	-	-	-	-	272
J-con-grande-una-copia	88	con	sinc	80	1	4	0	80	80	80	0	0	0	-	80	0	0	0	0	-	-	-	-	-	-	351
K-sin-grande-sonda	88	sin	sinc	80	4	4	0	320	320	320	0	0	0	-	320	0	0	0	0	4	0	0	336289	336289	no pedido	626
L-con-dosis-relleno-000	88	con	sinc	80	4	4	0	320	320	237	83	83	0	cola	237	0	0	0	0	4	2	49874	97938	98160	no pedido	621
M-con-dosis-relleno-050	88	con	sinc	80	4	4	0	320	320	258	62	62	0	cola	258	0	0	0	0	4	2	53187	117938	118268	no pedido	581
N-con-dosis-relleno-150	88	con	sinc	80	4	4	0	320	320	292	28	28	0	cola	292	0	0	0	0	4	2	33621	158338	158771	no pedido	502
O-con-dosis-relleno-300	88	con	sinc	80	4	4	0	320	320	289	31	31	0	cola	289	0	0	0	0	4	3	39078	218338	218921	no pedido	612
Q-con-rojo-en-la-cola-una-copia	88	con	sinc	80	1	4	1	80	80	79	1	1	0	cola	80	1	1	0	0	-	-	-	-	-	-	341
P-con-pequena-sonda	88	con	sinc	10	4	4	0	40	40	40	0	0	0	-	40	0	0	0	0	4	0	0	13645	13645	no pedido	448
A-con-grande	89	con	sinc	80	4	4	0	320	320	299	21	21	0	cola	299	0	0	0	0	-	-	-	-	-	-	653
B-sin-grande	89	sin	sinc	80	4	4	0	320	320	320	0	0	0	-	320	0	0	0	0	-	-	-	-	-	-	649
C-con-grande-bloqueante	89	con	sinc	80	4	4	0	320	320	320	0	0	0	-	320	0	0	0	0	4	0	0	338338	338338	puesto	674
D-con-grande-sonda	89	con	sinc	80	4	4	0	320	320	275	45	45	0	cola	275	0	0	0	0	4	4	54024	314237	337166	no pedido	586
E-con-asincrona	89	con	asinc	80	4	4	0	320	320	320	0	0	0	-	320	0	0	0	0	-	-	-	-	-	-	645
F-con-pequena	89	con	sinc	10	4	4	0	40	40	40	0	0	0	-	40	0	0	0	0	-	-	-	-	-	-	422
G-con-rojo-en-la-cola	89	con	sinc	80	4	4	1	320	320	311	9	9	0	cola	313	4	4	2	0	-	-	-	-	-	-	662
H-sin-rojo-en-la-cola	89	sin	sinc	80	4	4	1	320	320	320	0	0	0	-	320	4	4	4	0	-	-	-	-	-	-	620
I-cortado-en-el-40	89	sin	sinc	80	1	4	0	80	40	0	80	40	40	cola	1	0	0	0	0	-	-	-	-	-	-	217
J-con-grande-una-copia	89	con	sinc	80	1	4	0	80	80	72	8	8	0	cola	72	0	0	0	0	-	-	-	-	-	-	312
K-sin-grande-sonda	89	sin	sinc	80	4	4	0	320	320	320	0	0	0	-	320	0	0	0	0	4	0	0	336289	336289	no pedido	681
L-con-dosis-relleno-000	89	con	sinc	80	4	4	0	320	320	203	117	117	0	cola	203	0	0	0	0	4	3	45966	97938	98205	no pedido	593
M-con-dosis-relleno-050	89	con	sinc	80	4	4	0	320	320	285	35	35	0	cola	285	0	0	0	0	4	2	35274	117938	118255	no pedido	566
N-con-dosis-relleno-150	89	con	sinc	80	4	4	0	320	320	241	79	79	0	cola	241	0	0	0	0	4	3	59335	158338	158756	no pedido	603
O-con-dosis-relleno-300	89	con	sinc	80	4	4	0	320	320	294	26	26	0	cola	294	0	0	0	0	4	2	44008	218338	218908	no pedido	629
Q-con-rojo-en-la-cola-una-copia	89	con	sinc	80	1	4	1	80	80	64	16	16	0	cola	65	1	1	0	0	-	-	-	-	-	-	336
P-con-pequena-sonda	89	con	sinc	10	4	4	0	40	40	40	0	0	0	-	40	0	0	0	0	4	0	0	13645	13645	no pedido	372
A-con-grande	90	con	sinc	80	4	4	0	320	320	293	27	27	0	cola	293	0	0	0	0	-	-	-	-	-	-	612
B-sin-grande	90	sin	sinc	80	4	4	0	320	320	320	0	0	0	-	320	0	0	0	0	-	-	-	-	-	-	692
C-con-grande-bloqueante	90	con	sinc	80	4	4	0	320	320	320	0	0	0	-	320	0	0	0	0	4	0	0	338338	338338	puesto	595
D-con-grande-sonda	90	con	sinc	80	4	4	0	320	320	293	27	27	0	cola	293	0	0	0	0	4	4	54024	328524	337166	no pedido	630
E-con-asincrona	90	con	asinc	80	4	4	0	320	320	312	8	8	0	cola	312	0	0	0	0	-	-	-	-	-	-	632
F-con-pequena	90	con	sinc	10	4	4	0	40	40	40	0	0	0	-	40	0	0	0	0	-	-	-	-	-	-	422
G-con-rojo-en-la-cola	90	con	sinc	80	4	4	1	320	320	302	18	18	0	cola	305	4	4	1	0	-	-	-	-	-	-	647
H-sin-rojo-en-la-cola	90	sin	sinc	80	4	4	1	320	320	320	0	0	0	-	320	4	4	4	0	-	-	-	-	-	-	639
I-cortado-en-el-40	90	sin	sinc	80	1	4	0	80	40	0	80	40	40	cola	1	0	0	0	0	-	-	-	-	-	-	270
J-con-grande-una-copia	90	con	sinc	80	1	4	0	80	80	63	17	17	0	cola	63	0	0	0	0	-	-	-	-	-	-	340
K-sin-grande-sonda	90	sin	sinc	80	4	4	0	320	320	320	0	0	0	-	320	0	0	0	0	4	0	0	336289	336289	no pedido	640
L-con-dosis-relleno-000	90	con	sinc	80	4	4	0	320	320	227	93	93	0	cola	227	0	0	0	0	4	2	58667	97938	98218	no pedido	613
M-con-dosis-relleno-050	90	con	sinc	80	4	4	0	320	320	320	0	0	0	-	320	0	0	0	0	4	1	1741	117938	118122	no pedido	660
N-con-dosis-relleno-150	90	con	sinc	80	4	4	0	320	320	266	54	54	0	cola	266	0	0	0	0	4	3	34039	158338	158756	no pedido	601
O-con-dosis-relleno-300	90	con	sinc	80	4	4	0	320	320	246	74	74	0	cola	246	0	0	0	0	4	3	60888	218338	218919	no pedido	641
Q-con-rojo-en-la-cola-una-copia	90	con	sinc	80	1	4	1	80	80	69	11	11	0	cola	70	1	1	0	0	-	-	-	-	-	-	369
P-con-pequena-sonda	90	con	sinc	10	4	4	0	40	40	40	0	0	0	-	40	0	0	0	0	4	0	0	13645	13645	no pedido	418
A-con-grande	91	con	sinc	80	4	4	0	320	320	264	56	56	0	cola	264	0	0	0	0	-	-	-	-	-	-	576
B-sin-grande	91	sin	sinc	80	4	4	0	320	320	320	0	0	0	-	320	0	0	0	0	-	-	-	-	-	-	712
C-con-grande-bloqueante	91	con	sinc	80	4	4	0	320	320	320	0	0	0	-	320	0	0	0	0	4	0	0	338338	338338	puesto	568
D-con-grande-sonda	91	con	sinc	80	4	4	0	320	320	306	14	14	0	cola	306	0	0	0	0	4	2	46485	336288	337153	no pedido	627
E-con-asincrona	91	con	asinc	80	4	4	0	320	320	315	5	5	0	cola	315	0	0	0	0	-	-	-	-	-	-	622
F-con-pequena	91	con	sinc	10	4	4	0	40	40	40	0	0	0	-	40	0	0	0	0	-	-	-	-	-	-	440
G-con-rojo-en-la-cola	91	con	sinc	80	4	4	1	320	320	306	14	14	0	cola	308	4	4	2	0	-	-	-	-	-	-	605
H-sin-rojo-en-la-cola	91	sin	sinc	80	4	4	1	320	320	320	0	0	0	-	320	4	4	4	0	-	-	-	-	-	-	642
I-cortado-en-el-40	91	sin	sinc	80	1	4	0	80	40	0	80	40	40	cola	1	0	0	0	0	-	-	-	-	-	-	271
J-con-grande-una-copia	91	con	sinc	80	1	4	0	80	80	63	17	17	0	cola	63	0	0	0	0	-	-	-	-	-	-	363
K-sin-grande-sonda	91	sin	sinc	80	4	4	0	320	320	320	0	0	0	-	320	0	0	0	0	4	0	0	336289	336289	no pedido	675
L-con-dosis-relleno-000	91	con	sinc	80	4	4	0	320	320	207	113	113	0	cola	207	0	0	0	0	4	3	63050	97938	98220	no pedido	545
M-con-dosis-relleno-050	91	con	sinc	80	4	4	0	320	320	211	109	109	0	cola	211	0	0	0	0	4	3	61168	117937	118268	no pedido	512
N-con-dosis-relleno-150	91	con	sinc	80	4	4	0	320	320	287	33	33	0	cola	287	0	0	0	0	4	1	53370	158338	158697	no pedido	563
O-con-dosis-relleno-300	91	con	sinc	80	4	4	0	320	320	292	28	28	0	cola	292	0	0	0	0	4	2	46189	218338	218906	no pedido	662
Q-con-rojo-en-la-cola-una-copia	91	con	sinc	80	1	4	1	80	80	73	7	7	0	cola	74	1	1	0	0	-	-	-	-	-	-	352
P-con-pequena-sonda	91	con	sinc	10	4	4	0	40	40	40	0	0	0	-	40	0	0	0	0	4	0	0	13645	13645	no pedido	461
A-con-grande	92	con	sinc	80	4	4	0	320	320	301	19	19	0	cola	301	0	0	0	0	-	-	-	-	-	-	658
B-sin-grande	92	sin	sinc	80	4	4	0	320	320	320	0	0	0	-	320	0	0	0	0	-	-	-	-	-	-	606
C-con-grande-bloqueante	92	con	sinc	80	4	4	0	320	320	320	0	0	0	-	320	0	0	0	0	4	0	0	338338	338338	puesto	645
D-con-grande-sonda	92	con	sinc	80	4	4	0	320	320	294	26	26	0	cola	294	0	0	0	0	4	3	59088	336288	337152	no pedido	630
E-con-asincrona	92	con	asinc	80	4	4	0	320	320	320	0	0	0	-	320	0	0	0	0	-	-	-	-	-	-	547
F-con-pequena	92	con	sinc	10	4	4	0	40	40	40	0	0	0	-	40	0	0	0	0	-	-	-	-	-	-	418
G-con-rojo-en-la-cola	92	con	sinc	80	4	4	1	320	320	290	30	30	0	cola	293	4	4	1	0	-	-	-	-	-	-	642
H-sin-rojo-en-la-cola	92	sin	sinc	80	4	4	1	320	320	320	0	0	0	-	320	4	4	4	0	-	-	-	-	-	-	677
I-cortado-en-el-40	92	sin	sinc	80	1	4	0	80	40	0	80	40	40	cola	1	0	0	0	0	-	-	-	-	-	-	270
J-con-grande-una-copia	92	con	sinc	80	1	4	0	80	80	68	12	12	0	cola	68	0	0	0	0	-	-	-	-	-	-	336
K-sin-grande-sonda	92	sin	sinc	80	4	4	0	320	320	320	0	0	0	-	320	0	0	0	0	4	0	0	336289	336289	no pedido	674
L-con-dosis-relleno-000	92	con	sinc	80	4	4	0	320	320	257	63	63	0	cola	257	0	0	0	0	4	1	63049	97938	98145	no pedido	615
M-con-dosis-relleno-050	92	con	sinc	80	4	4	0	320	320	294	26	26	0	cola	294	0	0	0	0	4	2	24938	117938	118270	no pedido	505
N-con-dosis-relleno-150	92	con	sinc	80	4	4	0	320	320	253	67	67	0	cola	253	0	0	0	0	4	3	40363	158338	158756	no pedido	633
O-con-dosis-relleno-300	92	con	sinc	80	4	4	0	320	320	274	46	46	0	cola	274	0	0	0	0	4	3	59784	218338	218908	no pedido	616
Q-con-rojo-en-la-cola-una-copia	92	con	sinc	80	1	4	1	80	80	77	3	3	0	cola	78	1	1	0	0	-	-	-	-	-	-	349
P-con-pequena-sonda	92	con	sinc	10	4	4	0	40	40	40	0	0	0	-	40	0	0	0	0	4	0	0	13645	13645	no pedido	451
A-con-grande	93	con	sinc	80	4	4	0	320	320	294	26	26	0	cola	294	0	0	0	0	-	-	-	-	-	-	551
B-sin-grande	93	sin	sinc	80	4	4	0	320	320	320	0	0	0	-	320	0	0	0	0	-	-	-	-	-	-	689
C-con-grande-bloqueante	93	con	sinc	80	4	4	0	320	320	320	0	0	0	-	320	0	0	0	0	4	0	0	338338	338338	puesto	682
D-con-grande-sonda	93	con	sinc	80	4	4	0	320	320	317	3	3	0	cola	317	0	0	0	0	4	1	9448	336288	337153	no pedido	633
E-con-asincrona	93	con	asinc	80	4	4	0	320	320	318	2	2	0	cola	318	0	0	0	0	-	-	-	-	-	-	550
F-con-pequena	93	con	sinc	10	4	4	0	40	40	40	0	0	0	-	40	0	0	0	0	-	-	-	-	-	-	386
G-con-rojo-en-la-cola	93	con	sinc	80	4	4	1	320	320	299	21	21	0	cola	302	4	4	1	0	-	-	-	-	-	-	642
H-sin-rojo-en-la-cola	93	sin	sinc	80	4	4	1	320	320	320	0	0	0	-	320	4	4	4	0	-	-	-	-	-	-	707
I-cortado-en-el-40	93	sin	sinc	80	1	4	0	80	40	0	80	40	40	cola	1	0	0	0	0	-	-	-	-	-	-	287
J-con-grande-una-copia	93	con	sinc	80	1	4	0	80	80	80	0	0	0	-	80	0	0	0	0	-	-	-	-	-	-	335
K-sin-grande-sonda	93	sin	sinc	80	4	4	0	320	320	320	0	0	0	-	320	0	0	0	0	4	0	0	336289	336289	no pedido	667
L-con-dosis-relleno-000	93	con	sinc	80	4	4	0	320	320	223	97	97	0	cola	223	0	0	0	0	4	2	52303	97938	98218	no pedido	618
M-con-dosis-relleno-050	93	con	sinc	80	4	4	0	320	320	314	6	6	0	cola	314	0	0	0	0	4	1	8997	117938	118211	no pedido	643
N-con-dosis-relleno-150	93	con	sinc	80	4	4	0	320	320	247	73	73	0	cola	247	0	0	0	0	4	3	58917	158338	158771	no pedido	627
O-con-dosis-relleno-300	93	con	sinc	80	4	4	0	320	320	258	62	62	0	cola	258	0	0	0	0	4	3	60888	218338	218906	no pedido	675
Q-con-rojo-en-la-cola-una-copia	93	con	sinc	80	1	4	1	80	80	63	17	17	0	cola	64	1	1	0	0	-	-	-	-	-	-	371
P-con-pequena-sonda	93	con	sinc	10	4	4	0	40	40	40	0	0	0	-	40	0	0	0	0	4	0	0	13645	13645	no pedido	452
A-con-grande	94	con	sinc	80	4	4	0	320	320	282	38	38	0	cola	282	0	0	0	0	-	-	-	-	-	-	671
B-sin-grande	94	sin	sinc	80	4	4	0	320	320	320	0	0	0	-	320	0	0	0	0	-	-	-	-	-	-	689
C-con-grande-bloqueante	94	con	sinc	80	4	4	0	320	320	320	0	0	0	-	320	0	0	0	0	4	0	0	338338	338338	puesto	667
D-con-grande-sonda	94	con	sinc	80	4	4	0	320	320	311	9	9	0	cola	311	0	0	0	0	4	3	14498	336288	337166	no pedido	649
E-con-asincrona	94	con	asinc	80	4	4	0	320	320	308	12	12	0	cola	308	0	0	0	0	-	-	-	-	-	-	661
F-con-pequena	94	con	sinc	10	4	4	0	40	40	40	0	0	0	-	40	0	0	0	0	-	-	-	-	-	-	345
G-con-rojo-en-la-cola	94	con	sinc	80	4	4	1	320	320	305	15	15	0	cola	307	4	4	2	0	-	-	-	-	-	-	661
H-sin-rojo-en-la-cola	94	sin	sinc	80	4	4	1	320	320	320	0	0	0	-	320	4	4	4	0	-	-	-	-	-	-	680
I-cortado-en-el-40	94	sin	sinc	80	1	4	0	80	40	0	80	40	40	cola	1	0	0	0	0	-	-	-	-	-	-	277
J-con-grande-una-copia	94	con	sinc	80	1	4	0	80	80	80	0	0	0	-	80	0	0	0	0	-	-	-	-	-	-	268
K-sin-grande-sonda	94	sin	sinc	80	4	4	0	320	320	320	0	0	0	-	320	0	0	0	0	4	0	0	336289	336289	no pedido	668
L-con-dosis-relleno-000	94	con	sinc	80	4	4	0	320	320	285	35	35	0	cola	285	0	0	0	0	4	1	35974	97938	98218	no pedido	660
M-con-dosis-relleno-050	94	con	sinc	80	4	4	0	320	320	279	41	41	0	cola	279	0	0	0	0	4	3	36134	117938	118270	no pedido	576
N-con-dosis-relleno-150	94	con	sinc	80	4	4	0	320	320	312	8	8	0	cola	312	0	0	0	0	4	1	14221	158338	158771	no pedido	621
O-con-dosis-relleno-300	94	con	sinc	80	4	4	0	320	320	273	47	47	0	cola	273	0	0	0	0	4	2	63637	218338	218919	no pedido	562
Q-con-rojo-en-la-cola-una-copia	94	con	sinc	80	1	4	1	80	80	80	0	0	0	-	80	1	1	1	0	-	-	-	-	-	-	339
P-con-pequena-sonda	94	con	sinc	10	4	4	0	40	40	40	0	0	0	-	40	0	0	0	0	4	0	0	13645	13645	no pedido	459
A-con-grande	95	con	sinc	80	4	4	0	320	320	305	15	15	0	cola	305	0	0	0	0	-	-	-	-	-	-	657
B-sin-grande	95	sin	sinc	80	4	4	0	320	320	320	0	0	0	-	320	0	0	0	0	-	-	-	-	-	-	543
C-con-grande-bloqueante	95	con	sinc	80	4	4	0	320	320	320	0	0	0	-	320	0	0	0	0	4	0	0	338338	338338	puesto	508
D-con-grande-sonda	95	con	sinc	80	4	4	0	320	320	311	9	9	0	cola	311	0	0	0	0	4	4	13620	334439	337166	no pedido	666
E-con-asincrona	95	con	asinc	80	4	4	0	320	320	320	0	0	0	-	320	0	0	0	0	-	-	-	-	-	-	607
F-con-pequena	95	con	sinc	10	4	4	0	40	40	40	0	0	0	-	40	0	0	0	0	-	-	-	-	-	-	331
G-con-rojo-en-la-cola	95	con	sinc	80	4	4	1	320	320	304	16	16	0	cola	307	4	4	1	0	-	-	-	-	-	-	675
H-sin-rojo-en-la-cola	95	sin	sinc	80	4	4	1	320	320	320	0	0	0	-	320	4	4	4	0	-	-	-	-	-	-	585
I-cortado-en-el-40	95	sin	sinc	80	1	4	0	80	40	0	80	40	40	cola	1	0	0	0	0	-	-	-	-	-	-	267
J-con-grande-una-copia	95	con	sinc	80	1	4	0	80	80	78	2	2	0	cola	78	0	0	0	0	-	-	-	-	-	-	364
K-sin-grande-sonda	95	sin	sinc	80	4	4	0	320	320	320	0	0	0	-	320	0	0	0	0	4	0	0	336289	336289	no pedido	640
L-con-dosis-relleno-000	95	con	sinc	80	4	4	0	320	320	201	119	119	0	cola	201	0	0	0	0	4	4	51118	88680	98220	no pedido	548
M-con-dosis-relleno-050	95	con	sinc	80	4	4	0	320	320	318	2	2	0	cola	318	0	0	0	0	4	1	3992	117938	118270	no pedido	588
N-con-dosis-relleno-150	95	con	sinc	80	4	4	0	320	320	284	36	36	0	cola	284	0	0	0	0	4	2	42303	158338	158771	no pedido	661
O-con-dosis-relleno-300	95	con	sinc	80	4	4	0	320	320	274	46	46	0	cola	274	0	0	0	0	4	2	59784	218338	218919	no pedido	651
Q-con-rojo-en-la-cola-una-copia	95	con	sinc	80	1	4	1	80	80	72	8	8	0	cola	73	1	1	0	0	-	-	-	-	-	-	349
P-con-pequena-sonda	95	con	sinc	10	4	4	0	40	40	40	0	0	0	-	40	0	0	0	0	4	0	0	13645	13645	no pedido	382
A-con-grande	96	con	sinc	80	4	4	0	320	320	301	19	19	0	cola	301	0	0	0	0	-	-	-	-	-	-	570
B-sin-grande	96	sin	sinc	80	4	4	0	320	320	320	0	0	0	-	320	0	0	0	0	-	-	-	-	-	-	616
C-con-grande-bloqueante	96	con	sinc	80	4	4	0	320	320	320	0	0	0	-	320	0	0	0	0	4	0	0	338338	338338	puesto	530
D-con-grande-sonda	96	con	sinc	80	4	4	0	320	320	286	34	34	0	cola	286	0	0	0	0	4	3	57391	336288	337153	no pedido	634
E-con-asincrona	96	con	asinc	80	4	4	0	320	320	320	0	0	0	-	320	0	0	0	0	-	-	-	-	-	-	626
F-con-pequena	96	con	sinc	10	4	4	0	40	40	40	0	0	0	-	40	0	0	0	0	-	-	-	-	-	-	379
G-con-rojo-en-la-cola	96	con	sinc	80	4	4	1	320	320	288	32	32	0	cola	292	4	4	0	0	-	-	-	-	-	-	576
H-sin-rojo-en-la-cola	96	sin	sinc	80	4	4	1	320	320	320	0	0	0	-	320	4	4	4	0	-	-	-	-	-	-	646
I-cortado-en-el-40	96	sin	sinc	80	1	4	0	80	40	0	80	40	40	cola	1	0	0	0	0	-	-	-	-	-	-	179
J-con-grande-una-copia	96	con	sinc	80	1	4	0	80	80	66	14	14	0	cola	66	0	0	0	0	-	-	-	-	-	-	326
K-sin-grande-sonda	96	sin	sinc	80	4	4	0	320	320	320	0	0	0	-	320	0	0	0	0	4	0	0	336289	336289	no pedido	692
L-con-dosis-relleno-000	96	con	sinc	80	4	4	0	320	320	258	62	62	0	cola	258	0	0	0	0	4	1	62073	97938	98146	no pedido	583
M-con-dosis-relleno-050	96	con	sinc	80	4	4	0	320	320	234	86	86	0	cola	234	0	0	0	0	4	3	59402	117938	118270	no pedido	618
N-con-dosis-relleno-150	96	con	sinc	80	4	4	0	320	320	252	68	68	0	cola	252	0	0	0	0	4	3	62855	158338	158758	no pedido	618
O-con-dosis-relleno-300	96	con	sinc	80	4	4	0	320	320	293	27	27	0	cola	293	0	0	0	0	4	2	44008	218338	218921	no pedido	658
Q-con-rojo-en-la-cola-una-copia	96	con	sinc	80	1	4	1	80	80	79	1	1	0	cola	80	1	1	0	0	-	-	-	-	-	-	348
P-con-pequena-sonda	96	con	sinc	10	4	4	0	40	40	40	0	0	0	-	40	0	0	0	0	4	0	0	13645	13645	no pedido	359
A-con-grande	97	con	sinc	80	4	4	0	320	320	277	43	43	0	cola	277	0	0	0	0	-	-	-	-	-	-	594
B-sin-grande	97	sin	sinc	80	4	4	0	320	320	320	0	0	0	-	320	0	0	0	0	-	-	-	-	-	-	606
C-con-grande-bloqueante	97	con	sinc	80	4	4	0	320	320	320	0	0	0	-	320	0	0	0	0	4	0	0	338338	338338	puesto	620
D-con-grande-sonda	97	con	sinc	80	4	4	0	320	320	297	23	23	0	cola	297	0	0	0	0	4	2	58269	336288	337166	no pedido	645
E-con-asincrona	97	con	asinc	80	4	4	0	320	320	320	0	0	0	-	320	0	0	0	0	-	-	-	-	-	-	558
F-con-pequena	97	con	sinc	10	4	4	0	40	40	40	0	0	0	-	40	0	0	0	0	-	-	-	-	-	-	384
G-con-rojo-en-la-cola	97	con	sinc	80	4	4	1	320	320	310	10	10	0	cola	312	4	4	2	0	-	-	-	-	-	-	647
H-sin-rojo-en-la-cola	97	sin	sinc	80	4	4	1	320	320	320	0	0	0	-	320	4	4	4	0	-	-	-	-	-	-	688
I-cortado-en-el-40	97	sin	sinc	80	1	4	0	80	40	0	80	40	40	cola	1	0	0	0	0	-	-	-	-	-	-	267
J-con-grande-una-copia	97	con	sinc	80	1	4	0	80	80	76	4	4	0	cola	76	0	0	0	0	-	-	-	-	-	-	351
K-sin-grande-sonda	97	sin	sinc	80	4	4	0	320	320	320	0	0	0	-	320	0	0	0	0	4	0	0	336289	336289	no pedido	656
L-con-dosis-relleno-000	97	con	sinc	80	4	4	0	320	320	227	93	93	0	cola	227	0	0	0	0	4	2	50141	97938	98205	no pedido	531
M-con-dosis-relleno-050	97	con	sinc	80	4	4	0	320	320	311	9	9	0	cola	311	0	0	0	0	4	2	7814	117938	118270	no pedido	519
N-con-dosis-relleno-150	97	con	sinc	80	4	4	0	320	320	278	42	42	0	cola	278	0	0	0	0	4	2	34039	158338	158756	no pedido	551
O-con-dosis-relleno-300	97	con	sinc	80	4	4	0	320	320	258	62	62	0	cola	258	0	0	0	0	4	3	58707	218338	218906	no pedido	658
Q-con-rojo-en-la-cola-una-copia	97	con	sinc	80	1	4	1	80	80	70	10	10	0	cola	71	1	1	0	0	-	-	-	-	-	-	362
P-con-pequena-sonda	97	con	sinc	10	4	4	0	40	40	40	0	0	0	-	40	0	0	0	0	4	0	0	13645	13645	no pedido	464
A-con-grande	98	con	sinc	80	4	4	0	320	320	299	21	21	0	cola	299	0	0	0	0	-	-	-	-	-	-	532
B-sin-grande	98	sin	sinc	80	4	4	0	320	320	320	0	0	0	-	320	0	0	0	0	-	-	-	-	-	-	679
C-con-grande-bloqueante	98	con	sinc	80	4	4	0	320	320	320	0	0	0	-	320	0	0	0	0	4	0	0	338338	338338	puesto	552
D-con-grande-sonda	98	con	sinc	80	4	4	0	320	320	310	10	10	0	cola	310	0	0	0	0	4	2	26283	336288	337153	no pedido	612
E-con-asincrona	98	con	asinc	80	4	4	0	320	320	320	0	0	0	-	320	0	0	0	0	-	-	-	-	-	-	686
F-con-pequena	98	con	sinc	10	4	4	0	40	40	40	0	0	0	-	40	0	0	0	0	-	-	-	-	-	-	424
G-con-rojo-en-la-cola	98	con	sinc	80	4	4	1	320	320	303	17	17	0	cola	306	4	4	1	0	-	-	-	-	-	-	645
H-sin-rojo-en-la-cola	98	sin	sinc	80	4	4	1	320	320	320	0	0	0	-	320	4	4	4	0	-	-	-	-	-	-	618
I-cortado-en-el-40	98	sin	sinc	80	1	4	0	80	40	0	80	40	40	cola	1	0	0	0	0	-	-	-	-	-	-	268
J-con-grande-una-copia	98	con	sinc	80	1	4	0	80	80	80	0	0	0	-	80	0	0	0	0	-	-	-	-	-	-	299
K-sin-grande-sonda	98	sin	sinc	80	4	4	0	320	320	320	0	0	0	-	320	0	0	0	0	4	0	0	336289	336289	no pedido	619
L-con-dosis-relleno-000	98	con	sinc	80	4	4	0	320	320	214	106	106	0	cola	214	0	0	0	0	4	2	57188	97938	98159	no pedido	568
M-con-dosis-relleno-050	98	con	sinc	80	4	4	0	320	320	266	54	54	0	cola	266	0	0	0	0	4	2	58225	117938	118268	no pedido	620
N-con-dosis-relleno-150	98	con	sinc	80	4	4	0	320	320	293	27	27	0	cola	293	0	0	0	0	4	2	26124	158338	158758	no pedido	594
O-con-dosis-relleno-300	98	con	sinc	80	4	4	0	320	320	293	27	27	0	cola	293	0	0	0	0	4	1	59784	218338	218847	no pedido	660
Q-con-rojo-en-la-cola-una-copia	98	con	sinc	80	1	4	1	80	80	71	9	9	0	cola	72	1	1	0	0	-	-	-	-	-	-	353
P-con-pequena-sonda	98	con	sinc	10	4	4	0	40	40	40	0	0	0	-	40	0	0	0	0	4	0	0	13645	13645	no pedido	428
A-con-grande	99	con	sinc	80	4	4	0	320	320	314	6	6	0	cola	314	0	0	0	0	-	-	-	-	-	-	635
B-sin-grande	99	sin	sinc	80	4	4	0	320	320	320	0	0	0	-	320	0	0	0	0	-	-	-	-	-	-	615
C-con-grande-bloqueante	99	con	sinc	80	4	4	0	320	320	320	0	0	0	-	320	0	0	0	0	4	0	0	338338	338338	puesto	625
D-con-grande-sonda	99	con	sinc	80	4	4	0	320	320	300	20	20	0	cola	300	0	0	0	0	4	3	43923	336288	337153	no pedido	605
E-con-asincrona	99	con	asinc	80	4	4	0	320	320	320	0	0	0	-	320	0	0	0	0	-	-	-	-	-	-	656
F-con-pequena	99	con	sinc	10	4	4	0	40	40	40	0	0	0	-	40	0	0	0	0	-	-	-	-	-	-	443
G-con-rojo-en-la-cola	99	con	sinc	80	4	4	1	320	320	306	14	14	0	cola	308	4	4	2	0	-	-	-	-	-	-	678
H-sin-rojo-en-la-cola	99	sin	sinc	80	4	4	1	320	320	320	0	0	0	-	320	4	4	4	0	-	-	-	-	-	-	625
I-cortado-en-el-40	99	sin	sinc	80	1	4	0	80	40	0	80	40	40	cola	1	0	0	0	0	-	-	-	-	-	-	272
J-con-grande-una-copia	99	con	sinc	80	1	4	0	80	80	70	10	10	0	cola	70	0	0	0	0	-	-	-	-	-	-	390
K-sin-grande-sonda	99	sin	sinc	80	4	4	0	320	320	320	0	0	0	-	320	0	0	0	0	4	0	0	336289	336289	no pedido	668
L-con-dosis-relleno-000	99	con	sinc	80	4	4	0	320	320	295	25	25	0	cola	295	0	0	0	0	4	2	14173	97938	98147	no pedido	518
M-con-dosis-relleno-050	99	con	sinc	80	4	4	0	320	320	271	49	49	0	cola	271	0	0	0	0	4	1	59674	117938	118210	no pedido	628
N-con-dosis-relleno-150	99	con	sinc	80	4	4	0	320	320	283	37	37	0	cola	283	0	0	0	0	4	2	34039	158338	158756	no pedido	691
O-con-dosis-relleno-300	99	con	sinc	80	4	4	0	320	320	294	26	26	0	cola	294	0	0	0	0	4	1	58184	218338	218919	no pedido	618
Q-con-rojo-en-la-cola-una-copia	99	con	sinc	80	1	4	1	80	80	67	13	13	0	cola	68	1	1	0	0	-	-	-	-	-	-	358
P-con-pequena-sonda	99	con	sinc	10	4	4	0	40	40	40	0	0	0	-	40	0	0	0	0	4	0	0	13645	13645	no pedido	446
A-con-grande	100	con	sinc	80	4	4	0	320	320	295	25	25	0	cola	295	0	0	0	0	-	-	-	-	-	-	479
B-sin-grande	100	sin	sinc	80	4	4	0	320	320	320	0	0	0	-	320	0	0	0	0	-	-	-	-	-	-	595
C-con-grande-bloqueante	100	con	sinc	80	4	4	0	320	320	320	0	0	0	-	320	0	0	0	0	4	0	0	338338	338338	puesto	660
D-con-grande-sonda	100	con	sinc	80	4	4	0	320	320	318	2	2	0	cola	318	0	0	0	0	4	2	6080	336288	337152	no pedido	624
E-con-asincrona	100	con	asinc	80	4	4	0	320	320	305	15	15	0	cola	305	0	0	0	0	-	-	-	-	-	-	674
F-con-pequena	100	con	sinc	10	4	4	0	40	40	40	0	0	0	-	40	0	0	0	0	-	-	-	-	-	-	494
G-con-rojo-en-la-cola	100	con	sinc	80	4	4	1	320	320	302	18	18	0	cola	305	4	4	1	0	-	-	-	-	-	-	637
H-sin-rojo-en-la-cola	100	sin	sinc	80	4	4	1	320	320	320	0	0	0	-	320	4	4	4	0	-	-	-	-	-	-	688
I-cortado-en-el-40	100	sin	sinc	80	1	4	0	80	40	0	80	40	40	cola	1	0	0	0	0	-	-	-	-	-	-	282
J-con-grande-una-copia	100	con	sinc	80	1	4	0	80	80	68	12	12	0	cola	68	0	0	0	0	-	-	-	-	-	-	344
K-sin-grande-sonda	100	sin	sinc	80	4	4	0	320	320	320	0	0	0	-	320	0	0	0	0	4	0	0	336289	336289	no pedido	503
L-con-dosis-relleno-000	100	con	sinc	80	4	4	0	320	320	312	8	8	0	cola	312	0	0	0	0	4	1	9540	97938	98220	no pedido	616
M-con-dosis-relleno-050	100	con	sinc	80	4	4	0	320	320	314	6	6	0	cola	314	0	0	0	0	4	1	8997	117938	118211	no pedido	638
N-con-dosis-relleno-150	100	con	sinc	80	4	4	0	320	320	264	56	56	0	cola	264	0	0	0	0	4	2	62856	158338	158771	no pedido	625
O-con-dosis-relleno-300	100	con	sinc	80	4	4	0	320	320	276	44	44	0	cola	276	0	0	0	0	4	3	53822	218338	218919	no pedido	625
Q-con-rojo-en-la-cola-una-copia	100	con	sinc	80	1	4	1	80	80	80	0	0	0	-	80	1	1	1	0	-	-	-	-	-	-	363
P-con-pequena-sonda	100	con	sinc	10	4	4	0	40	40	40	0	0	0	-	40	0	0	0	0	4	0	0	13645	13645	no pedido	442
