brazo	fichero	filas	escritos_mediana	total_mediana	ms_mediana	veces_con_pendientes	pendientes_max	codigos	vivos_al_salir
con-bloqueante	zz1405-rojo-en-la-cola.test.mjs	12	352492	352492	65	0	0	1×12	
con-bloqueante	zz1405-copia-de-vigia-atascados.test.mjs	12	120065	120065	57	0	0	1×12	
con-bloqueante	vigia-atascados.test.mjs	12	109622	109622	57	0	0	0×12	
con-bloqueante	zz1405-copia-de-scrum834-puerta-avisador-rojo.test.mjs	12	107093	107093	64	0	0	1×12	
con-bloqueante	zz1405-copia-de-scrum524b-trinquete-de-la-tabla.test.mjs	12	98116	98116	3066	0	0	1×12	
con-bloqueante	scrum834-puerta-avisador-rojo.test.mjs	12	97367	97367	76	0	0	0×12	
con-bloqueante	scrum524b-trinquete-de-la-tabla.test.mjs	12	89326	89326	4009	0	0	0×12	
con-bloqueante	scrum1262-la-baja-corta-todas-las-vias.test.mjs	12	75116	75116	852	0	0	0×12	
con-bloqueante	scrum454-destructivo-sin-comprobacion.test.mjs	12	73775	73775	128	0	0	0×12	
con-bloqueante	scrum1350-latido.test.mjs	12	71655	71655	63	0	0	0×12	
con-bloqueante	scrum853-avisador-solo-obligatorio.test.mjs	12	66951	66951	82	0	0	0×12	
con-bloqueante	scrum1323-resumen-vs-detalle-sif1.test.mjs	12	66159	66159	117	0	0	0×12	
con-bloqueante	scrum667-marcador-visible.test.mjs	12	66076	66076	2800	0	0	0×12	FSReqCallback×2
con-bloqueante	scrum1344-arnes-de-prueba-con-rol.test.mjs	12	62589	62589	3636	0	0	0×12	FSReqPromise×1
con-bloqueante	scrum888g-senal-en-la-firma.test.mjs	12	58938	58938	615	0	0	0×12	FSReqPromise×1
con-bloqueante	scrum984-del-presupuesto-al-albaran.test.mjs	12	55315	55315	1384	0	0	0×12	
con-bloqueante	scrum813-trinquete-de-zona.test.mjs	12	54943	54943	623	0	0	0×12	
con-bloqueante	scrum811c-skill-ui-declarada.test.mjs	12	53969	53969	2035	0	0	0×12	
con-bloqueante	scrum312-importador-clientes.test.mjs	12	53408	53408	123	0	0	0×12	FSReqPromise×1
con-bloqueante	scrum595-etiquetas-del-documento.test.mjs	12	51107	51107	161	0	0	0×12	FSReqPromise×1
con-bloqueante	scrum411-exports-inalcanzables.test.mjs	12	50310	50310	10537	0	0	0×12	
con-bloqueante	scrum931-un-solo-importe-de-plantilla.test.mjs	12	49956	49956	458	0	0	0×12	
con-bloqueante	scrum812-el-rotulo-declara-su-poblacion.test.mjs	12	48336	48336	1633	0	0	1×12	
con-bloqueante	scrum1038-leer-el-ticket-gasto.test.mjs	12	48198	48198	768	0	0	0×12	
con-bloqueante	scrum586-forma-de-pago-por-cliente.test.mjs	12	47529	47529	1125	0	0	0×12	Timeout×3
con-bloqueante	scrum522-guards-fuera-de-la-tanda.test.mjs	12	47280	47280	262	0	0	0×12	
con-bloqueante	scrum713-buscar-al-cliente-donde-ya-se-busca.test.mjs	12	47001	47001	1558	0	0	0×12	FSReqPromise×1
con-bloqueante	scrum237-negacion-respaldada.test.mjs	12	46479	46479	2567	0	0	0×12	
con-bloqueante	scrum1127-sif-client.test.mjs	12	46114	46114	1398	0	0	0×12	SimpleShutdownWrap×1 TCPServerWrap×25 TCPSocketWrap×2
con-bloqueante	scrum1152-generador-ancla.test.mjs	12	45170	45170	1755	0	0	0×12	
con-bloqueante	scrum1093h-censo-fecha-sin-zona.test.mjs	12	45055	45055	5525	0	0	0×12	
con-bloqueante	scrum580-tags-por-contacto.test.mjs	12	43627	43627	99	0	0	0×12	
con-bloqueante	scrum651-trabajo-sin-presupuesto.test.mjs	12	43250	43250	1681	0	0	0×12	FSReqPromise×1 CloseReq×1
con-bloqueante	scrum1326-vale-pregunta-una-vez.test.mjs	12	42918	42918	3512	0	0	0×12	TCPServerWrap×1
con-bloqueante	scrum176-guard-mensaje.test.mjs	12	42789	42789	124	0	0	0×12	
con-bloqueante	scrum1372-auditoria-cierres.test.mjs	12	42701	42701	290	0	0	0×12	
con-bloqueante	scrum1109-aviso-programado-acreditacion-invoicing-es.test.mjs	12	42357	42357	455	0	0	0×12	
con-bloqueante	scrum754-el-juez-que-oscila.test.mjs	12	42195	42195	3015	0	0	0×12	
con-bloqueante	scrum915j-cliente-por-botones.test.mjs	12	41904	41904	1011	0	0	0×12	Timeout×10
con-bloqueante	scrum996-suelo-de-arranque.test.mjs	12	41590	41590	1854	0	0	0×12	
con-bloqueante	scrum602-direccion-obra.test.mjs	12	41342	41342	1253	0	0	0×12	FSReqCallback×2
con-bloqueante	scrum1304-un-cobro-una-factura.test.mjs	12	41274	41274	1751	0	0	0×12	
con-bloqueante	scrum628-cobertura-visual-del-dashboard.test.mjs	12	41237	41237	1416	0	0	0×12	
con-bloqueante	scrum951a-equipo-configurable.test.mjs	12	41192	41192	2605	0	0	0×12	
con-bloqueante	scrum286-bloques-orden.test.mjs	12	40605	40605	1270	0	0	0×12	
con-bloqueante	scrum285-pantalla-cobros.test.mjs	12	40591	40591	952	0	0	0×12	
con-bloqueante	scrum587-descuento-por-defecto.test.mjs	12	40442	40442	734	0	0	0×12	Timeout×1
con-bloqueante	scrum859-identidad-y-motivo-cerrado.test.mjs	12	40326	40326	891	0	0	0×12	
con-bloqueante	scrum222-deriva-arranque.test.mjs	12	40244	40244	398	0	0	0×12	
con-bloqueante	scrum161-evidencia-tanda.test.mjs	12	39998	39998	55	0	0	0×12	
con-bloqueante	scrum912-leer-ticket-gasto.test.mjs	12	39910	39910	305	0	0	0×12	TCPServerWrap×1 TCPSocketWrap×2 Immediate×1
con-bloqueante	scrum369-verificador-sello.test.mjs	12	39701	39701	614	0	0	0×12	FSReqPromise×1
con-bloqueante	scrum824-temporales-fuera-del-arbol.test.mjs	12	39672	39672	2532	0	0	1×12	
con-bloqueante	scrum481-metodo-en-castellano.test.mjs	12	39656	39656	596	0	0	0×12	
con-bloqueante	scrum1293-cargador-de-marcadores.test.mjs	12	39412	39412	44	0	0	0×12	
con-bloqueante	scrum676-hojas-del-indice.test.mjs	12	38502	38502	2184	0	0	0×12	
con-bloqueante	scrum753-censo-de-alcanzabilidad.test.mjs	12	38178	38178	5114	0	0	0×12	
con-bloqueante	scrum1330-una-sellada-no-se-resella.test.mjs	12	38106	38106	4124	0	0	0×12	
con-bloqueante	scrum438-v3-sobre.test.mjs	12	37967	37967	544	0	0	0×12	FSReqPromise×1
con-bloqueante	scrum1235-el-correo-que-no-salio.test.mjs	12	37902	37902	867	0	0	0×12	
con-bloqueante	scrum1356-latido-enganchado.test.mjs	12	37802	37802	233	0	0	0×12	
con-bloqueante	scrum630-default-en-dias.test.mjs	12	37572	37572	1022	0	0	0×12	
con-bloqueante	scrum576-persona-vinculada-a-empresa.test.mjs	12	37353	37353	805	0	0	0×12	FSReqPromise×1
con-bloqueante	scrum301-albaranes-seccion.test.mjs	12	37107	37107	582	0	0	0×12	FSReqPromise×1
con-bloqueante	scrum476-reconciliar-censos.test.mjs	12	37072	37072	287	0	0	0×12	
con-bloqueante	scrum260-rastro-limpieza.test.mjs	12	36975	36975	51	0	0	0×12	
con-bloqueante	scrum637-la-rama-que-nadie-mira.test.mjs	12	36899	36899	1220	0	0	0×12	
con-bloqueante	scrum836-ancla-de-mutacion-viva.test.mjs	12	36635	36635	7697	0	0	0×12	
con-bloqueante	scrum649-el-ancla-que-no-apunta.test.mjs	12	36529	36529	1481	0	0	0×12	
con-bloqueante	scrum594-descuentos-presupuesto.test.mjs	12	36378	36378	678	0	0	0×12	FSReqCallback×2
con-bloqueante	scrum425-aplicador-sql-dev.test.mjs	12	36322	36322	45	0	0	0×12	
con-bloqueante	scrum475-firma-del-webhook.test.mjs	12	36157	36157	51	0	0	0×12	
con-bloqueante	scrum1160-cobrar-ahora-modo-recibo.test.mjs	12	36140	36140	834	0	0	0×12	
con-bloqueante	scrum356-tres-estados.test.mjs	12	36018	36018	1109	0	0	0×12	Immediate×2
con-bloqueante	scrum488-un-solo-vocabulario.test.mjs	12	35779	35779	382	0	0	0×12	
con-bloqueante	scrum235-cliente-por-columnas.test.mjs	12	35665	35665	208	0	0	0×12	
con-bloqueante	scrum1315-gemelos-estado-dentro-del-where.test.mjs	12	34851	34851	350	0	0	0×12	
con-bloqueante	scrum716-ritmo-de-despliegue.test.mjs	12	34838	34838	319	0	0	0×12	
con-bloqueante	scrum575b-nif-cableado.test.mjs	12	34699	34699	1072	0	0	0×12	
con-bloqueante	scrum423-entrega-en-que-falta.test.mjs	12	34671	34671	2196	0	0	0×12	
con-bloqueante	scrum1153-censo-entorno-prestado.test.mjs	12	34507	34507	1326	0	0	0×12	
con-bloqueante	scrum1339d-senal-de-nombres.test.mjs	12	34345	34345	4538	0	0	0×12	
con-bloqueante	scrum1168-anio-serie-zona-merchant.test.mjs	12	34252	34252	435	0	0	0×12	FSReqPromise×1
con-bloqueante	scrum687-constancia-del-alter.test.mjs	12	33998	33998	51	0	0	0×12	
con-bloqueante	scrum475-receptor-webhook.test.mjs	12	33797	33797	1518	0	0	0×12	FSReqPromise×1
con-bloqueante	scrum514-aprobado-y-aplicado.test.mjs	12	33314	33314	462	0	0	0×12	
con-bloqueante	scrum685-push-no-arranca-atrasado.test.mjs	12	33114	33114	57	0	0	0×12	
con-bloqueante	scrum982-la-nota-del-cliente-en-el-trabajo.test.mjs	12	33051	33051	1255	0	0	0×12	
con-bloqueante	scrum475-ignoran-el-resultado.test.mjs	12	32986	32986	2843	0	0	0×12	FSReqPromise×1
con-bloqueante	scrum631-la-unicidad-tiene-vigilante.test.mjs	12	32932	32932	333	0	0	0×12	FSReqPromise×1
con-bloqueante	scrum359-tres-relojes.test.mjs	12	32904	32904	51	0	0	0×12	
con-bloqueante	scrum239-huella-de-codigo.test.mjs	12	32883	32883	555	0	0	0×12	
con-bloqueante	scrum600b-la-factura-usa-el-front.test.mjs	12	32877	32877	1282	0	0	0×12	Timeout×6
con-bloqueante	scrum838-censo-de-tautologias.test.mjs	12	32665	32665	6551	0	0	1×12	
con-bloqueante	scrum889b-quitar-linea-guardada.test.mjs	12	32599	32599	522	0	0	0×12	
con-bloqueante	scrum1266b-aviso-no-salia-en-lo-dictado.test.mjs	12	32591	32591	880	0	0	0×12	
con-bloqueante	scrum537-afirmacion-falsa.test.mjs	12	32463	32463	571	0	0	0×12	
con-bloqueante	whatsappTemplates.test.mjs	12	32376	32376	51	0	0	0×12	
con-bloqueante	scrum878-poblacion-del-guard-29.test.mjs	12	32207	32207	339	0	0	0×12	
con-bloqueante	scrum371-barrido-poblacion.test.mjs	12	32105	32105	705	0	0	0×12	FSReqPromise×1
con-bloqueante	scrum655-apartados.test.mjs	12	32054	32054	120	0	0	0×12	
con-bloqueante	scrum426-libro-recibidas.test.mjs	12	32033	32033	78	0	0	0×12	FSReqPromise×1
con-bloqueante	scrum188-turno-staging.test.mjs	12	31981	31981	52	0	0	0×12	
con-bloqueante	scrum553-etiquetas-pegadas.test.mjs	12	31952	31952	11872	0	0	0×12	
con-bloqueante	scrum1342-plan-desconocido-no-calla.test.mjs	12	31912	31912	184	0	0	0×12	Immediate×6
con-bloqueante	scrum592-numeracion-doc02.test.mjs	12	31888	31888	132	0	0	0×12	FSReqPromise×1
con-bloqueante	scrum729-el-escritor-del-cliente.test.mjs	12	31826	31826	358	0	0	0×12	FSReqCallback×2
con-bloqueante	scrum582-seleccion-multiple-clientes.test.mjs	12	31811	31811	574	0	0	0×12	
con-bloqueante	scrum507-cantidad-supuesta.test.mjs	12	31593	31593	49	0	0	0×12	
con-bloqueante	scrum964-la-lista-no-carga-las-fotos.test.mjs	12	31506	31506	476	0	0	0×12	
con-bloqueante	scrum655b-revision-con-llamador.test.mjs	12	31495	31495	40	0	0	0×12	
con-bloqueante	scrum500-suplidos.test.mjs	12	31449	31449	426	0	0	0×12	
con-bloqueante	scrum1341-actividad-del-equipo-sin-importes.test.mjs	12	31428	31428	830	0	0	0×12	
con-bloqueante	scrum987-valido-hasta-en-el-pdf.test.mjs	12	31376	31376	1054	0	0	0×12	FSReqCallback×2
con-bloqueante	scrum775-suelo-que-no-dispara.test.mjs	12	31342	31342	13449	0	0	0×12	
con-bloqueante	scrum839d-union-solo-en-el-registro.test.mjs	12	31331	31331	933	0	0	0×12	
con-bloqueante	scrum905-facturar-solo-si-se-puede.test.mjs	12	31237	31237	866	0	0	0×12	
con-bloqueante	scrum899d-aviso-de-uso.test.mjs	12	31218	31218	271	0	0	0×12	
con-bloqueante	scrum593b-superficie-texto-del-documento.test.mjs	12	31175	31175	262	0	0	0×12	
con-bloqueante	scrum1268-sembrar-qa.test.mjs	12	31045	31045	158	0	0	0×12	
con-bloqueante	scrum853d-cortacircuitos.test.mjs	12	30865	30865	234	0	0	0×12	
con-bloqueante	scrum555-lo-que-el-censo-no-ve.test.mjs	12	30858	30858	315	0	0	0×12	
con-bloqueante	scrum652c-parte-en-el-movil.test.mjs	12	30810	30810	103	0	0	0×12	
con-bloqueante	scrum264-copy-que-llega-al-cliente.test.mjs	12	30783	30783	44	0	0	0×12	
con-bloqueante	scrum650d-pantalla-asignar.test.mjs	12	30716	30716	424	0	0	0×12	
con-bloqueante	scrum600-un-solo-front-documento.test.mjs	12	30707	30707	1059	0	0	0×12	
con-bloqueante	scrum688-crear-revision.test.mjs	12	30566	30566	1075	0	0	0×12	FSReqCallback×2
con-bloqueante	scrum636-sitio-unico-dinero.test.mjs	12	30526	30526	1017	0	0	0×12	FSReqCallback×2
con-bloqueante	scrum252-procedencia-cliente.test.mjs	12	30510	30510	520	0	0	0×12	
con-bloqueante	scrum808-el-arbol-que-queda-mutado.test.mjs	12	30492	30492	2877	0	0	0×12	
con-bloqueante	scrum584-selector-de-columnas.test.mjs	12	30451	30451	929	0	0	0×12	
con-bloqueante	scrum599-navegacion-documentos-y-atajo.test.mjs	12	30321	30321	865	0	0	0×12	
con-bloqueante	scrum1216b-pantalla-arranque.test.mjs	12	30092	30092	760	0	0	0×12	
con-bloqueante	scrum661b-el-coste-sobrevive-el-viaje.test.mjs	12	29857	29857	865	0	0	0×12	
con-bloqueante	scrum1123-vigia-despliegue-aviso.test.mjs	12	29832	29832	182	0	0	0×12	
con-bloqueante	scrum325-libros-por-periodo.test.mjs	12	29790	29790	98	0	0	0×12	FSReqPromise×1
con-bloqueante	scrum475-constancia-correo.test.mjs	12	29707	29707	4362	0	0	0×12	FSReqPromise×1
con-bloqueante	scrum455-almacen-local.test.mjs	12	29646	29646	850	0	0	0×12	Immediate×1
con-bloqueante	scrum1354-dueno-de-la-marca.test.mjs	12	29598	29598	678	0	0	0×12	Immediate×3
con-bloqueante	scrum291-series-huecos.test.mjs	12	29595	29595	106	0	0	0×12	FSReqPromise×1
con-bloqueante	scrum593e-el-albaran-si-es-alcanzable.test.mjs	12	29496	29496	34	0	0	0×12	
con-bloqueante	scrum313-pantalla-numeracion.test.mjs	12	29444	29444	114	0	0	0×12	FSReqPromise×1
con-bloqueante	scrum390-puerta-cliente-real.test.mjs	12	29309	29309	122	0	0	0×12	FSReqPromise×1
con-bloqueante	scrum693-filtro-de-comentarios.test.mjs	12	29261	29261	382	0	0	0×12	
con-bloqueante	scrum942-bytes-de-control-en-el-arbol.test.mjs	12	29254	29254	873	0	0	0×12	
con-bloqueante	scrum885-documento-sin-enviar.test.mjs	12	29207	29207	844	0	0	0×12	
con-bloqueante	scrum1327-el-veredicto-no-se-decide-a-mano.test.mjs	12	29143	29143	726	0	0	0×12	
con-bloqueante	scrum606-albaran-desde-presupuesto.test.mjs	12	29121	29121	1331	0	0	0×12	
con-bloqueante	scrum283-tabla-patron-factura.test.mjs	12	28956	28956	350	0	0	0×12	
con-bloqueante	scrum890b-rechazo-visible.test.mjs	12	28954	28954	1510	0	0	0×12	Timeout×1 Immediate×1
con-bloqueante	scrum683-parte-dictado.test.mjs	12	28835	28835	50	0	0	0×12	
con-bloqueante	scrum605-atajos-vencimiento.test.mjs	12	28810	28810	52	0	0	0×12	
con-bloqueante	scrum644-trinquete-mensaje-crudo.test.mjs	12	28767	28767	1481	0	0	0×12	
con-bloqueante	scrum267-ancla-de-medicion.test.mjs	12	28758	28758	1169	0	0	0×12	
con-bloqueante	scrum360-desalojo.test.mjs	12	28737	28737	753	0	0	0×12	Immediate×3
con-bloqueante	scrum284-asignacion-submenus.test.mjs	12	28715	28715	368	0	0	0×12	
con-bloqueante	scrum562-arbitro-de-toque.test.mjs	12	28694	28694	393	0	0	0×12	
con-bloqueante	scrum578-formulario-duplicados.test.mjs	12	28645	28645	326	0	0	0×12	
con-bloqueante	scrum1302h-firma-directa-ya-registrada.test.mjs	12	28594	28594	705	0	0	0×12	Immediate×3
con-bloqueante	albaran.test.mjs	12	28580	28580	286	0	0	0×12	FSReqPromise×1
con-bloqueante	scrum1343-un-hijo-que-no-arranca-es-ciego.test.mjs	12	28392	28392	369	0	0	0×12	
con-bloqueante	scrum607-precios-fuera-del-albaran.test.mjs	12	28362	28362	414	0	0	0×12	FSReqCallback×2 FSReqPromise×1
con-bloqueante	scrum563-registro-de-lo-aprobado.test.mjs	12	28314	28314	321	0	0	0×12	
con-bloqueante	scrum780-formato-f-en-la-factura.test.mjs	12	28237	28237	69	0	0	0×12	FSReqPromise×1
con-bloqueante	scrum1117-anclas-por-bloque.test.mjs	12	28220	28220	1155	0	0	0×12	
con-bloqueante	scrum195-pertenencia-por-job.test.mjs	12	28181	28181	71	0	0	0×12	FSReqPromise×1
con-bloqueante	scrum290-albaran-a-factura.test.mjs	12	28170	28170	40	0	0	0×12	
con-bloqueante	scrum1362-cargador-de-defectos-del-viaje.test.mjs	12	28092	28092	32	0	0	0×12	
con-bloqueante	scrum255-audit-log-sync.test.mjs	12	27999	27999	244	0	0	0×12	
con-bloqueante	scrum652d-puerta-al-parte.test.mjs	12	27988	27988	1026	0	0	0×12	
con-bloqueante	scrum579-direccion-de-facturacion.test.mjs	12	27988	27988	792	0	0	0×12	
con-bloqueante	scrum1233-mensaje-para-persona.test.mjs	12	27899	27899	1540	0	0	0×12	
con-bloqueante	scrum1097-guard-acreditacion-invoicing-es.test.mjs	12	27776	27776	344	0	0	0×12	
con-bloqueante	scrum314-wipedemo-derivado.test.mjs	12	27775	27775	389	0	0	0×12	
con-bloqueante	scrum100-webhooks-fail-closed.test.mjs	12	27773	27773	781	0	0	0×12	SimpleShutdownWrap×1 TCPServerWrap×1 TCPSocketWrap×1
con-bloqueante	scrum324-justificante-deducible.test.mjs	12	27709	27709	37	0	0	0×12	
con-bloqueante	scrum420-barra-lateral.test.mjs	12	27696	27696	46	0	0	0×12	
con-bloqueante	scrum899c-relevar-y-contexto.test.mjs	12	27646	27646	35	0	0	0×12	
con-bloqueante	scrum839e-solo-pr-armados.test.mjs	12	27634	27634	1836	0	0	0×12	
con-bloqueante	scrum303-albaran-una-pantalla.test.mjs	12	27616	27616	887	0	0	0×12	FSReqPromise×1
con-bloqueante	scrum1351-viaje-firma-sin-red-albaran.test.mjs	12	27543	27543	9010	0	0	0×12	Immediate×2
con-bloqueante	scrum300-firmante-ids-y-microcopy.test.mjs	12	27501	27501	40	0	0	0×12	
con-bloqueante	scrum302-presupuesto-y-fotos.test.mjs	12	27288	27288	608	0	0	0×12	FSReqPromise×1
con-bloqueante	scrum383-clave-vs-destino.test.mjs	12	27214	27214	36	0	0	0×12	
con-bloqueante	scrum921-firmas-con-respaldo.test.mjs	12	27133	27133	2719	0	0	0×12	
con-bloqueante	scrum823-la-escalera-mira-el-estado.test.mjs	12	27131	27131	139	0	0	0×12	FSReqPromise×1
con-bloqueante	scrum764-margen-negativo.test.mjs	12	27108	27108	450	0	0	0×12	
con-bloqueante	scrum976-guards-entrada-con-techo.test.mjs	12	26997	26997	15424	0	0	0×12	
con-bloqueante	scrum944b-el-trabajo-se-llama-igual.test.mjs	12	26988	26988	40	0	0	0×12	
con-bloqueante	scrum351-topologia-node-modules.test.mjs	12	26896	26896	433	0	0	0×12	
con-bloqueante	scrum855-el-doble-llama-al-callback.test.mjs	12	26879	26879	544	0	0	0×12	
con-bloqueante	scrum344-cierre-con-saldo.test.mjs	12	26865	26865	427	0	0	0×12	
con-bloqueante	scrum395-preflight-migracion.test.mjs	12	26771	26771	43	0	0	0×12	
con-bloqueante	scrum491-metodo-y-registro.test.mjs	12	26733	26733	333	0	0	0×12	
con-bloqueante	scrum387-censo-reparto.test.mjs	12	26675	26675	334	0	0	0×12	
con-bloqueante	scrum1027-atajo-flag-off-sin-documento.test.mjs	12	26617	26617	389	0	0	0×12	
con-bloqueante	scrum357-que-lleva-encima.test.mjs	12	26553	26553	750	0	0	0×12	
con-bloqueante	scrum358-drenado.test.mjs	12	26423	26423	821	0	0	0×12	Immediate×3
con-bloqueante	scrum937-el-nif-no-se-tira-en-silencio.test.mjs	12	26423	26423	178	0	0	0×12	
con-bloqueante	scrum1185-trinquete-sin-consumir.test.mjs	12	26364	26364	4945	0	0	0×12	
con-bloqueante	scrum691-contraste-de-tokens.test.mjs	12	26361	26361	76	0	0	0×12	
con-bloqueante	scrum141-factura-final.test.mjs	12	26283	26283	261	0	0	0×12	
con-bloqueante	scrum289b-factura-suelta.test.mjs	12	26160	26160	447	0	0	0×12	
con-bloqueante	scrum921c-firma-con-respaldo-en-codigo.test.mjs	12	26059	26059	3633	0	0	0×12	
con-bloqueante	automerge-conflicto-no-es-averia.test.mjs	12	26042	26042	49	0	0	0×12	
con-bloqueante	scrum1336-un-ciego-no-se-pinta-de-hallazgo.test.mjs	12	25950	25950	585	0	0	0×12	
con-bloqueante	scrum294-recargo-caja.test.mjs	12	25890	25890	373	0	0	0×12	
con-bloqueante	scrum622-desconocido-no-es-verde.test.mjs	12	25875	25875	2236	0	0	0×12	FSReqPromise×1
con-bloqueante	scrum1388-facturas-recibidas-literales-firmados.test.mjs	12	25866	25866	1332	0	0	0×12	
con-bloqueante	scrum938-la-lista-como-fixture.test.mjs	12	25865	25865	839	0	0	0×12	
con-bloqueante	scrum1317-cierre-admin-e-inicio-del-operario.test.mjs	12	25839	25839	935	0	0	0×12	
con-bloqueante	scrum296-pantalla-libro.test.mjs	12	25836	25836	94	0	0	0×12	
con-bloqueante	scrum844f-lo-que-cambia-el-importe.test.mjs	12	25828	25828	71	0	0	0×12	FSReqPromise×1
con-bloqueante	scrum578-duplicados-identificador.test.mjs	12	25772	25772	39	0	0	0×12	
con-bloqueante	scrum534b-documentos-fantasma.test.mjs	12	25639	25639	37187	0	0	0×12	
con-bloqueante	scrum1108b-pantalla-garantia.test.mjs	12	25630	25630	796	0	0	0×12	SimpleShutdownWrap×1 TCPServerWrap×1 TCPSocketWrap×1
con-bloqueante	scrum295-modelo-303.test.mjs	12	25575	25575	33	0	0	0×12	
con-bloqueante	scrum653-dos-firmas.test.mjs	12	25527	25527	311	0	0	0×12	
con-bloqueante	scrum670-un-solo-extractor.test.mjs	12	25469	25469	387	0	0	0×12	
con-bloqueante	scrum1286-intermitente-1281.test.mjs	12	25378	25378	41	0	0	0×12	
con-bloqueante	scrum352-target-tactil-variantes.test.mjs	12	25322	25322	1703	0	0	0×12	
con-bloqueante	scrum917g-el-trabajo-plegable.test.mjs	12	25013	25013	134	0	0	0×12	
con-bloqueante	scrum1126-fusion-de-clientes.test.mjs	12	24941	24941	2822	0	0	0×12	
con-bloqueante	scrum846b-siembras-a-los-quince.test.mjs	12	24922	24922	347	0	0	0×12	
con-bloqueante	scrum305-entrega-pendiente.test.mjs	12	24918	24918	349	0	0	0×12	
con-bloqueante	scrum954-vivo-no-es-listado.test.mjs	12	24859	24859	434	0	0	0×12	
con-bloqueante	scrum633-caducidad-en-la-zona.test.mjs	12	24823	24823	416	0	0	0×12	
con-bloqueante	scrum899-sesion-lista-blanca.test.mjs	12	24804	24804	429	0	0	0×12	
con-bloqueante	scrum501-una-fila-por-envio.test.mjs	12	24793	24793	343	0	0	0×12	FSReqPromise×1
con-bloqueante	scrum358-encolar-firma.test.mjs	12	24744	24744	871	0	0	0×12	Immediate×2
con-bloqueante	scrum304-albaranes-tabla.test.mjs	12	24707	24707	465	0	0	0×12	
con-bloqueante	scrum664-el-compilador-como-censo.test.mjs	12	24689	24689	631	0	0	0×12	
con-bloqueante	scrum1289-por-que-cayo.test.mjs	12	24644	24644	111	0	0	0×12	
con-bloqueante	scrum853-lecturas-que-fallan-cerrado.test.mjs	12	24615	24615	806	0	0	0×12	
con-bloqueante	scrum558-ancla-alcanzable.test.mjs	12	24573	24573	341	0	0	0×12	
con-bloqueante	scrum499-el-registro-tiene-sitio.test.mjs	12	24490	24490	508	0	0	0×12	FSReqPromise×1
con-bloqueante	scrum600e-condiciones-contra-el-emisor.test.mjs	12	24465	24465	1026	0	0	0×12	
con-bloqueante	scrum820-estados-en-castellano.test.mjs	12	24435	24435	1678	0	0	0×12	
con-bloqueante	scrum494-export-que-sobra.test.mjs	12	24368	24368	6684	0	0	0×12	
con-bloqueante	scrum993-boton-un-toque.test.mjs	12	24340	24340	944	0	0	0×12	Timeout×7
con-bloqueante	scrum815c-el-escritor-de-los-cinco.test.mjs	12	24330	24330	837	0	0	0×12	FSReqPromise×1
con-bloqueante	scrum1322-el-bot-entiende-lo-que-pide.test.mjs	12	24328	24328	907	0	0	0×12	TCPServerWrap×1
con-bloqueante	scrum626-calentar-el-navegador.test.mjs	12	24323	24323	39	0	0	0×12	
con-bloqueante	scrum774-arbol-de-otra-sesion.test.mjs	12	24226	24226	1540	0	0	0×12	
con-bloqueante	scrum759-el-guard-ciego-fuera-de-su-fichero.test.mjs	12	24180	24180	5127	0	0	0×12	
con-bloqueante	scrum551-anclas-bloque-f.test.mjs	12	24163	24163	326	0	0	0×12	
con-bloqueante	scrum615-pedir-tipo-destinatario.test.mjs	12	24118	24118	276	0	0	0×12	
con-bloqueante	scrum1157-censo-convenio-microcopy.test.mjs	12	24111	24111	2493	0	0	0×12	
con-bloqueante	scrum656-iva-y-clausulas.test.mjs	12	24104	24104	399	0	0	0×12	
con-bloqueante	scrum192-borrado-merchant.test.mjs	12	24061	24061	41	0	0	0×12	
con-bloqueante	scrum1325b-expresiones-sobre-texto-de-persona.test.mjs	12	24036	24036	3083	0	0	0×12	
con-bloqueante	scrum1040-pantalla-facturas-recibidas.test.mjs	12	24033	24033	62	0	0	0×12	
con-bloqueante	scrum932-el-turno-tiene-mecanismo.test.mjs	12	24014	24014	543	0	0	0×12	
con-bloqueante	scrum508-los-cinco-dejan-fila.test.mjs	12	24005	24005	1608	0	0	0×12	FSReqPromise×1
con-bloqueante	scrum216-tipo-rectificativa-sin-defecto.test.mjs	12	23993	23993	589	0	0	0×12	
con-bloqueante	scrum804-la-rama-viva.test.mjs	12	23935	23935	6191	0	0	0×12	
con-bloqueante	scrum598-el-margen-sale-del-documento.test.mjs	12	23825	23825	752	0	0	0×12	
con-bloqueante	scrum677-vigilante-de-despliegue.test.mjs	12	23814	23814	29	0	0	0×12	
con-bloqueante	scrum333-tarjetas-gremio.test.mjs	12	23809	23809	37	0	0	0×12	
con-bloqueante	scrum319-documentos-por-tipo.test.mjs	12	23723	23723	493	0	0	0×12	
con-bloqueante	scrum565-encargo-completo.test.mjs	12	23678	23678	30	0	0	0×12	
con-bloqueante	scrum1128-envio-construido.test.mjs	12	23650	23650	314	0	0	0×12	
con-bloqueante	scrum959b-el-arranque-no-duplica-el-equipo.test.mjs	12	23621	23621	8738	0	0	0×12	
con-bloqueante	scrum672-un-test-que-desaparece.test.mjs	12	23573	23573	32	0	0	0×12	
con-bloqueante	scrum542-objetivo-tactil.test.mjs	12	23566	23566	32	0	0	0×12	
con-bloqueante	scrum766-el-grep-que-cuenta-lineas.test.mjs	12	23555	23555	1283	0	0	0×12	
con-bloqueante	scrum591-alta-desde-el-documento.test.mjs	12	23531	23531	1340	0	0	0×12	
con-bloqueante	scrum438-atestiguar.test.mjs	12	23524	23524	86	0	0	0×12	FSReqPromise×1
con-bloqueante	pr-automatico-el-mensaje-del-automerge.test.mjs	12	23446	23446	228	0	0	0×12	
con-bloqueante	scrum574-switch-forma-juridica.test.mjs	12	23439	23439	389	0	0	0×12	
con-bloqueante	scrum581-pestanas-y-orden-clientes.test.mjs	12	23374	23374	39	0	0	0×12	
con-bloqueante	wa-log-sync.test.mjs	12	23307	23307	144	0	0	0×12	
con-bloqueante	scrum452-pdf-lo-que-se-sello.test.mjs	12	23305	23305	502	0	0	0×12	FSReqCallback×2
con-bloqueante	scrum645-la-puerta-no-tira-los-tramos.test.mjs	12	23249	23249	73	0	0	0×12	
con-bloqueante	scrum652-parte-trabajo.test.mjs	12	23208	23208	48	0	0	0×12	
con-bloqueante	scrum739-informes-al-sitio-unico.test.mjs	12	23188	23188	322	0	0	0×12	
con-bloqueante	scrum284-configuracion-submenus.test.mjs	12	23108	23108	485	0	0	0×12	
con-bloqueante	scrum253-adopcion.test.mjs	12	23055	23055	5142	0	0	0×12	
con-bloqueante	scrum887-el-cobro-es-lo-firmado.test.mjs	12	23052	23052	1334	0	0	0×12	
con-bloqueante	scrum294c-criterio-del-merchant.test.mjs	12	22989	22989	113	0	0	0×12	
con-bloqueante	scrum805-que-firmo-el-cliente.test.mjs	12	22985	22985	733	0	0	0×12	
con-bloqueante	scrum388-censo-mecanismo.test.mjs	12	22973	22973	2283	0	0	0×12	
con-bloqueante	scrum1381-escritores-por-fila.test.mjs	12	22929	22929	716	0	0	0×12	
con-bloqueante	scrum899b-arranque-de-la-tanda.test.mjs	12	22851	22851	1607	0	0	0×12	
con-bloqueante	scrum17-recapitulativa.test.mjs	12	22834	22834	235	0	0	0×12	FSReqPromise×1
con-bloqueante	scrum397-fecha-real-de-cobro.test.mjs	12	22765	22765	1761	0	0	0×12	
con-bloqueante	scrum1102f-sii-y-foral-se-preguntan-y-se-guardan.test.mjs	12	22725	22725	841	0	0	0×12	
con-bloqueante	scrum568-promesa-con-mecanismo.test.mjs	12	22709	22709	409	0	0	0×12	
con-bloqueante	scrum564b-hueco-condicion.test.mjs	12	22702	22702	379	0	0	0×12	
con-bloqueante	scrum698-vistas-que-no-se-miden.test.mjs	12	22646	22646	2490	0	0	0×12	
con-bloqueante	scrum660-iva-defecto-del-documento.test.mjs	12	22626	22626	970	0	0	0×12	Timeout×6
con-bloqueante	scrum596-la-nota-interna-no-sale.test.mjs	12	22585	22585	586	0	0	0×12	FSReqCallback×2
con-bloqueante	scrum329-legal-pagina-publica.test.mjs	12	22579	22579	711	0	0	0×12	ConnectWrap×1 TCPServerWrap×1 TCPSocketWrap×1
con-bloqueante	scrum320-que-falta-para-cobrar.test.mjs	12	22573	22573	65	0	0	0×12	
con-bloqueante	scrum844c-el-xml-que-se-remite.test.mjs	12	22560	22560	383	0	0	0×12	FSReqPromise×1
con-bloqueante	scrum1298-mesa-por-puesto.test.mjs	12	22535	22535	1133	0	0	0×12	
con-bloqueante	scrum268-espera-automatica.test.mjs	12	22497	22497	4093	0	0	0×12	
con-bloqueante	scrum400-conformidad-landing.test.mjs	12	22478	22478	42	0	0	0×12	
con-bloqueante	scrum745-comparar-por-identidad.test.mjs	12	22421	22421	5090	0	0	0×12	
con-bloqueante	scrum816-la-lista-no-miente.test.mjs	12	22413	22413	71	0	0	0×12	
con-bloqueante	scrum600g-plantillas-en-el-documento-suelto.test.mjs	12	22396	22396	2994	0	0	0×12	Timeout×2
con-bloqueante	scrum689-pestanas-clientes-con-css.test.mjs	12	22344	22344	353	0	0	0×12	
con-bloqueante	scrum386-hojas-fuera.test.mjs	12	22312	22312	510	0	0	0×12	
con-bloqueante	scrum733-el-censo-no-se-encoge-en-silencio.test.mjs	12	22235	22235	264	0	0	0×12	
con-bloqueante	scrum564-afirmaciones-publicadas.test.mjs	12	22198	22198	358	0	0	0×12	
con-bloqueante	scrum1303-estado-dentro-del-where.test.mjs	12	22149	22149	393	0	0	0×12	
con-bloqueante	scrum1259-abierto-con-trabajo-en-main.test.mjs	12	22146	22146	185	0	0	0×12	
con-bloqueante	scrum195-lectura-serializacion.test.mjs	12	22139	22139	30	0	0	0×12	
con-bloqueante	scrum317-trabajo-por-su-nombre.test.mjs	12	22098	22098	62	0	0	0×12	
con-bloqueante	scrum853c-el-vigia-no-se-cree-un-error.test.mjs	12	22073	22073	12764	0	0	0×12	
con-bloqueante	scrum683b-cableado-dictado.test.mjs	12	22071	22071	469	0	0	0×12	FSReqPromise×1
con-bloqueante	scrum244-cobertura-portabilidad.test.mjs	12	22003	22003	100	0	0	0×12	FSReqPromise×1
con-bloqueante	scrum397-instante-de-cobro.test.mjs	12	21895	21895	2342	0	0	0×12	
con-bloqueante	scrum229-margen-en-pie.test.mjs	12	21888	21888	90	0	0	0×12	
con-bloqueante	scrum919-cola-al-volver-la-red.test.mjs	12	21882	21882	1261	0	0	0×12	Immediate×2
con-bloqueante	scrum771-el-emisor-no-valida-el-tipo.test.mjs	12	21856	21856	2613	0	0	0×12	
con-bloqueante	scrum1325-una-tilde-no-rompe-lo-que-entiende.test.mjs	12	21839	21839	98	0	0	0×12	
con-bloqueante	scrum593-cabecera-y-pie-del-documento.test.mjs	12	21826	21826	446	0	0	0×12	FSReqCallback×2
con-bloqueante	scrum1258-el-tipo-del-registro-es-el-de-la-huella.test.mjs	12	21729	21729	665	0	0	0×12	
con-bloqueante	scrum627b-censo-declara-reimplementaciones.test.mjs	12	21722	21722	2233	0	0	0×12	
con-bloqueante	scrum1007-1011-1026-relevo-lanzar-bloqueo.test.mjs	12	21717	21717	9944	0	0	0×12	
con-bloqueante	scrum461-censo-no-encoge.test.mjs	12	21641	21641	365	0	0	0×12	
con-bloqueante	scrum887c-caso-c-bloqueado.test.mjs	12	21630	21630	891	0	0	0×12	FSReqPromise×1
con-bloqueante	scrum443-toast-legible.test.mjs	12	21629	21629	422	0	0	0×12	
con-bloqueante	scrum362-residuales.test.mjs	12	21570	21570	968	0	0	0×12	Immediate×3
con-bloqueante	scrum451-plazo-de-red.test.mjs	12	21560	21560	4482	0	0	0×12	
con-bloqueante	scrum946-censo-de-huerfanos.test.mjs	12	21541	21541	990	0	0	0×12	
con-bloqueante	scrum716c-la-memoria-del-vigia.test.mjs	12	21520	21520	1131	0	0	0×12	TCPServerWrap×1 ProcessWrap×1
con-bloqueante	scrum331-heroe.test.mjs	12	21514	21514	33	0	0	0×12	
con-bloqueante	scrum711-guards-sin-sitio.test.mjs	12	21415	21415	368	0	0	0×12	
con-bloqueante	scrum892-firma-vacia.test.mjs	12	21365	21365	640	0	0	0×12	
con-bloqueante	scrum1349-entorno-prestado-solo-baja.test.mjs	12	21351	21351	3957	0	0	0×12	
con-bloqueante	scrum337-aviso-atado-al-bloqueo.test.mjs	12	21345	21345	1363	0	0	0×12	
con-bloqueante	scrum195-loop-adicional.test.mjs	12	21286	21286	487	0	0	0×12	FSReqPromise×1
con-bloqueante	scrum350-modal-footer-envuelve.test.mjs	12	21279	21279	1927	0	0	0×12	
con-bloqueante	scrum1167-irreversible-gana-la-cascada.test.mjs	12	21274	21274	294	0	0	0×12	
con-bloqueante	scrum233-prosa-sin-url-insegura.test.mjs	12	21199	21199	495	0	0	0×12	
con-bloqueante	scrum666b-toda-clase-pintada-tiene-regla.test.mjs	12	21196	21196	1269	0	0	0×12	
con-bloqueante	scrum417-descargar-datos-carga.test.mjs	12	21191	21191	515	0	0	0×12	Immediate×1
con-bloqueante	scrum1333-una-factura-se-encola-una-vez.test.mjs	12	21176	21176	546	0	0	0×12	
con-bloqueante	scrum1075-aviso-resumen-trimestre.test.mjs	12	21150	21150	531	0	0	0×12	
con-bloqueante	scrum615-plazo-con-null.test.mjs	12	21082	21082	9158	0	0	0×12	FSReqPromise×1
con-bloqueante	scrum939b-trinquete-de-las-skills.test.mjs	12	21070	21070	115	0	0	0×12	
con-bloqueante	scrum418-credencial-de-produccion.test.mjs	12	21045	21045	46	0	0	0×12	
con-bloqueante	scrum702-suelo-misma-poblacion.test.mjs	12	21027	21027	5224	0	0	0×12	
con-bloqueante	scrum469-aviso-desalojo.test.mjs	12	20936	20936	931	0	0	0×12	Immediate×2
con-bloqueante	scrum298-modo-visible.test.mjs	12	20923	20923	315	0	0	0×12	
con-bloqueante	scrum844e-el-libro-es-una-declaracion.test.mjs	12	20904	20904	32	0	0	0×12	
con-bloqueante	scrum1324-nadie-vigila-el-silencio.test.mjs	12	20904	20904	724	0	0	0×12	
con-bloqueante	scrum427-composicion-detalle.test.mjs	12	20890	20890	631	0	0	0×12	
con-bloqueante	scrum884-importador-normaliza-telefono.test.mjs	12	20854	20854	85	0	0	0×12	FSReqPromise×1
con-bloqueante	scrum880-el-empate-del-sello.test.mjs	12	20814	20814	810	0	0	0×12	FSReqPromise×1
con-bloqueante	scrum406-escribenos.test.mjs	12	20810	20810	620	0	0	0×12	
con-bloqueante	scrum405-microcopy-descarga.test.mjs	12	20806	20806	544	0	0	0×12	
con-bloqueante	scrum242-backup-verificado.test.mjs	12	20775	20775	372	0	0	0×12	
con-bloqueante	scrum1216b-numero-de-arranque.test.mjs	12	20759	20759	671	0	0	0×12	SimpleShutdownWrap×1 TCPServerWrap×1 TCPSocketWrap×1
con-bloqueante	scrum600d-el-envio-tras-emitir.test.mjs	12	20691	20691	1653	0	0	0×12	Timeout×16
con-bloqueante	scrum643-zona-del-merchant.test.mjs	12	20657	20657	2417	0	0	0×12	FSReqPromise×1
con-bloqueante	scrum1338-la-barra-del-operario-contra-los-gates.test.mjs	12	20640	20640	1867	0	0	0×12	
con-bloqueante	scrum1059-etiquetado-masivo.test.mjs	12	20572	20572	52	0	0	0×12	
con-bloqueante	scrum336-atribucion-sin-almacenamiento.test.mjs	12	20549	20549	943	0	0	0×12	
con-bloqueante	scrum561-citar-fuera-del-esquema.test.mjs	12	20544	20544	316	0	0	0×12	
con-bloqueante	scrum639-vocabulario-sale-de-la-puerta.test.mjs	12	20544	20544	34	0	0	0×12	
con-bloqueante	scrum856-canje-una-sola-vez.test.mjs	12	20514	20514	39	0	0	0×12	
con-bloqueante	scrum217-failopen-entrada.test.mjs	12	20508	20508	132	0	0	0×12	
con-bloqueante	scrum839c-la-pasada-se-ejecuta.test.mjs	12	20496	20496	566	0	0	0×12	
con-bloqueante	scrum821-la-lista-que-decide-que-se-mira.test.mjs	12	20469	20469	28	0	0	0×12	
con-bloqueante	scrum421-registro-presupuesto.test.mjs	12	20436	20436	874	0	0	0×12	
con-bloqueante	scrum379-recarga-sin-await.test.mjs	12	20339	20339	351	0	0	0×12	
con-bloqueante	scrum506-cobros-distingue-el-desconocido.test.mjs	12	20329	20329	424	0	0	0×12	FSReqPromise×1 CloseReq×1
con-bloqueante	scrum725-dato-inventado-en-la-descripcion.test.mjs	12	20304	20304	39	0	0	0×12	
con-bloqueante	scrum890-parte-vacio.test.mjs	12	20299	20299	125	0	0	0×12	
con-bloqueante	scrum949-el-suelo-como-cociente.test.mjs	12	20282	20282	1271	0	0	0×12	
con-bloqueante	scrum289-censo-origen-factura.test.mjs	12	20236	20236	1962	0	0	0×12	
con-bloqueante	scrum394-plan-mudo.test.mjs	12	20179	20179	394	0	0	0×12	FSReqPromise×1
con-bloqueante	scrum1107-retencion-garantia.test.mjs	12	20150	20150	31	0	0	0×12	
con-bloqueante	scrum274-shell-alineado.test.mjs	12	19995	19995	41	0	0	0×12	
con-bloqueante	scrum1355-borrador-no-es-deuda.test.mjs	12	19975	19975	283	0	0	0×12	FSReqPromise×1
con-bloqueante	scrum1313-ciego-no-es-verde-ni-rojo.test.mjs	12	19961	19961	339	0	0	0×12	
con-bloqueante	scrum1228b-permisos-no-reintentan.test.mjs	12	19935	19935	477	0	0	0×12	SimpleShutdownWrap×1 TCPServerWrap×11 TCPSocketWrap×1
con-bloqueante	scrum358-alta-idempotente.test.mjs	12	19918	19918	74	0	0	0×12	FSReqPromise×1
con-bloqueante	scrum1276-decision-no-reabre.test.mjs	12	19910	19910	919	0	0	0×12	
con-bloqueante	scrum215-sin-destinatario.test.mjs	12	19901	19901	954	0	0	0×12	
con-bloqueante	scrum480-fin-de-linea.test.mjs	12	19882	19882	2973	0	0	0×12	
con-bloqueante	scrum458-paquete-de-precarga.test.mjs	12	19870	19870	303	0	0	0×12	FSReqPromise×1
con-bloqueante	scrum244-supresion-y-anonimizado.test.mjs	12	19842	19842	496	0	0	0×12	
con-bloqueante	scrum292-nif-antes-de-emitir.test.mjs	12	19840	19840	446	0	0	0×12	
con-bloqueante	scrum887b-descuento-global.test.mjs	12	19826	19826	559	0	0	0×12	FSReqPromise×1
con-bloqueante	scrum290-endpoint-convertir.test.mjs	12	19770	19770	429	0	0	0×12	
con-bloqueante	tecnosel-precios-tras-firmar.test.mjs	12	19729	19729	50	0	0	0×12	
con-bloqueante	scrum168-zona-roja.test.mjs	12	19723	19723	33	0	0	0×12	
con-bloqueante	scrum1116-digest-garantia-retenida.test.mjs	12	19684	19684	347	0	0	0×12	FSReqPromise×1
con-bloqueante	scrum268-cesion.test.mjs	12	19680	19680	380	0	0	0×12	
con-bloqueante	scrumD1-puerta-serie.test.mjs	12	19669	19669	54	0	0	0×12	
con-bloqueante	scrum903-marcador-no-se-imprime.test.mjs	12	19655	19655	314	0	0	0×12	FSReqCallback×2
con-bloqueante	scrum1048-resumen-trimestre.test.mjs	12	19649	19649	20	0	0	0×12	
con-bloqueante	scrum365-permisos-tarifario.test.mjs	12	19636	19636	986	0	0	0×12	FSReqPromise×1
con-bloqueante	scrum296-libro-registro.test.mjs	12	19574	19574	33	0	0	0×12	
con-bloqueante	scrum1191-tope-cola-firmas.test.mjs	12	19525	19525	520	0	0	0×12	Immediate×3
con-bloqueante	scrum893-solo-lo-que-puede-cobrar.test.mjs	12	19496	19496	532	0	0	0×12	TCPServerWrap×1 TCPSocketWrap×2 Immediate×1
con-bloqueante	scrum943-la-categoria-se-valida.test.mjs	12	19490	19490	194	0	0	0×12	
con-bloqueante	scrum762-el-pdf-emitido-se-rehace.test.mjs	12	19485	19485	1375	0	0	0×12	FSReqCallback×2
con-bloqueante	scrum1107b-rutas-garantia.test.mjs	12	19435	19435	274	0	0	0×12	SimpleShutdownWrap×1 TCPServerWrap×1 TCPSocketWrap×1
con-bloqueante	scrum1289b-reporters-como-argumentos.test.mjs	12	19400	19400	754	0	0	0×12	
con-bloqueante	scrum603b-descripcion-en-el-albaran.test.mjs	12	19380	19380	464	0	0	0×12	FSReqCallback×2
con-bloqueante	scrum308-bloqueo-rectify.test.mjs	12	19365	19365	369	0	0	0×12	FSReqPromise×1
con-bloqueante	scrum306-serie-albaranes.test.mjs	12	19364	19364	101	0	0	0×12	FSReqPromise×1
con-bloqueante	scrum728d-viajes-de-la-reserva.test.mjs	12	19329	19329	63	0	0	0×12	FSReqPromise×1
con-bloqueante	scrum432-plantillas-pestana.test.mjs	12	19325	19325	619	0	0	0×12	
con-bloqueante	scrum588-referencia-interna.test.mjs	12	19254	19254	50	0	0	0×12	
con-bloqueante	scrum757-la-declaracion-que-nadie-lee.test.mjs	12	19246	19246	3815	0	0	0×12	
con-bloqueante	scrum656b-clausulas-configuracion.test.mjs	12	19139	19139	271	0	0	0×12	
con-bloqueante	scrum525d-anclas-que-apuntan.test.mjs	12	19112	19112	348	0	0	0×12	
con-bloqueante	scrum477-avisos-con-constancia.test.mjs	12	19080	19080	2041	0	0	0×12	
con-bloqueante	scrum642-tramos-del-arranque.test.mjs	12	19050	19050	447	0	0	0×12	
con-bloqueante	scrum694b-el-filtro-que-no-ve-la-url.test.mjs	12	18986	18986	2715	0	0	0×12	
con-bloqueante	scrum704-el-cuerpo-llega.test.mjs	12	18976	18976	1296	0	0	0×12	
con-bloqueante	scrum727-constancia-del-vigia.test.mjs	12	18940	18940	442	0	0	0×12	
con-bloqueante	scrum441-metodo-declarado.test.mjs	12	18915	18915	32	0	0	0×12	
con-bloqueante	scrum1292-cobro-pagado-no-retrocede.test.mjs	12	18876	18876	284	0	0	0×12	
con-bloqueante	scrum690-contraste-segmented.test.mjs	12	18869	18869	289	0	0	0×12	
con-bloqueante	scrum1091-guard-cwd-posix.test.mjs	12	18836	18836	28	0	0	0×12	
con-bloqueante	scrum316-detalle-trabajo-b2.test.mjs	12	18826	18826	448	0	0	0×12	
con-bloqueante	scrum549-nada-publicable-sin-marcar.test.mjs	12	18824	18824	46	0	0	0×12	
con-bloqueante	scrum493-dos-instrumentos.test.mjs	12	18816	18816	7162	0	0	0×12	
con-bloqueante	scrum232-turno-contexto.test.mjs	12	18810	18810	43	0	0	0×12	
con-bloqueante	scrum1285-guardado-en-vuelo.test.mjs	12	18715	18715	734	0	0	0×12	Timeout×5
con-bloqueante	scrum348-tenencia-por-lectura.test.mjs	12	18678	18678	1038	0	0	0×12	
con-bloqueante	scrum1155-alta-rediseno.test.mjs	12	18644	18644	32	0	0	0×12	
con-bloqueante	scrum597-asignar-usuario-al-documento.test.mjs	12	18636	18636	691	0	0	0×12	SimpleShutdownWrap×1 TCPServerWrap×1 TCPSocketWrap×1
con-bloqueante	scrum1063b-303-soportado-resultado.test.mjs	12	18634	18634	31	0	0	0×12	
con-bloqueante	scrum623-desglose-por-tipo.test.mjs	12	18616	18616	691	0	0	0×12	FSReqCallback×2
con-bloqueante	scrum714-cada-numero-con-su-unidad.test.mjs	12	18596	18596	213	0	0	0×12	
con-bloqueante	scrum244-colgados-de-otro-modelo.test.mjs	12	18595	18595	55	0	0	0×12	
con-bloqueante	scrum399-hambre-del-lote.test.mjs	12	18540	18540	509	0	0	0×12	FSReqPromise×1
con-bloqueante	scrum497-dato-personal-no-sobrevive.test.mjs	12	18540	18540	88	0	0	0×12	FSReqPromise×1
con-bloqueante	scrum740-carrera-por-el-arbol.test.mjs	12	18529	18529	1591	0	0	0×12	
con-bloqueante	scrum662-lista-de-scripts.test.mjs	12	18509	18509	280	0	0	0×12	
con-bloqueante	scrum361-version-al-firmar.test.mjs	12	18475	18475	577	0	0	0×12	
con-bloqueante	scrum697-un-solo-render.test.mjs	12	18466	18466	1612	0	0	0×12	
con-bloqueante	scrum1301-bizum-hoy-de-madrugada.test.mjs	12	18442	18442	271	0	0	0×12	
con-bloqueante	emission.test.mjs	12	18440	18440	83	0	0	0×12	FSReqPromise×1
con-bloqueante	scrum710b-anclaje-por-identidad.test.mjs	12	18437	18437	17013	0	0	0×12	
con-bloqueante	scrum734-una-sola-carga.test.mjs	12	18401	18401	462	0	0	0×12	
con-bloqueante	scrum503-desconocido-no-es-error.test.mjs	12	18355	18355	376	0	0	0×12	FSReqPromise×1
con-bloqueante	scrum1232-libro-sin-justificantes.test.mjs	12	18329	18329	134	0	0	0×12	
con-bloqueante	scrum616-que-guarda-la-factura.test.mjs	12	18309	18309	31	0	0	0×12	
con-bloqueante	scrum346-justificante-suelto.test.mjs	12	18251	18251	381	0	0	0×12	FSReqPromise×1
con-bloqueante	scrum1320-hallazgo-y-ciego-no-son-excluyentes.test.mjs	12	18235	18235	602	0	0	0×12	
con-bloqueante	scrum716-vigia-no-dice-al-dia-sin-mirar.test.mjs	12	18215	18215	31	0	0	0×12	
con-bloqueante	scrum848b-el-fixture-llega-a-la-pantalla.test.mjs	12	18181	18181	639	0	0	0×12	
con-bloqueante	scrum809-paywall-tras-cancelar.test.mjs	12	18171	18171	10773	0	0	0×12	TCPServerWrap×1
con-bloqueante	scrum209-desglose-conforme.test.mjs	12	18166	18166	710	0	0	0×12	
con-bloqueante	scrum712-decimales-de-precio.test.mjs	12	18111	18111	464	0	0	0×12	
con-bloqueante	scrum330-contador-solo-activas.test.mjs	12	18110	18110	70	0	0	0×12	FSReqPromise×1
con-bloqueante	scrum755-el-contador-que-cuadro-solo.test.mjs	12	18106	18106	1495	0	0	0×12	
con-bloqueante	scrum1398-la-sonda-de-colision.test.mjs	12	18047	18047	776	0	0	0×12	
con-bloqueante	scrum1047-beneficio-sobre-la-base.test.mjs	12	18018	18018	22	0	0	0×12	
con-bloqueante	scrum318-rail-contenido.test.mjs	12	18016	18016	474	0	0	0×12	
con-bloqueante	scrum381-semilla.test.mjs	12	17961	17961	2343	0	0	0×12	
con-bloqueante	scrum360-entorno-guardado.test.mjs	12	17926	17926	188	0	0	0×12	FSReqPromise×1
con-bloqueante	scrum577-nombre-para-documento.test.mjs	12	17914	17914	320	0	0	0×12	
con-bloqueante	scrum781-concurrencia-de-la-factura.test.mjs	12	17911	17911	383	0	0	0×12	
con-bloqueante	scrum258-nota-por-sesion.test.mjs	12	17907	17907	3892	0	0	0×12	
con-bloqueante	scrum1200-sin-respuesta.test.mjs	12	17886	17886	530	0	0	0×12	
con-bloqueante	scrum368-anillo-foco-primario.test.mjs	12	17856	17856	164	0	0	0×12	
con-bloqueante	scrum574-mismo-cliente-tras-migracion.test.mjs	12	17852	17852	323	0	0	0×12	
con-bloqueante	scrum1296-emitir-encola.test.mjs	12	17808	17808	81	0	0	0×12	
con-bloqueante	scrum723-guard-contra-su-base.test.mjs	12	17782	17782	7112	0	0	0×12	
con-bloqueante	scrum665a-congelar-el-emisor.test.mjs	12	17781	17781	753	0	0	0×12	FSReqCallback×2
con-bloqueante	scrum867-el-modal-muerto.test.mjs	12	17742	17742	2650	0	0	0×12	
con-bloqueante	scrum741-la-entrada-no-la-linea.test.mjs	12	17735	17735	257	0	0	0×12	
con-bloqueante	scrum428-terminado-sin-cobrar.test.mjs	12	17734	17734	34	0	0	0×12	
con-bloqueante	scrum719-el-suelo-de-los-doce.test.mjs	12	17715	17715	320	0	0	0×12	
con-bloqueante	scrum654-dictado-sin-conexion.test.mjs	12	17689	17689	41	0	0	0×12	
con-bloqueante	scrum895b-literales-firmados.test.mjs	12	17685	17685	772	0	0	0×12	FSReqPromise×1
con-bloqueante	scrum1222-sesion-panel.test.mjs	12	17680	17680	147	0	0	0×12	
con-bloqueante	scrum750-los-dos-calendarios.test.mjs	12	17672	17672	5870	0	0	0×12	
con-bloqueante	scrum746b-guarda-en-la-conexion.test.mjs	12	17615	17615	41	0	0	0×12	
con-bloqueante	scrum270-evidencia-reunida.test.mjs	12	17605	17605	31	0	0	0×12	
con-bloqueante	scrum302-duplicar.test.mjs	12	17585	17585	341	0	0	0×12	FSReqPromise×1
con-bloqueante	scrum1103-retencion-practicada-en-gastos.test.mjs	12	17555	17555	537	0	0	0×12	
con-bloqueante	scrum731-el-descuento-explicado.test.mjs	12	17555	17555	539	0	0	0×12	FSReqCallback×2
con-bloqueante	scrum444-avisos-no-se-pisan.test.mjs	12	17540	17540	528	0	0	0×12	Timeout×13
con-bloqueante	scrum659-lector-de-lineas-del-pdf.test.mjs	12	17521	17521	301	0	0	0×12	FSReqCallback×2
con-bloqueante	scrum610-precio-final-del-catalogo.test.mjs	12	17520	17520	26	0	0	0×12	
con-bloqueante	scrum361-version-al-editar.test.mjs	12	17515	17515	336	0	0	0×12	
con-bloqueante	scrum1296-procesador-cola.test.mjs	12	17500	17500	67	0	0	0×12	FSReqPromise×1
con-bloqueante	scrum778-la-lista-cableada.test.mjs	12	17462	17462	2380	0	0	0×12	
con-bloqueante	scrum445-cobros-duplicados.test.mjs	12	17459	17459	64	0	0	0×12	FSReqPromise×1
con-bloqueante	scrum293-retencion-irpf.test.mjs	12	17440	17440	43	0	0	0×12	
con-bloqueante	scrum641-nombre-cogido-sin-500.test.mjs	12	17425	17425	404	0	0	0×12	
con-bloqueante	scrum709-microcopy-por-fichero.test.mjs	12	17367	17367	1577	0	0	0×12	
con-bloqueante	scrum743-tercera-forma.test.mjs	12	17350	17350	430	0	0	0×12	
con-bloqueante	scrum230-qr-pagina.test.mjs	12	17345	17345	44	0	0	0×12	
con-bloqueante	scrum861-firma-por-delegacion.test.mjs	12	17306	17306	240	0	0	0×12	
con-bloqueante	scrum844d-quien-entra-en-la-cadena.test.mjs	12	17255	17255	83	0	0	0×12	FSReqPromise×1
con-bloqueante	scrum758-cabecera-no-miente.test.mjs	12	17190	17190	355	0	0	0×12	
con-bloqueante	scrum244-menu-portabilidad.test.mjs	12	17179	17179	364	0	0	0×12	
con-bloqueante	scrum284-censo-configuracion.test.mjs	12	17176	17176	370	0	0	0×12	
con-bloqueante	scrum1042-ajuste-foto-tecnico.test.mjs	12	17105	17105	32	0	0	0×12	
con-bloqueante	scrum1360-caja-albaran-firma-de-parte.test.mjs	12	17007	17007	469	0	0	0×12	Immediate×2
con-bloqueante	scrum70-consolidacion-cliente.test.mjs	12	16984	16984	262	0	0	0×12	FSReqPromise×1
con-bloqueante	scrum677b-el-vigia-esta-cableado.test.mjs	12	16960	16960	28	0	0	0×12	
con-bloqueante	scrum409-fixtures-sin-merchant-demo.test.mjs	12	16957	16957	4279	0	0	0×12	
con-bloqueante	merchant-fixture.test.mjs	12	16945	16945	367	0	0	0×12	
con-bloqueante	scrum831-albaranes-con-acciones.test.mjs	12	16904	16904	72	0	0	0×12	
con-bloqueante	scrum360-entorno-instalada.test.mjs	12	16901	16901	553	0	0	0×12	
con-bloqueante	scrum619-vocabulario-de-linea.test.mjs	12	16887	16887	1463	0	0	0×12	
con-bloqueante	scrum783-seleccion-sobrevive-navegacion.test.mjs	12	16868	16868	2189	0	0	0×12	
con-bloqueante	scrum557-alcance-por-identidad.test.mjs	12	16810	16810	318	0	0	0×12	
con-bloqueante	scrum760-iva-de-voz-rechazado.test.mjs	12	16772	16772	1460	0	0	0×12	Timeout×2
con-bloqueante	scrum385-preview-fiable.test.mjs	12	16736	16736	3144	0	0	0×12	
con-bloqueante	scrum162-conceptos-frecuentes.test.mjs	12	16734	16734	40	0	0	0×12	
con-bloqueante	scrum1105-semilla-destino-por-bandera.test.mjs	12	16721	16721	435	0	0	0×12	
con-bloqueante	scrum464-precarga-del-tecnico.test.mjs	12	16699	16699	66	0	0	0×12	FSReqPromise×1
con-bloqueante	scrum311-cantidad-inventada-derivada.test.mjs	12	16699	16699	798	0	0	0×12	
con-bloqueante	scrum1133-whatsapp-del-cliente.test.mjs	12	16691	16691	767	0	0	0×12	
con-bloqueante	scrum384-min-height-locales.test.mjs	12	16689	16689	336	0	0	0×12	
con-bloqueante	scrum1108-aviso-garantia-retenida.test.mjs	12	16665	16665	356	0	0	0×12	FSReqPromise×1
con-bloqueante	scrum195-url-bd-sin-fuga.test.mjs	12	16660	16660	1130	0	0	0×12	
con-bloqueante	scrum363-eje-de-cobro.test.mjs	12	16639	16639	67	0	0	0×12	FSReqPromise×1
con-bloqueante	scrum818-la-cabecera-no-miente.test.mjs	12	16630	16630	227	0	0	0×12	
con-bloqueante	scrum245-llamador-declara-merchant.test.mjs	12	16626	16626	1412	0	0	0×12	
con-bloqueante	scrum827-el-trinquete-mira-el-valor.test.mjs	12	16610	16610	1350	0	0	0×12	
con-bloqueante	scrum632-la-descripcion-de-la-linea.test.mjs	12	16607	16607	447	0	0	0×12	FSReqCallback×2
con-bloqueante	scrum419-ci-declara-lo-que-no-corre.test.mjs	12	16603	16603	9583	0	0	0×12	
con-bloqueante	scrum1299-respaldo-smtp-deja-fila.test.mjs	12	16572	16572	164	0	0	0×12	
con-bloqueante	scrum118-db-guard-pertenencia.test.mjs	12	16570	16570	29	0	0	0×12	
con-bloqueante	scrum519-un-solo-criterio-de-cobro.test.mjs	12	16565	16565	327	0	0	0×12	
con-bloqueante	scrum530-la-alerta-que-no-puede-pronunciarse.test.mjs	12	16562	16562	524	0	0	0×12	
con-bloqueante	scrum929-el-total-del-borrador.test.mjs	12	16561	16561	145	0	0	0×12	FSReqPromise×1
con-bloqueante	scrum86-csv-formato.test.mjs	12	16538	16538	44	0	0	0×12	FSReqPromise×1
con-bloqueante	scrum889-anadir-linea-del-parte.test.mjs	12	16511	16511	460	0	0	0×12	
con-bloqueante	scrum1284-minutos-actions.test.mjs	12	16509	16509	31	0	0	0×12	
con-bloqueante	scrum466-el-firmante-ve-el-albaran.test.mjs	12	16496	16496	446	0	0	0×12	
con-bloqueante	scrum448-cobros-estado-de-carga.test.mjs	12	16470	16470	920	0	0	0×12	Timeout×1
con-bloqueante	scrum608-tipo-de-documento-en-la-cabecera.test.mjs	12	16462	16462	792	0	0	0×12	FSReqCallback×2
con-bloqueante	scrum527-la-unica-que-eran-siete.test.mjs	12	16461	16461	326	0	0	0×12	
con-bloqueante	scrum862-el-fallo-entra-en-el-denominador.test.mjs	12	16461	16461	27	0	0	0×12	
con-bloqueante	scrum1008-ficha-articulo.test.mjs	12	16409	16409	204	0	0	0×12	FSReqPromise×1
con-bloqueante	scrum300-albaran-campos.test.mjs	12	16330	16330	669	0	0	0×12	FSReqCallback×2
con-bloqueante	scrum845-la-lista-pregunta-lo-que-el-servidor-contesta.test.mjs	12	16325	16325	68	0	0	0×12	FSReqPromise×1
con-bloqueante	scrum257-albaran-desde-presupuesto.test.mjs	12	16311	16311	410	0	0	0×12	FSReqPromise×1
con-bloqueante	scrum308-caracterizacion-rectify.test.mjs	12	16302	16302	354	0	0	0×12	FSReqPromise×1
con-bloqueante	scrum1000-vigia-sesiones-jv.test.mjs	12	16300	16300	30	0	0	0×12	
con-bloqueante	scrum785-productos-y-proveedores-descuelgan.test.mjs	12	16297	16297	997	0	0	0×12	
con-bloqueante	scrum362-banco-sin-cobertura.test.mjs	12	16296	16296	744	0	0	0×12	Timeout×3
con-bloqueante	scrum424-donde-tiene-dato.test.mjs	12	16265	16265	254	0	0	0×12	FSReqPromise×1
con-bloqueante	scrum744-el-guard-mira-la-accion.test.mjs	12	16261	16261	44	0	0	0×12	
con-bloqueante	scrum1285d-plan-de-cobro-version-pantalla.test.mjs	12	16252	16252	718	0	0	0×12	
con-bloqueante	scrum611-tipo-iva-elegible.test.mjs	12	16251	16251	410	0	0	0×12	
con-bloqueante	scrum265-margen-en-recibo.test.mjs	12	16245	16245	210	0	0	0×12	
con-bloqueante	scrum627-censo-ciego.test.mjs	12	16232	16232	2345	0	0	0×12	
con-bloqueante	scrum738-el-tablero-contra-el-arbol.test.mjs	12	16222	16222	587	0	0	0×12	
con-bloqueante	scrum966-censo-ve-las-ramas.test.mjs	12	16217	16217	354	0	0	0×12	
con-bloqueante	scrum249-latido-turno.test.mjs	12	16210	16210	36	0	0	0×12	
con-bloqueante	scrum1270-pr-mudo-avisado-en-el-pr.test.mjs	12	16201	16201	61	0	0	0×12	
con-bloqueante	scrum1175-horas-del-parte.test.mjs	12	16180	16180	52	0	0	0×12	
con-bloqueante	scrum71c-voz-albaran-ui.test.mjs	12	16179	16179	55	0	0	0×12	
con-bloqueante	scrum849-escritura-no-afloja.test.mjs	12	16177	16177	1529	0	0	0×12	FSReqPromise×1
con-bloqueante	scrum635-el-csv-sin-iva-y-con-coste.test.mjs	12	16176	16176	31	0	0	0×12	
con-bloqueante	scrum666-banco-lee-css.test.mjs	12	16170	16170	302	0	0	0×12	
con-bloqueante	scrum756-el-rechazo-se-ve.test.mjs	12	16167	16167	1314	0	0	0×12	
con-bloqueante	scrum203-embudo-factura.test.mjs	12	16136	16136	2184	0	0	0×12	
con-bloqueante	scrum634-banco-atributo-no-copiado.test.mjs	12	16110	16110	285	0	0	0×12	
con-bloqueante	scrum511-exencion-por-mencion.test.mjs	12	16108	16108	5349	0	0	0×12	
con-bloqueante	scrum1003-1004-vcard-como-llegar.test.mjs	12	16097	16097	598	0	0	0×12	
con-bloqueante	scrum603-descripcion-en-el-pdf.test.mjs	12	16091	16091	405	0	0	0×12	FSReqCallback×2
con-bloqueante	scrum173-cadena-verifactu-serializada.test.mjs	12	16082	16082	71	0	0	0×12	
con-bloqueante	scrum707-estado-no-contemplado.test.mjs	12	16076	16076	45	0	0	0×12	
con-bloqueante	scrum402-marcador-no-se-pinta.test.mjs	12	15998	15998	1311	0	0	0×12	
con-bloqueante	scrum1213-quoteadmin-tenencia-fail-closed.test.mjs	12	15986	15986	57	0	0	0×12	FSReqPromise×1
con-bloqueante	scrum1093-bulk-paid-hoy-de-madrugada.test.mjs	12	15977	15977	321	0	0	0×12	FSReqPromise×1
con-bloqueante	scrum284-dos-poblaciones.test.mjs	12	15946	15946	444	0	0	0×12	
con-bloqueante	scrum915d-pasos-del-editor.test.mjs	12	15942	15942	656	0	0	0×12	Timeout×1
con-bloqueante	scrum1164-ocultar-en-receipt-inicio-planes.test.mjs	12	15937	15937	864	0	0	0×12	
con-bloqueante	scrum857-union-de-vias.test.mjs	12	15932	15932	151	0	0	0×12	
con-bloqueante	scrum629-telefono-que-no-se-destruye.test.mjs	12	15922	15922	165	0	0	0×12	
con-bloqueante	scrum736-el-suelo-que-no-avisa.test.mjs	12	15893	15893	4179	0	0	0×12	
con-bloqueante	scrum370-gastos-del-trabajo.test.mjs	12	15885	15885	42	0	0	0×12	
con-bloqueante	scrum1189b-tipo-contra-la-ruta-real.test.mjs	12	15872	15872	460	0	0	0×12	
con-bloqueante	scrum973-titulo-del-pr.test.mjs	12	15802	15802	140	0	0	0×12	
con-bloqueante	scrum841-el-escritor-del-albaran.test.mjs	12	15802	15802	1107	0	0	0×12	FSReqPromise×1
con-bloqueante	scrum728d-ms-en-loopback.test.mjs	12	15782	15782	1565	0	0	0×12	
con-bloqueante	scrum986-chip-whatsapp-en-la-lista.test.mjs	12	15776	15776	663	0	0	0×12	FSReqPromise×1 CloseReq×1
con-bloqueante	scrum647-presupuesto-tambien-neutral.test.mjs	12	15762	15762	661	0	0	0×12	FSReqCallback×2
con-bloqueante	scrum684-albaran-en-averia.test.mjs	12	15731	15731	31	0	0	0×12	
con-bloqueante	scrum441-selector-metodo.test.mjs	12	15730	15730	39	0	0	0×12	
con-bloqueante	billingPlan.test.mjs	12	15730	15730	33	0	0	0×12	
con-bloqueante	scrum145-verifactu-xsd.test.mjs	12	15725	15725	72	0	0	0×12	FSReqPromise×1
con-bloqueante	scrum445-cobros-sin-duplicar.test.mjs	12	15705	15705	60	0	0	0×12	FSReqPromise×1
con-bloqueante	scrum313-continuidad-numeracion.test.mjs	12	15660	15660	108	0	0	0×12	FSReqPromise×1
con-bloqueante	scrum1291-fusion-mueve-direcciones-de-obra.test.mjs	12	15637	15637	305	0	0	0×12	FSReqPromise×1
con-bloqueante	scrum604b-desglose-presupuesto.test.mjs	12	15631	15631	612	0	0	0×12	FSReqCallback×2
con-bloqueante	scrum1186-textos-al-duplicar-y-borrador.test.mjs	12	15618	15618	1425	0	0	0×12	Timeout×1
con-bloqueante	scrum226-url-credencial-en-argv.test.mjs	12	15617	15617	4130	0	0	0×12	
con-bloqueante	scrum951d-ensayo-instalacion.test.mjs	12	15615	15615	33	0	0	0×12	
con-bloqueante	scrum71-voz-albaran.test.mjs	12	15613	15613	105	0	0	0×12	FSReqPromise×1
con-bloqueante	scrum207-misma-tx.test.mjs	12	15611	15611	737	0	0	0×12	
con-bloqueante	scrum769-el-motivo-de-las-dos-que-no.test.mjs	12	15572	15572	686	0	0	0×12	
con-bloqueante	scrum983-la-ficha-360-carga-lo-que-edita.test.mjs	12	15558	15558	743	0	0	0×12	
con-bloqueante	scrum681-esperar-la-condicion.test.mjs	12	15536	15536	35	0	0	0×12	
con-bloqueante	scrum864-el-temporal-que-se-borra.test.mjs	12	15531	15531	81	0	0	0×12	
con-bloqueante	scrum548-peaje-package-json.test.mjs	12	15530	15530	52	0	0	0×12	
con-bloqueante	scrum351-diagnostico-dependencias.test.mjs	12	15516	15516	50	0	0	0×12	
con-bloqueante	scrum694-los-guards-migrados.test.mjs	12	15483	15483	3559	0	0	0×12	
con-bloqueante	scrum415-version-del-sello.test.mjs	12	15461	15461	33	0	0	0×12	
con-bloqueante	scrum907-cobrado-de-mas.test.mjs	12	15457	15457	417	0	0	0×12	
con-bloqueante	scrum403-beneficio-sin-iva.test.mjs	12	15416	15416	383	0	0	0×12	
con-bloqueante	scrum1257-vacio-facturas-segun-modo.test.mjs	12	15411	15411	544	0	0	0×12	
con-bloqueante	scrum837-decisiones-encerradas.test.mjs	12	15392	15392	6477	0	0	0×12	
con-bloqueante	scrum398-vocabulario-de-cobro.test.mjs	12	15385	15385	353	0	0	0×12	
con-bloqueante	scrum460-precarga-al-movil.test.mjs	12	15341	15341	547	0	0	0×12	
con-bloqueante	scrum1371-reintentar-no-vuelve-a-crear.test.mjs	12	15338	15338	481	0	0	0×12	Timeout×2
con-bloqueante	scrum590b-el-campo-en-la-pantalla.test.mjs	12	15278	15278	839	0	0	0×12	
con-bloqueante	scrum801-el-respaldo-de-la-n.test.mjs	12	15263	15263	1919	0	0	0×12	
con-bloqueante	scrum655c-pantalla-revisiones.test.mjs	12	15246	15246	296	0	0	0×12	
con-bloqueante	scrum1302f-envio-sin-telefono.test.mjs	12	15223	15223	885	0	0	0×12	
con-bloqueante	scrum742-internos-de-prisma.test.mjs	12	15223	15223	5700	0	0	0×12	
con-bloqueante	scrum575-nif-espanol.test.mjs	12	15220	15220	30	0	0	0×12	
con-bloqueante	scrum293-cero-literales-retencion.test.mjs	12	15174	15174	1076	0	0	0×12	
con-bloqueante	scrum440-tenencia-supresion.test.mjs	12	15138	15138	1475	0	0	0×12	FSReqPromise×1
con-bloqueante	scrum815-el-modelo-apunta-a-la-tabla.test.mjs	12	15135	15135	47	0	0	0×12	FSReqPromise×1
con-bloqueante	scrum378-carga-por-pagina.test.mjs	12	15128	15128	4144	0	0	0×12	
con-bloqueante	scrum748-no-lo-se-no-es-al-dia.test.mjs	12	15127	15127	844	0	0	0×12	
con-bloqueante	scrum315-checklist-hasta-el-cobro.test.mjs	12	14965	14965	31	0	0	0×12	
con-bloqueante	scrum228-desglose-empleado-suma.test.mjs	12	14915	14915	398	0	0	0×12	
con-bloqueante	scrum293-tres-estados-retencion.test.mjs	12	14871	14871	31	0	0	0×12	
con-bloqueante	scrum904-completar-lleva-al-campo.test.mjs	12	14862	14862	50	0	0	0×12	
con-bloqueante	scrum908c-la-cola-que-se-pierde.test.mjs	12	14842	14842	4269	0	0	0×12	ProcessWrap×1
con-bloqueante	scrum349-copy-no-comentarios.test.mjs	12	14832	14832	736	0	0	0×12	
con-bloqueante	scrum1164-ocultar-en-receipt-ficha-trabajo.test.mjs	12	14827	14827	946	0	0	0×12	
con-bloqueante	scrum382-foto-duplicada.test.mjs	12	14819	14819	30	0	0	0×12	
con-bloqueante	scrum777-el-modal-escondido-no-mata-la-n.test.mjs	12	14812	14812	1197	0	0	0×12	
con-bloqueante	scrum302-patron-albaran.test.mjs	12	14794	14794	30	0	0	0×12	
con-bloqueante	scrum609b-switch-tipo-articulo.test.mjs	12	14781	14781	274	0	0	0×12	
con-bloqueante	scrum792-barra-alcanzable-en-movil.test.mjs	12	14768	14768	470	0	0	0×12	
con-bloqueante	scrum776-una-sola-voz.test.mjs	12	14767	14767	156	0	0	0×12	
con-bloqueante	scrum271-cantidad-sin-inventar.test.mjs	12	14750	14750	26	0	0	0×12	
con-bloqueante	scrum367-quote-line-index.test.mjs	12	14740	14740	247	0	0	0×12	FSReqPromise×1
con-bloqueante	scrum960-nif-del-proveedor.test.mjs	12	14734	14734	151	0	0	0×12	
con-bloqueante	scrum554-el-censo-no-confunde-el-numero.test.mjs	12	14712	14712	986	0	0	0×12	
con-bloqueante	scrum328-aviso-bizum-sin-telefono.test.mjs	12	14696	14696	57	0	0	0×12	
con-bloqueante	scrum832-atras-vuelve-a-la-lista.test.mjs	12	14692	14692	361	0	0	0×12	
con-bloqueante	scrum1175c-datos-del-parte-plegados.test.mjs	12	14677	14677	628	0	0	0×12	
con-bloqueante	scrum266-ttl-desatado.test.mjs	12	14671	14671	730	0	0	0×12	
con-bloqueante	scrum1070-vivas-relevo.test.mjs	12	14671	14671	24	0	0	0×12	
con-bloqueante	scrum694c-el-corte-a-pelo.test.mjs	12	14667	14667	420	0	0	0×12	
con-bloqueante	scrum570-cr-en-disco.test.mjs	12	14645	14645	36	0	0	0×12	
con-bloqueante	scrum265-timeouts-tanda.test.mjs	12	14635	14635	301	0	0	0×12	
con-bloqueante	scrum854-todo-merge-deja-entrada.test.mjs	12	14618	14618	152	0	0	0×12	
con-bloqueante	scrum650-asignacion-a-varios.test.mjs	12	14611	14611	73	0	0	0×12	
con-bloqueante	scrum860-trinquete-del-select.test.mjs	12	14599	14599	5108	0	0	0×12	
con-bloqueante	scrum625-formato-importe-pdf.test.mjs	12	14597	14597	628	0	0	0×12	FSReqCallback×2
con-bloqueante	scrum37-plan-front-vs-back.test.mjs	12	14595	14595	36	0	0	0×12	
con-bloqueante	scrum804b-el-barrido-de-la-42.test.mjs	12	14591	14591	9884	0	0	0×12	
con-bloqueante	scrum297-paquete-piezas.test.mjs	12	14575	14575	317	0	0	0×12	
con-bloqueante	scrum412-primaria-nunca-es-sm.test.mjs	12	14542	14542	209	0	0	0×12	
con-bloqueante	scrum708-el-fichero-que-no-corre.test.mjs	12	14539	14539	3737	0	0	0×12	
con-bloqueante	scrum786-irreversibles-44px.test.mjs	12	14523	14523	420	0	0	0×12	
con-bloqueante	scrum505-dato-personal-en-contenido.test.mjs	12	14497	14497	31	0	0	0×12	
con-bloqueante	scrum643-huso-del-sello-fiscal.test.mjs	12	14496	14496	350	0	0	0×12	FSReqPromise×1
con-bloqueante	scrum888c-descuentos-en-lineas.test.mjs	12	14487	14487	112	0	0	0×12	
con-bloqueante	scrum850-la-poblacion-del-instrumento.test.mjs	12	14483	14483	1593	0	0	0×12	
con-bloqueante	scrum815-referido-una-sola-vez.test.mjs	12	14482	14482	25	0	0	0×12	
con-bloqueante	scrum1382-borrador-no-es-fallo-real.test.mjs	12	14477	14477	86	0	0	0×12	
con-bloqueante	scrum259-diagnostico-ausencia.test.mjs	12	14444	14444	34	0	0	0×12	
con-bloqueante	scrum793-la-carrera-del-token.test.mjs	12	14420	14420	25	0	0	0×12	
con-bloqueante	scrum474-filtro-cobros-un-cubo.test.mjs	12	14397	14397	533	0	0	0×12	FSReqPromise×1 CloseReq×1
con-bloqueante	scrum210-semaforo-payload.test.mjs	12	14355	14355	30	0	0	0×12	
con-bloqueante	scrum589-nombre-por-documento.test.mjs	12	14331	14331	127	0	0	0×12	
con-bloqueante	scrum686-cabecera-y-pie-viajan.test.mjs	12	14331	14331	29	0	0	0×12	
con-bloqueante	scrum1365-cobrar-resto-solo-aceptados.test.mjs	12	14328	14328	375	0	0	0×12	
con-bloqueante	scrum1193-mas-acciones-44.test.mjs	12	14317	14317	290	0	0	0×12	
con-bloqueante	scrum521-resolvedor-de-importadores.test.mjs	12	14299	14299	1323	0	0	0×12	
con-bloqueante	scrum1296-esquema-cola.test.mjs	12	14296	14296	347	0	0	0×12	
con-bloqueante	scrum83-render-paralelo.test.mjs	12	14231	14231	168	0	0	0×12	
con-bloqueante	scrum413-tipo-factura-cerrado.test.mjs	12	14228	14228	1475	0	0	0×12	FSReqPromise×1
con-bloqueante	scrum918-arranque-sin-red.test.mjs	12	14211	14211	33	0	0	0×12	
con-bloqueante	scrum768-listas-sin-atajo.test.mjs	12	14203	14203	6628	0	0	0×12	
con-bloqueante	scrum294b-devengo-por-cobro.test.mjs	12	14202	14202	51	0	0	0×12	
con-bloqueante	scrum692-un-formulario-no-borra-lo-que-no-muestra.test.mjs	12	14153	14153	560	0	0	0×12	
con-bloqueante	scrum728-serie-ocupada-postgres.test.mjs	12	14146	14146	14875	0	0	0×12	
con-bloqueante	scrum624c-total-canonico.test.mjs	12	14128	14128	576	0	0	0×12	FSReqPromise×1
con-bloqueante	scrum3-bizum-auto.test.mjs	12	14124	14124	30	0	0	0×12	
con-bloqueante	scrum815-idempotencia-del-webhook.test.mjs	12	14118	14118	820	0	0	0×12	FSReqPromise×1
con-bloqueante	scrum979-ultima-visita.test.mjs	12	14112	14112	524	0	0	0×12	
con-bloqueante	scrum475-un-solo-emisor.test.mjs	12	14107	14107	430	0	0	0×12	
con-bloqueante	scrum1331-sin-red-se-dice.test.mjs	12	14093	14093	884	0	0	0×12	
con-bloqueante	scrum593c-todas-las-puertas-del-documento.test.mjs	12	14046	14046	349	0	0	0×12	
con-bloqueante	scrum746-barrera-y-punto-de-conexion.test.mjs	12	14037	14037	91	0	0	0×12	
con-bloqueante	scrum858b-la-tanda-sin-veredicto.test.mjs	12	14034	14034	8794	0	0	0×12	
con-bloqueante	scrum294a-recargo-en-cliente.test.mjs	12	14031	14031	52	0	0	0×12	
con-bloqueante	scrum170-facturacion-parcial.test.mjs	12	14011	14011	67	0	0	0×12	
con-bloqueante	scrum153d-ui-anular.test.mjs	12	13994	13994	35	0	0	0×12	
con-bloqueante	scrum1239-alta-cliente-sin-conexion.test.mjs	12	13983	13983	834	0	0	0×12	
con-bloqueante	scrum1214-clasificador-apretado.test.mjs	12	13977	13977	30	0	0	0×12	
con-bloqueante	scrum502-pasarela-no-resucita-anulada.test.mjs	12	13942	13942	66	0	0	0×12	FSReqPromise×1
con-bloqueante	scrum1287-descripcion-no-se-corta.test.mjs	12	13933	13933	548	0	0	0×12	
con-bloqueante	scrum877-la-novena-a-pelo.test.mjs	12	13928	13928	1213	0	0	0×12	
con-bloqueante	scrum726-quien-firma-la-microcopy.test.mjs	12	13918	13918	179	0	0	0×12	
con-bloqueante	scrum705-procedimiento-unico.test.mjs	12	13918	13918	368	0	0	0×12	
con-bloqueante	scrum711b-escritorio-36.test.mjs	12	13916	13916	306	0	0	0×12	
con-bloqueante	scrum1380-suelo-corrio-y-no-reporto.test.mjs	12	13911	13911	23	0	0	0×12	
con-bloqueante	scrum472-seed-no-fabrica-firmas.test.mjs	12	13868	13868	2865	0	0	0×12	
con-bloqueante	scrum263-sin-lineas-409.test.mjs	12	13863	13863	425	0	0	0×12	
con-bloqueante	scrum728b-aviso-legible.test.mjs	12	13838	13838	599	0	0	0×12	
con-bloqueante	scrum1223-motivos-de-rechazo.test.mjs	12	13826	13826	26	0	0	0×12	
con-bloqueante	scrum183-consola-e2e.test.mjs	12	13805	13805	28	0	0	0×12	
con-bloqueante	scrum244-puerta-portabilidad.test.mjs	12	13721	13721	415	0	0	0×12	FSReqPromise×1
con-bloqueante	scrum433-dispatch-sin-camino.test.mjs	12	13712	13712	485	0	0	0×12	
con-bloqueante	scrum624-cuantos-sitios-calculan-dinero.test.mjs	12	13712	13712	1322	0	0	0×12	
con-bloqueante	scrum1170-seccion-facturas-modo-recibo.test.mjs	12	13703	13703	580	0	0	0×12	
con-bloqueante	scrum1169-linea-tiempo-modo-recibo.test.mjs	12	13703	13703	577	0	0	0×12	
con-bloqueante	scrum637-un-numero-una-regla.test.mjs	12	13668	13668	210	0	0	0×12	
con-bloqueante	scrum705-cadena-tecnosel.test.mjs	12	13663	13663	954	0	0	0×12	
con-bloqueante	scrum807-esquemas-del-href.test.mjs	12	13602	13602	350	0	0	0×12	
con-bloqueante	scrum274-huella-estaticos.test.mjs	12	13571	13571	85	0	0	0×12	
con-bloqueante	scrum297-lector-paquete-v2.test.mjs	12	13567	13567	228	0	0	0×12	FSReqPromise×1
con-bloqueante	billingPlanView.test.mjs	12	13542	13542	35	0	0	0×12	
con-bloqueante	scrum1166-detalle-quote-tiene-numero.test.mjs	12	13526	13526	64	0	0	0×12	FSReqPromise×1
con-bloqueante	scrum910-la-transferencia-que-no-mira.test.mjs	12	13519	13519	343	0	0	0×12	TCPServerWrap×1 TCPSocketWrap×2 Immediate×1
con-bloqueante	scrum37-editar-tramos.test.mjs	12	13510	13510	28	0	0	0×12	
con-bloqueante	scrum453-precache-con-huella.test.mjs	12	13497	13497	22	0	0	0×12	
con-bloqueante	scrum474-dos-copias-atadas.test.mjs	12	13474	13474	2061	0	0	0×12	
con-bloqueante	scrum765-la-puerta-y-el-suelo.test.mjs	12	13473	13473	10394	0	0	0×12	
con-bloqueante	scrum965-un-solo-documento.test.mjs	12	13455	13455	45	0	0	0×12	
con-bloqueante	scrum405-descarga-verificada.test.mjs	12	13453	13453	766	0	0	0×12	
con-bloqueante	scrum180-fixtures-nunca-a-meta.test.mjs	12	13375	13375	119	0	0	0×12	FSReqPromise×1
con-bloqueante	scrum462-firmado-sin-sobre.test.mjs	12	13358	13358	684	0	0	0×12	
con-bloqueante	scrum895-boton-imposible.test.mjs	12	13326	13326	47	0	0	0×12	
con-bloqueante	scrum368-contraste-tokens.test.mjs	12	13295	13295	31	0	0	0×12	
con-bloqueante	scrum334-destino-de-los-cta.test.mjs	12	13291	13291	700	0	0	0×12	SimpleShutdownWrap×1 TCPServerWrap×1 TCPSocketWrap×1 FSReqCallback×1
con-bloqueante	scrum1127-sif-cola.test.mjs	12	13285	13285	21	0	0	0×12	
con-bloqueante	scrum339-importador-productos.test.mjs	12	13282	13282	79	0	0	0×12	FSReqPromise×1
con-bloqueante	scrum810b-los-suelos-derivados.test.mjs	12	13258	13258	3395	0	0	0×12	
con-bloqueante	scrum364-cambiar-gremio.test.mjs	12	13237	13237	400	0	0	0×12	
con-bloqueante	scrum928b-el-veredicto-que-el-color-tapa.test.mjs	12	13234	13234	790	0	0	0×12	
con-bloqueante	scrum1135-etiquetar-seleccion.test.mjs	12	13233	13233	843	0	0	0×12	
con-bloqueante	scrum590-el-movil-es-el-canal.test.mjs	12	13222	13222	110	0	0	0×12	
con-bloqueante	scrum850b-las-formas-que-mienten.test.mjs	12	13219	13219	3482	0	0	0×12	
con-bloqueante	scrum1033-1034-cabecera-etiquetas-cliente.test.mjs	12	13215	13215	3213	0	0	0×12	Timeout×2
con-bloqueante	scrum1321-el-resumen-no-prueba-el-final.test.mjs	12	13194	13194	537	0	0	0×12	
con-bloqueante	scrum218-flag-fiscal-auditado.test.mjs	12	13156	13156	63	0	0	0×12	FSReqPromise×1
con-bloqueante	scrum25-entrega-zip.test.mjs	12	13141	13141	71	0	0	0×12	FSReqPromise×1
con-bloqueante	scrum1205-cobrar-resto-lista-modo.test.mjs	12	13109	13109	1087	0	0	0×12	
con-bloqueante	scrum1106-respuestas-ia-no-son-del-asesor.test.mjs	12	13107	13107	36	0	0	0×12	
con-bloqueante	scrum1269-retencion-irpf-se-guarda.test.mjs	12	13102	13102	140	0	0	0×12	FSReqPromise×1
con-bloqueante	scrum436-un-solo-formato-euros.test.mjs	12	13098	13098	1011	0	0	0×12	
con-bloqueante	scrum431-sobre-lee-vivo.test.mjs	12	13087	13087	33	0	0	0×12	
con-bloqueante	scrum844b-que-documento-se-declara.test.mjs	12	13071	13071	64	0	0	0×12	FSReqPromise×1
con-bloqueante	scrum37b-agregacion-por-job.test.mjs	12	13065	13065	72	0	0	0×12	FSReqPromise×1
con-bloqueante	scrum164-gate-por-campo.test.mjs	12	13051	13051	56	0	0	0×12	
con-bloqueante	scrum457-logout-purga-claves.test.mjs	12	13048	13048	1326	0	0	0×12	
con-bloqueante	scrum151-sin-tramos.test.mjs	12	13045	13045	45	0	0	0×12	
con-bloqueante	scrum661-el-coste-no-llega-al-papel.test.mjs	12	13043	13043	772	0	0	0×12	FSReqCallback×2
con-bloqueante	scrum138-export-selectivo.test.mjs	12	13035	13035	51	0	0	0×12	FSReqPromise×1
con-bloqueante	scrum324-cadena-hasta-el-libro.test.mjs	12	13012	13012	922	0	0	0×12	
con-bloqueante	invoiceNumber.test.mjs	12	13010	13010	58	0	0	0×12	FSReqPromise×1
con-bloqueante	scrum240-sobre-unico.test.mjs	12	13003	13003	1432	0	0	0×12	
con-bloqueante	scrum534d-extractores-a-mano.test.mjs	12	12975	12975	266	0	0	0×12	
con-bloqueante	scrum910d-microcopy-recibo-pendiente.test.mjs	12	12924	12924	280	0	0	0×12	SimpleShutdownWrap×1 TCPServerWrap×1 TCPSocketWrap×1
con-bloqueante	scrum1188-plantilla-guarda-el-cobro.test.mjs	12	12910	12910	2833	0	0	0×12	Timeout×5
con-bloqueante	scrum1285c-censo-escrituras-sin-version.test.mjs	12	12892	12892	1004	0	0	0×12	
con-bloqueante	scrum245-exencion-demo.test.mjs	12	12891	12891	337	0	0	0×12	
con-bloqueante	scrum844-sellar-dentro-de-transaccion.test.mjs	12	12888	12888	75	0	0	0×12	FSReqPromise×1
con-bloqueante	scrum1245b-patron-de-la-tanda-entre-comillas.test.mjs	12	12822	12822	373	0	0	0×12	
con-bloqueante	scrum153b-annulled-vistas.test.mjs	12	12821	12821	41	0	0	0×12	
con-bloqueante	scrum992-partes-recortan-por-rol.test.mjs	12	12819	12819	1752	0	0	0×12	
con-bloqueante	scrum463-firmante-ve-el-contenido.test.mjs	12	12798	12798	352	0	0	0×12	
con-bloqueante	scrum62-albaran-ventana.test.mjs	12	12785	12785	29	0	0	0×12	
con-bloqueante	scrum815-disputa-una-sola-vez.test.mjs	12	12758	12758	94	0	0	0×12	
con-bloqueante	scrum191-paid-via.test.mjs	12	12735	12735	33	0	0	0×12	
con-bloqueante	scrum495-tres-registros.test.mjs	12	12732	12732	34	0	0	0×12	
con-bloqueante	scrum772-rechazo-iva-visible.test.mjs	12	12702	12702	377	0	0	0×12	
con-bloqueante	scrum286-censo-nuevo-presupuesto.test.mjs	12	12696	12696	437	0	0	0×12	
con-bloqueante	scrum1142-irreversibles-factura-44.test.mjs	12	12679	12679	457	0	0	0×12	
con-bloqueante	scrum496-anulada-no-vuelve-en-lote.test.mjs	12	12627	12627	79	0	0	0×12	FSReqPromise×1
con-bloqueante	scrum618-leer-el-ci.test.mjs	12	12626	12626	20	0	0	0×12	
con-bloqueante	scrum648b-motivo-del-ambar.test.mjs	12	12617	12617	264	0	0	0×12	FSReqPromise×1
con-bloqueante	scrum894-falta-en-otra-pestana.test.mjs	12	12577	12577	50	0	0	0×12	
con-bloqueante	scrum147-roles-fail-closed.test.mjs	12	12557	12557	48	0	0	0×12	
con-bloqueante	scrum1285b-plan-de-cobro-con-version.test.mjs	12	12554	12554	221	0	0	0×12	
con-bloqueante	scrum1041-facturas-emitidas-sin-marcador.test.mjs	12	12542	12542	235	0	0	0×12	
con-bloqueante	scrum650b-tres-ejes.test.mjs	12	12527	12527	32	0	0	0×12	
con-bloqueante	scrum1363-tests-que-cubren.test.mjs	12	12510	12510	6602	0	0	0×12	
con-bloqueante	scrum988-revisiones-en-la-ficha.test.mjs	12	12474	12474	785	0	0	0×12	
con-bloqueante	scrum784-el-cuarto-veredicto.test.mjs	12	12449	12449	2419	0	0	0×12	
con-bloqueante	scrum377-plural-de-programador.test.mjs	12	12418	12418	242	0	0	0×12	
con-bloqueante	scrum729-el-cliente-congelado-en-el-cliente.test.mjs	12	12412	12412	41	0	0	0×12	
con-bloqueante	scrum140-plantilla-argumento.test.mjs	12	12378	12378	150	0	0	0×12	
con-bloqueante	scrum604-desglose-en-el-pdf.test.mjs	12	12363	12363	397	0	0	0×12	FSReqCallback×2
con-bloqueante	scrum794-un-solo-anadir-linea.test.mjs	12	12354	12354	604	0	0	0×12	
con-bloqueante	scrum835-credenciales-en-el-historial.test.mjs	12	12350	12350	7465	0	0	0×12	ProcessWrap×1
con-bloqueante	scrum1271-importe-pendiente-de-facturar.test.mjs	12	12344	12344	282	0	0	0×12	FSReqPromise×1
con-bloqueante	scrum393-marcadores-de-conflicto.test.mjs	12	12338	12338	780	0	0	0×12	
con-bloqueante	scrum468-firma-ve-lo-que-firma.test.mjs	12	12337	12337	458	0	0	0×12	FSReqPromise×1
con-bloqueante	whatsappLog.test.mjs	12	12300	12300	63	0	0	0×12	FSReqPromise×1
con-bloqueante	scrum609-margen-catalogo.test.mjs	12	12296	12296	24	0	0	0×12	
con-bloqueante	scrum69-pendientes-facturar.test.mjs	12	12257	12257	246	0	0	0×12	FSReqPromise×1
con-bloqueante	scrum1397-el-tecnico-ve-sus-facturas.test.mjs	12	12245	12245	2464	0	0	0×12	
con-bloqueante	scrum139-cuadernillo.test.mjs	12	12196	12196	65	0	0	0×12	
con-bloqueante	scrum473-metodo-validado.test.mjs	12	12192	12192	35	0	0	0×12	
con-bloqueante	scrum1229-firma-del-tecnico-viaje.test.mjs	12	12189	12189	611	0	0	0×12	
con-bloqueante	scrum632-los-dos-cortes-de-la-linea.test.mjs	12	12178	12178	50	0	0	0×12	
con-bloqueante	scrum815-el-correo-una-sola-vez.test.mjs	12	12160	12160	211	0	0	0×12	
con-bloqueante	scrum743b-cantidad-presencial-igual-que-remota.test.mjs	12	12114	12114	632	0	0	0×12	FSReqPromise×1
con-bloqueante	scrum814-recuento-dentro.test.mjs	12	12094	12094	420	0	0	0×12	
con-bloqueante	scrum206-sin-huella-no-salen-bytes.test.mjs	12	12082	12082	295	0	0	0×12	FSReqPromise×1
con-bloqueante	scrum700-filtros-de-comentario.test.mjs	12	12079	12079	212	0	0	0×12	
con-bloqueante	scrum675-ancla-por-identidad.test.mjs	12	12078	12078	28	0	0	0×12	
con-bloqueante	scrum424-lugar-al-crear.test.mjs	12	12067	12067	29	0	0	0×12	
con-bloqueante	scrum347-origen-de-la-factura.test.mjs	12	12063	12063	620	0	0	0×12	FSReqPromise×1
con-bloqueante	scrum244-registro-portabilidad.test.mjs	12	12061	12061	65	0	0	0×12	FSReqPromise×1
con-bloqueante	scrum205-un-solo-punto-de-sellado.test.mjs	12	12059	12059	1910	0	0	0×12	
con-bloqueante	scrum81-allocate-flags.test.mjs	12	12058	12058	59	0	0	0×12	FSReqPromise×1
con-bloqueante	scrum273-registro-por-fichero.test.mjs	12	12037	12037	32	0	0	0×12	
con-bloqueante	scrum725b-el-aviso-se-pinta.test.mjs	12	12009	12009	526	0	0	0×12	
con-bloqueante	scrum1093-quotenumber-zona-merchant.test.mjs	12	12004	12004	71	0	0	0×12	FSReqPromise×1
con-bloqueante	scrum1266-marca-dato-inventado.test.mjs	12	11999	11999	580	0	0	0×12	
con-bloqueante	restauracion-del-arbol-ejecutable.test.mjs	12	11985	11985	2389	0	0	0×12	
con-bloqueante	scrum727b-asignados-en-la-lista.test.mjs	12	11966	11966	317	0	0	0×12	
con-bloqueante	scrum489-mp-no-inventa-metodo.test.mjs	12	11964	11964	490	0	0	0×12	
con-bloqueante	scrum1089b-espejo-skills-agentes.test.mjs	12	11923	11923	34	0	0	0×12	
con-bloqueante	scrum701-sellado-ve-las-dos-comillas.test.mjs	12	11918	11918	60	0	0	0×12	
con-bloqueante	scrum338-carga-de-catalogo-no-muda.test.mjs	12	11917	11917	40	0	0	0×12	
con-bloqueante	scrum1302a-marca-en-la-vista-de-oficina.test.mjs	12	11900	11900	489	0	0	0×12	
con-bloqueante	scrum669-restos-de-doc08.test.mjs	12	11889	11889	514	0	0	0×12	
con-bloqueante	dashboard-colision-declaraciones.test.mjs	12	11888	11888	648	0	0	0×12	
con-bloqueante	scrum104-leeme-criterios.test.mjs	12	11886	11886	43	0	0	0×12	FSReqPromise×1
con-bloqueante	scrum715-consta-por-identidad.test.mjs	12	11884	11884	370	0	0	0×12	
con-bloqueante	scrum372-un-dato-un-nombre.test.mjs	12	11864	11864	1455	0	0	0×12	
con-bloqueante	scrum504-cantidad-vacia.test.mjs	12	11863	11863	396	0	0	0×12	
con-bloqueante	scrum290-adicional.test.mjs	12	11858	11858	459	0	0	0×12	
con-bloqueante	scrum985-el-aviso-de-importar-no-promete-excel.test.mjs	12	11853	11853	61	0	0	0×12	
con-bloqueante	scrum1057b-fusion-clientes-postgres.test.mjs	12	11844	11844	997	0	0	0×12	
con-bloqueante	scrum632c-el-payload-se-construye.test.mjs	12	11843	11843	34	0	0	0×12	
con-bloqueante	scrum846c-trinquete-instrumentos-con-caso.test.mjs	12	11831	11831	4501	0	0	0×12	
con-bloqueante	scrum917f-lo-que-falta.test.mjs	12	11826	11826	43	0	0	0×12	
con-bloqueante	scrum246-sin-lineas-no-se-emite.test.mjs	12	11824	11824	1539	0	0	0×12	
con-bloqueante	scrum728-seccion-critica-de-la-serie.test.mjs	12	11803	11803	915	0	0	0×12	
con-bloqueante	scrum226-url-bd-sin-parseo-a-mano.test.mjs	12	11799	11799	3330	0	0	0×12	
con-bloqueante	scrum865-un-solo-minimo-para-la-landing.test.mjs	12	11768	11768	231	0	0	0×12	
con-bloqueante	scrum810-el-suelo-a-la-primera.test.mjs	12	11749	11749	2179	0	0	0×12	
con-bloqueante	scrum908-la-muda-se-explica.test.mjs	12	11742	11742	274	0	0	0×12	
con-bloqueante	scrum381-scripts-cargables.test.mjs	12	11725	11725	3349	0	0	0×12	
con-bloqueante	scrum881-el-detector-sin-fecha.test.mjs	12	11723	11723	62	0	0	0×12	FSReqPromise×1
con-bloqueante	scrum624b-guardado-vs-impreso.test.mjs	12	11699	11699	445	0	0	0×12	FSReqCallback×2
con-bloqueante	scrum441-cobros-leen-paid-via.test.mjs	12	11687	11687	65	0	0	0×12	FSReqPromise×1
con-bloqueante	scrum486-preferencia-traducida.test.mjs	12	11679	11679	480	0	0	0×12	
con-bloqueante	scrum804-el-guard-no-es-el-numero.test.mjs	12	11662	11662	358	0	0	0×12	
con-bloqueante	scrum720-marcadores-en-lo-pintado.test.mjs	12	11658	11658	35	0	0	0×12	
con-bloqueante	scrum747-validar-antes-de-normalizar.test.mjs	12	11634	11634	1207	0	0	0×12	FSReqPromise×1
con-bloqueante	scrum139-acciones-linea.test.mjs	12	11611	11611	66	0	0	0×12	
con-bloqueante	scrum427-notas-internas-detalle.test.mjs	12	11598	11598	447	0	0	0×12	
con-bloqueante	scrum1216a-serie-sin-promesa.test.mjs	12	11589	11589	423	0	0	0×12	
con-bloqueante	scrum749-la-primitiva-que-normaliza.test.mjs	12	11588	11588	253	0	0	0×12	FSReqPromise×1
con-bloqueante	scrum467-tecnico-ve-lo-suyo.test.mjs	12	11588	11588	61	0	0	0×12	
con-bloqueante	scrum1061-fotos-en-historial.test.mjs	12	11584	11584	417	0	0	0×12	
con-bloqueante	scrum272-criterio-referencial.test.mjs	12	11557	11557	27	0	0	0×12	
con-bloqueante	scrum139-plantillas-rapidas.test.mjs	12	11536	11536	70	0	0	0×12	
con-bloqueante	scrum475-schema-vs-sql.test.mjs	12	11523	11523	2305	0	0	0×12	
con-bloqueante	scrum1184-serie-siguiente-numero.test.mjs	12	11518	11518	329	0	0	0×12	FSReqPromise×1
con-bloqueante	scrum685b-parte-numero-unico.test.mjs	12	11503	11503	289	0	0	0×12	
con-bloqueante	scrum1040-facturas-recibidas-servidor.test.mjs	12	11497	11497	94	0	0	0×12	FSReqPromise×1
con-bloqueante	scrum375-recarga-no-es-escritura.test.mjs	12	11463	11463	352	0	0	0×12	
con-bloqueante	scrum293-retencion-control-negativo.test.mjs	12	11462	11462	33	0	0	0×12	
con-bloqueante	scrum139-hoja-ajustes.test.mjs	12	11456	11456	58	0	0	0×12	
con-bloqueante	scrum171b-periodicidad-aviso.test.mjs	12	11442	11442	234	0	0	0×12	FSReqPromise×1
con-bloqueante	scrum797-el-dueno-se-escribe.test.mjs	12	11412	11412	3246	0	0	0×12	
con-bloqueante	scrum886-exportar-clientes-desde-clientes.test.mjs	12	11399	11399	1151	0	0	0×12	FSReqPromise×1
con-bloqueante	scrum1136-columnas-reconocidas-llegan.test.mjs	12	11379	11379	679	0	0	0×12	
con-bloqueante	scrum1278-banco-dice-no-medida.test.mjs	12	11375	11375	353	0	0	0×12	
con-bloqueante	scrum302-rotulos-completos.test.mjs	12	11357	11357	342	0	0	0×12	
con-bloqueante	scrum446-cabecera-modal.test.mjs	12	11313	11313	412	0	0	0×12	
con-bloqueante	scrum703-rotulos-del-tipo.test.mjs	12	11297	11297	26	0	0	0×12	
con-bloqueante	scrum601-copy-del-documento-vs-flag.test.mjs	12	11278	11278	3566	0	0	0×12	
con-bloqueante	scrum404-trazo-no-se-pierde.test.mjs	12	11268	11268	383	0	0	0×12	
con-bloqueante	scrum737-cifra-con-arbol-y-hora.test.mjs	12	11265	11265	6074	0	0	0×12	
con-bloqueante	scrum544-reserva-barra-anuncio.test.mjs	12	11247	11247	25	0	0	0×12	
con-bloqueante	scrum543-landing-a11y.test.mjs	12	11227	11227	28	0	0	0×12	
con-bloqueante	scrum864c-el-temporal-no-vuelve.test.mjs	12	11220	11220	638	0	0	0×12	
con-bloqueante	scrum593d-viaje-completo-del-texto.test.mjs	12	11202	11202	60	0	0	0×12	
con-bloqueante	scrum1154-google-encargado.test.mjs	12	11143	11143	96	0	0	0×12	
con-bloqueante	scrum935b-main-no-cancela.test.mjs	12	11137	11137	26	0	0	0×12	
con-bloqueante	scrum340-la-plaza-comprada.test.mjs	12	11088	11088	73	0	0	0×12	FSReqPromise×1
con-bloqueante	scrum149-sin-lineas-no-sella.test.mjs	12	11085	11085	94	0	0	0×12	FSReqPromise×1
con-bloqueante	scrum1230-colocar-lineas-dictadas.test.mjs	12	11080	11080	645	0	0	0×12	
con-bloqueante	scrum1307-negarse-con-envios.test.mjs	12	11073	11073	24	0	0	0×12	
con-bloqueante	scrum817-orden-del-detalle-del-trabajo.test.mjs	12	11070	11070	378	0	0	0×12	
con-bloqueante	scrum673-arranque-no-produce-veredicto.test.mjs	12	11063	11063	33	0	0	0×12	
con-bloqueante	scrum940-el-censo-de-suelos.test.mjs	12	11049	11049	229	0	0	0×12	
con-bloqueante	scrum498-cifra-derivada.test.mjs	12	11043	11043	111	0	0	0×12	FSReqPromise×1
con-bloqueante	scrum368-residuo-btn-sm.test.mjs	12	11037	11037	1096	0	0	0×12	
con-bloqueante	scrum182-arbol-movido.test.mjs	12	10992	10992	51	0	0	0×12	
con-bloqueante	scrum207-emision-auditada.test.mjs	12	10990	10990	95	0	0	0×12	FSReqPromise×1
con-bloqueante	scrum1226-firma-no-baja-el-estado.test.mjs	12	10970	10970	173	0	0	0×12	
con-bloqueante	scrum699-tabla-en-su-carril.test.mjs	12	10919	10919	476	0	0	0×12	
con-bloqueante	scrum927-el-censo-de-los-censos.test.mjs	12	10894	10894	289	0	0	0×12	
con-bloqueante	scrum1257-p8-detalle-receipt-sin-justificantes.test.mjs	12	10865	10865	1285	0	0	0×12	
con-bloqueante	scrum767-portal-token.test.mjs	12	10844	10844	631	0	0	0×12	
con-bloqueante	scrum1280-nombres-no-declarados.test.mjs	12	10837	10837	3615	0	0	0×12	
con-bloqueante	scrum646-cortafuegos-defaultvat.test.mjs	12	10824	10824	1063	0	0	0×12	
con-bloqueante	scrum824b-el-sha-que-parecia-un-numero.test.mjs	12	10813	10813	25	0	0	0×12	
con-bloqueante	scrum730-ruta-desde-import-meta.test.mjs	12	10795	10795	2401	0	0	0×12	
con-bloqueante	scrum1281-fixture-git-raiz-propia.test.mjs	12	10731	10731	2040	0	0	0×12	
con-bloqueante	scrum1272-anulada-no-es-deuda.test.mjs	12	10714	10714	664	0	0	0×12	
con-bloqueante	scrum471-node-modules-al-dia.test.mjs	12	10708	10708	49	0	0	0×12	
con-bloqueante	scrum547-el-documento-que-nadie-mira.test.mjs	12	10665	10665	151	0	0	0×12	
con-bloqueante	scrum1171-whatsapp-y-llamar-en-el-trabajo.test.mjs	12	10665	10665	477	0	0	0×12	
con-bloqueante	scrum406-canal-prometido-existe.test.mjs	12	10639	10639	127	0	0	0×12	
con-bloqueante	scrum1318-resend-dice-si-salio.test.mjs	12	10603	10603	102	0	0	0×12	
con-bloqueante	scrum1212-correo-aceptado-sin-emitir-factura.test.mjs	12	10588	10588	60	0	0	0×12	FSReqPromise×1
con-bloqueante	scrum442-facturas-sin-justificantes.test.mjs	12	10582	10582	25	0	0	0×12	
con-bloqueante	scrum1032-contacto-con-un-toque.test.mjs	12	10574	10574	458	0	0	0×12	
con-bloqueante	scrum512-el-pago-no-se-olvida.test.mjs	12	10558	10558	29	0	0	0×12	
con-bloqueante	scrum804f-la-rama-sin-slug.test.mjs	12	10554	10554	32	0	0	0×12	
con-bloqueante	scrum592-concurrencia-serie.test.mjs	12	10550	10550	22	0	0	0×12	
con-bloqueante	scrum804h-la-fase-con-corte.test.mjs	12	10549	10549	32	0	0	0×12	
con-bloqueante	scrum665e-el-escritor-del-emisor.test.mjs	12	10519	10519	88	0	0	0×12	FSReqPromise×1
con-bloqueante	scrum1288-dinero-es-en-avisos-s1.test.mjs	12	10495	10495	651	0	0	0×12	
con-bloqueante	scrum825-rama-justificante-retirada.test.mjs	12	10484	10484	1031	0	0	0×12	
con-bloqueante	scrum1263-gancho-pre-push.test.mjs	12	10450	10450	800	0	0	0×12	
con-bloqueante	scrum245-sin-listas-blancas.test.mjs	12	10449	10449	945	0	0	0×12	
con-bloqueante	scrum55-admin-fail-closed.test.mjs	12	10441	10441	608	0	0	0×12	FSReqPromise×1
con-bloqueante	scrum197-parse-cuenta.test.mjs	12	10438	10438	26	0	0	0×12	
con-bloqueante	scrum901-banco-fiel-a-la-inicio.test.mjs	12	10434	10434	468	0	0	0×12	
con-bloqueante	scrum247-productor-constante.test.mjs	12	10419	10419	1057	0	0	0×12	
con-bloqueante	scrum373-avisos-facturas.test.mjs	12	10409	10409	445	0	0	0×12	
con-bloqueante	scrum1049-resumen-trimestre.test.mjs	12	10400	10400	396	0	0	0×12	
con-bloqueante	scrum795-el-portal-en-la-ficha.test.mjs	12	10380	10380	382	0	0	0×12	
con-bloqueante	scrum283-censo-acciones-factura.test.mjs	12	10379	10379	453	0	0	0×12	
con-bloqueante	scrum1022-importa-xlsx-real.test.mjs	12	10373	10373	332	0	0	0×12	
con-bloqueante	whatsappPolicy.test.mjs	12	10362	10362	32	0	0	0×12	
con-bloqueante	scrum68-evidencias-firma.test.mjs	12	10353	10353	236	0	0	0×12	FSReqPromise×1
con-bloqueante	flags.test.mjs	12	10331	10331	26	0	0	0×12	
con-bloqueante	scrum285-censo-cobro-factura.test.mjs	12	10313	10313	377	0	0	0×12	
con-bloqueante	scrum961b-el-nif-que-no-cuela.test.mjs	12	10279	10279	62	0	0	0×12	FSReqPromise×1
con-bloqueante	scrum416-ayuda-dentro.test.mjs	12	10263	10263	35	0	0	0×12	
con-bloqueante	scrum3b-selector-bizum.test.mjs	12	10233	10233	32	0	0	0×12	
con-bloqueante	scrum366-una-sola-escalera.test.mjs	12	10229	10229	223	0	0	0×12	
con-bloqueante	scrum716b-el-job-le-da-main-al-vigia.test.mjs	12	10228	10228	23	0	0	0×12	
con-bloqueante	scrum387-procedencia-aprobacion.test.mjs	12	10225	10225	1752	0	0	0×12	
con-bloqueante	utils.test.mjs	12	10181	10181	31	0	0	0×12	
con-bloqueante	scrum763-restaurar-el-arbol.test.mjs	12	10180	10180	4439	0	0	0×12	
con-bloqueante	scrum345-rotulo-y-destino.test.mjs	12	10153	10153	78	0	0	0×12	
con-bloqueante	scrum332-comparativa-anclas.test.mjs	12	10153	10153	26	0	0	0×12	
con-bloqueante	scrum429-cliente-privado.test.mjs	12	10148	10148	239	0	0	0×12	
con-bloqueante	scrum152-guard-paquete-completo.test.mjs	12	10107	10107	66	0	0	0×12	FSReqPromise×1
con-bloqueante	scrum819-el-menu-deja-rastro.test.mjs	12	10090	10090	306	0	0	0×12	
con-bloqueante	scrum648-verde-que-no-sabe.test.mjs	12	10084	10084	281	0	0	0×12	FSReqPromise×1
con-bloqueante	scrum126-send-outcome.test.mjs	12	10068	10068	35	0	0	0×12	
con-bloqueante	scrum1279-la-firma-ve-las-clausulas.test.mjs	12	10035	10035	283	0	0	0×12	FSReqCallback×2
con-bloqueante	scrum221-export-fiscal-auditado.test.mjs	12	9998	9998	403	0	0	0×12	FSReqPromise×1
con-bloqueante	scrum401-anular-no-borra-el-cobro.test.mjs	12	9984	9984	473	0	0	0×12	
con-bloqueante	scrum1302g-foto-con-diez.test.mjs	12	9980	9980	712	0	0	0×12	
con-bloqueante	scrum1219-plantilla-sin-condiciones.test.mjs	12	9976	9976	1649	0	0	0×12	Timeout×3
con-bloqueante	scrum297-fuentes-selladas.test.mjs	12	9949	9949	401	0	0	0×12	
con-bloqueante	scrum1282-contexto-nombres-de-hoy.test.mjs	12	9933	9933	28	0	0	0×12	
con-bloqueante	scrum300-direccion-sugerida.test.mjs	12	9918	9918	428	0	0	0×12	
con-bloqueante	scrum262-telefonos-de-prueba.test.mjs	12	9909	9909	642	0	0	0×12	
con-bloqueante	scrum153c-ciclo-anulacion.test.mjs	12	9899	9899	100	0	0	0×12	FSReqPromise×1
con-bloqueante	scrum843-el-ancla-que-no-caduca.test.mjs	12	9849	9849	302	0	0	0×12	
con-bloqueante	scrum414-url-a-mano.test.mjs	12	9830	9830	1816	0	0	0×12	
con-bloqueante	scrum1267-alta-albaran-idempotente.test.mjs	12	9825	9825	759	0	0	0×12	Timeout×4
con-bloqueante	scrum767-cura-concurrencia.test.mjs	12	9823	9823	28	0	0	0×12	
con-bloqueante	scrum1199-avisos-alta-cliente.test.mjs	12	9820	9820	1015	0	0	0×12	
con-bloqueante	scrum569-agents-es-puntero.test.mjs	12	9813	9813	26	0	0	0×12	
con-bloqueante	scrum1196-cloudflare-encargado.test.mjs	12	9809	9809	69	0	0	0×12	
con-bloqueante	scrum224b-sello-build.test.mjs	12	9807	9807	26	0	0	0×12	
con-bloqueante	scrum928-guards-entrada-recuento-con-color.test.mjs	12	9775	9775	132	0	0	0×12	
con-bloqueante	scrum718-escaner-contra-parser.test.mjs	12	9770	9770	739	0	0	0×12	
con-bloqueante	scrum1165-verifactu-xml-solo-en-fiscal.test.mjs	12	9755	9755	531	0	0	0×12	
con-bloqueante	scrum1175b-firmas-en-su-paso.test.mjs	12	9749	9749	30	0	0	0×12	
con-bloqueante	scrum1093f-albarannumber-zona-merchant.test.mjs	12	9680	9680	65	0	0	0×12	FSReqPromise×1
con-bloqueante	scrum1180-editor-clausulas-excluidas.test.mjs	12	9670	9670	697	0	0	0×12	Timeout×3
con-bloqueante	scrum1161-alta-sin-correo.test.mjs	12	9600	9600	655	0	0	0×12	
con-bloqueante	scrum1277-aviso-importe-aceptado.test.mjs	12	9565	9565	566	0	0	0×12	
con-bloqueante	scrum1275-la-fila-abre-la-factura.test.mjs	12	9555	9555	463	0	0	0×12	
con-bloqueante	zz1405-rojo-suelto.test.mjs	12	9535	9535	25	0	0	1×12	
con-bloqueante	scrum1333-carrera-del-encolado-postgres.test.mjs	12	9532	9532	502	0	0	0×12	
con-bloqueante	scrum1147-resumen-del-servidor.test.mjs	12	9505	9505	492	0	0	0×12	
con-bloqueante	scrum128-send-endpoints-fail-closed.test.mjs	12	9486	9486	604	0	0	0×12	FSReqPromise×1
con-bloqueante	scrum665b-el-esquema-declara.test.mjs	12	9400	9400	375	0	0	0×12	FSReqCallback×2
con-bloqueante	scrum1271-pendiente-tras-parcial.test.mjs	12	9365	9365	569	0	0	0×12	
con-bloqueante	scrum1233d-texto-aprobado-local.test.mjs	12	9340	9340	384	0	0	0×12	
con-bloqueante	registroBuilder.test.mjs	12	9312	9312	24	0	0	0×12	
con-bloqueante	scrum1130-demo-llega-a-firmado.test.mjs	12	9309	9309	246	0	0	0×12	
con-bloqueante	scrum98-public-access-fail-closed.test.mjs	12	9253	9253	884	0	0	0×12	FSReqPromise×1
con-bloqueante	scrum198-consumidores-xml.test.mjs	12	9235	9235	1018	0	0	0×12	
con-bloqueante	scrum653c-firmas-sin-coletilla.test.mjs	12	9234	9234	38	0	0	0×12	
con-bloqueante	scrum447-byte-invisible-en-patrones.test.mjs	12	9220	9220	286	0	0	0×12	
con-bloqueante	verifactu.test.mjs	12	9198	9198	65	0	0	0×12	FSReqPromise×1
con-bloqueante	scrum374-direccion-sin-escritores.test.mjs	12	9193	9193	250	0	0	0×12	FSReqPromise×1
con-bloqueante	scrum243-tenencia-lectura.test.mjs	12	9191	9191	1551	0	0	0×12	
con-bloqueante	scrum334-correo-sin-consentimiento.test.mjs	12	9119	9119	41	0	0	0×12	
con-bloqueante	scrum1202-sin-accept-publico.test.mjs	12	9088	9088	384	0	0	0×12	FSReqPromise×1
con-bloqueante	scrum285-cobro-a-factura.test.mjs	12	9088	9088	24	0	0	0×12	
con-bloqueante	scrum620-servidor-que-no-arranca.test.mjs	12	9070	9070	241	0	0	0×12	TCPServerWrap×2
con-bloqueante	scrum1078-precios-del-parte-solo-admin.test.mjs	12	9034	9034	255	0	0	0×12	
con-bloqueante	scrum1294-a9-leccion-en-a10.test.mjs	12	9024	9024	116	0	0	0×12	
con-bloqueante	scrum846-instrumentos-con-caso-conocido.test.mjs	12	8984	8984	324	0	0	0×12	
con-bloqueante	scrum396-referencia-justificante.test.mjs	12	8975	8975	477	0	0	0×12	FSReqPromise×1
con-bloqueante	scrum793-condicion-en-el-where.test.mjs	12	8964	8964	361	0	0	0×12	
con-bloqueante	scrum514-leeme-multilinea.test.mjs	12	8918	8918	69	0	0	0×12	FSReqPromise×1
con-bloqueante	scrum1043-quien-me-debe-servidor.test.mjs	12	8904	8904	222	0	0	0×12	FSReqPromise×1
con-bloqueante	scrum324-aviso-simplificado-ui.test.mjs	12	8869	8869	299	0	0	0×12	
con-bloqueante	locales.test.mjs	12	8857	8857	26	0	0	0×12	
con-bloqueante	scrum761-sembrador-columnas-derivadas.test.mjs	12	8836	8836	1342	0	0	0×12	FSReqPromise×1
con-bloqueante	scrum285-bloque-cobro.test.mjs	12	8828	8828	25	0	0	0×12	
con-bloqueante	scrum299-copy-factura-publico.test.mjs	12	8820	8820	558	0	0	0×12	
con-bloqueante	scrum132-iva-unidad.test.mjs	12	8818	8818	25	0	0	0×12	
con-bloqueante	scrum441-paidvia-sin-copia.test.mjs	12	8816	8816	1642	0	0	0×12	
con-bloqueante	scrum980b-pestana-trabajos.test.mjs	12	8795	8795	729	0	0	0×12	
con-bloqueante	scrum1247-rotulo-ia-no-nombra-proveedor.test.mjs	12	8789	8789	63	0	0	0×12	
con-bloqueante	scrum380-primaria-tactil.test.mjs	12	8785	8785	52	0	0	0×12	
con-bloqueante	scrum242-backup-codec.test.mjs	12	8779	8779	69	0	0	0×12	
con-bloqueante	scrum824b-el-mas-antiguo-no-es-el-primero.test.mjs	12	8760	8760	133	0	0	0×12	
con-bloqueante	scrum172-cobertura-tenancy.test.mjs	12	8759	8759	32	0	0	0×12	
con-bloqueante	scrum538-skills-no-prometen-ficheros.test.mjs	12	8754	8754	29	0	0	0×12	
con-bloqueante	scrum821b-las-capturas-que-ya-existian.test.mjs	12	8735	8735	33	0	0	0×12	
con-bloqueante	pdfs.test.mjs	12	8711	8711	354	0	0	0×12	FSReqCallback×2
con-bloqueante	scrum1349-no-se-empuja-con-una-mutacion-puesta.test.mjs	12	8706	8706	181	0	0	0×12	
con-bloqueante	scrum302-sin-callejones.test.mjs	12	8675	8675	484	0	0	0×12	
con-bloqueante	scrum809b-paywall-sin-banco.test.mjs	12	8656	8656	321	0	0	0×12	
con-bloqueante	scrum293-censo-or-numerico.test.mjs	12	8639	8639	30	0	0	0×12	
con-bloqueante	scrum560-patron-fetch-servidor.test.mjs	12	8620	8620	759	0	0	0×12	
con-bloqueante	scrum1221-banco-fallo-visible.test.mjs	12	8611	8611	663	0	0	0×12	
con-bloqueante	scrum1274-presupuesto-desde-el-trabajo.test.mjs	12	8601	8601	705	0	0	0×12	Timeout×3
con-bloqueante	scrum242-runbook-no-se-declara-probado.test.mjs	12	8588	8588	25	0	0	0×12	
con-bloqueante	scrum1312-boton-email-recibo-gateado.test.mjs	12	8586	8586	242	0	0	0×12	SimpleShutdownWrap×1 TCPServerWrap×1 TCPSocketWrap×1
con-bloqueante	scrum236-equipo-sin-asignar.test.mjs	12	8573	8573	22	0	0	0×12	
con-bloqueante	scrum212-copy-sin-claim-fiscal.test.mjs	12	8549	8549	291	0	0	0×12	FSReqPromise×1
con-bloqueante	scrum135-gasto-tenencia.test.mjs	12	8542	8542	56	0	0	0×12	
con-bloqueante	scrum822-el-arbol-con-punto.test.mjs	12	8531	8531	1495	0	0	0×12	SimpleShutdownWrap×1 TCPServerWrap×1 TCPSocketWrap×1
con-bloqueante	scrum205-fallo-de-sellado-no-entrega.test.mjs	12	8517	8517	1613	0	0	0×12	
con-bloqueante	scrum214-semaforo-sin-llamadores.test.mjs	12	8510	8510	900	0	0	0×12	
con-bloqueante	scrum541-comparativa-a11y.test.mjs	12	8498	8498	26	0	0	0×12	
con-bloqueante	scrum1309-banner-mail-sent-gateado.test.mjs	12	8496	8496	233	0	0	0×12	SimpleShutdownWrap×1 TCPServerWrap×1 TCPSocketWrap×1
con-bloqueante	scrum902-botones-del-parte-con-estilo.test.mjs	12	8476	8476	424	0	0	0×12	
con-bloqueante	scrum234-censo-reserva-serie.test.mjs	12	8441	8441	1389	0	0	0×12	
con-bloqueante	scrum139-total-protagonista.test.mjs	12	8423	8423	58	0	0	0×12	
con-bloqueante	scrum207-conciliacion.test.mjs	12	8353	8353	62	0	0	0×12	FSReqPromise×1
con-bloqueante	scrum236-embudo-misma-poblacion.test.mjs	12	8353	8353	64	0	0	0×12	FSReqPromise×1
con-bloqueante	scrum924-pay-mp-no-inventa-estado.test.mjs	12	8341	8341	172	0	0	0×12	SimpleShutdownWrap×1 TCPServerWrap×1 TCPSocketWrap×1
con-bloqueante	scrum1051-isp-s2.test.mjs	12	8330	8330	211	0	0	0×12	
con-bloqueante	scrum900-push-de-claude-con-la-app.test.mjs	12	8325	8325	138	0	0	0×12	TCPServerWrap×1 ProcessWrap×1
con-bloqueante	scrum136-hub-equipo.test.mjs	12	8297	8297	47	0	0	0×12	
con-bloqueante	scrum296-lector-tenencia.test.mjs	12	8269	8269	298	0	0	0×12	
con-bloqueante	scrum952-respaldo-gemini-con-cupo.test.mjs	12	8255	8255	53	0	0	0×12	
con-bloqueante	scrum245-tipo-obliga-declarar.test.mjs	12	8251	8251	8109	0	0	0×12	
con-bloqueante	scrum888b-descuento-redibuja.test.mjs	12	8229	8229	65	0	0	0×12	
con-bloqueante	scrum130-card-charge-connect.test.mjs	12	8229	8229	23	0	0	0×12	
con-bloqueante	scrum917d-titulo-propio-en-la-lista.test.mjs	12	8225	8225	266	0	0	0×12	
con-bloqueante	scrum1151-conteo-no-deducible.test.mjs	12	8221	8221	127	0	0	0×12	FSReqPromise×1
con-bloqueante	scrum806-el-pdf-del-portal.test.mjs	12	8150	8150	334	0	0	0×12	
con-bloqueante	scrum844g-el-tipo-de-lo-recibido.test.mjs	12	8144	8144	24	0	0	0×12	
con-bloqueante	scrum1163-whatsapp-cliente-solo-movil.test.mjs	12	8126	8126	416	0	0	0×12	
con-bloqueante	scrum1249-descarga-recibidas-alcanzable.test.mjs	12	8091	8091	418	0	0	0×12	Timeout×3
con-bloqueante	scrum720b-el-nav-abre.test.mjs	12	8091	8091	932	0	0	0×12	
con-bloqueante	scrum1184-vista-previa-en-el-alta.test.mjs	12	8076	8076	881	0	0	0×12	
con-bloqueante	scrum1035-cifras-del-cliente-todos-sus-documentos.test.mjs	12	8065	8065	245	0	0	0×12	FSReqPromise×1
con-bloqueante	scrum111-canario-zip.test.mjs	12	8064	8064	125	0	0	0×12	
con-bloqueante	scrum389-censo-vat.test.mjs	12	8016	8016	1377	0	0	0×12	
con-bloqueante	scrum1227-perfil-ida-y-vuelta.test.mjs	12	8010	8010	62	0	0	0×12	FSReqPromise×1
con-bloqueante	scrum743-cantidad-una-sola-forma.test.mjs	12	7970	7970	226	0	0	0×12	FSReqPromise×1
con-bloqueante	scrum1234-inter-autoalojada.test.mjs	12	7965	7965	56	0	0	0×12	
con-bloqueante	node-p-capturado-sin-color.test.mjs	12	7956	7956	165	0	0	0×12	
con-bloqueante	scrum1138-patch-customers.test.mjs	12	7921	7921	286	0	0	0×12	FSReqPromise×1
con-bloqueante	scrum829b-la-ref-rancia-se-poda.test.mjs	12	7916	7916	362	0	0	0×12	
con-bloqueante	scrum1308-scripts-sin-nombre-de-test.test.mjs	12	7911	7911	293	0	0	0×12	
con-bloqueante	scrum1215-revisiones-error-crear.test.mjs	12	7901	7901	560	0	0	0×12	
con-bloqueante	scrum1141-nif-en-la-ficha-del-proveedor.test.mjs	12	7886	7886	530	0	0	0×12	
con-bloqueante	scrum713c-trinquete-de-estilos-en-js.test.mjs	12	7861	7861	1050	0	0	0×12	
con-bloqueante	scrum1187-detalle-con-textos-doc.test.mjs	12	7834	7834	65	0	0	0×12	FSReqPromise×1
con-bloqueante	scrum1172-botones-de-la-ficha-del-trabajo-44.test.mjs	12	7830	7830	30	0	0	0×12	
con-bloqueante	scrum176b-force-por-identidad.test.mjs	12	7720	7720	33	0	0	0×12	
con-bloqueante	scrum696-censo-del-arbol.test.mjs	12	7644	7644	5048	0	0	0×12	
con-bloqueante	vat.test.mjs	12	7628	7628	26	0	0	0×12	
con-bloqueante	scrum128-frontend-census.test.mjs	12	7622	7622	47	0	0	0×12	
con-bloqueante	scrum219-tx-tipado.test.mjs	12	7576	7576	621	0	0	0×12	
con-bloqueante	scrum590-el-destino-pasa-por-el-resolvedor.test.mjs	12	7574	7574	870	0	0	0×12	
con-bloqueante	scrum1212b-correo-aceptado-sin-firma.test.mjs	12	7530	7530	305	0	0	0×12	
con-bloqueante	scrum751-clave-duplicada-en-silencio.test.mjs	12	7527	7527	3202	0	0	0×12	
con-bloqueante	scrum1196-fecha-de-la-politica.test.mjs	12	7500	7500	28	0	0	0×12	
con-bloqueante	scrum341-condicion-precio-publicada.test.mjs	12	7500	7500	34	0	0	0×12	
con-bloqueante	scrum814-carrera-del-tramo.gated.test.mjs	12	7452	7452	52	0	0	0×12	
con-bloqueante	scrum275-message-en-superficie-publica.test.mjs	12	7388	7388	548	0	0	0×12	
con-bloqueante	scrum420-barra-navegable-por-hash.test.mjs	12	7299	7299	32	0	0	0×12	
con-bloqueante	scrum1179d-herramientas-no-red.test.mjs	12	7270	7270	33	0	0	0×12	
con-bloqueante	scrum1179c-censo-clics-informativo.test.mjs	12	7249	7249	24	0	0	0×12	
con-bloqueante	scrum113-migracion-fixtures.test.mjs	12	7247	7247	80	0	0	0×12	
con-bloqueante	webhooks-idempotencia.test.mjs	12	7242	7242	351	0	0	0×12	FSReqPromise×1
con-bloqueante	scrum1001-sin-pago-la-pagina-lo-dice.test.mjs	12	7225	7225	332	0	0	0×12	FSReqPromise×1
con-bloqueante	scrum1162-asistente-avanza-cada-paso.test.mjs	12	7201	7201	405	0	0	0×12	
con-bloqueante	scrum1306-consta-en-alguno.test.mjs	12	7197	7197	2223	0	0	0×12	
con-bloqueante	scrum1022c-selector-ofrece-xlsx.test.mjs	12	7170	7170	109	0	0	0×12	
con-bloqueante	scrum1179c-censo-accion-informativo.test.mjs	12	7134	7134	23	0	0	0×12	
con-bloqueante	scrum242-scripts-no-prometen-documentos.test.mjs	12	7116	7116	439	0	0	0×12	
con-bloqueante	scrum391-guards-declarados-presentes.test.mjs	12	7111	7111	295	0	0	0×12	
con-bloqueante	scrum789-health-tiempo-del-select.test.mjs	12	7085	7085	175	0	0	0×12	
con-bloqueante	scrum206b-quien-emite-sella.test.mjs	12	7007	7007	1382	0	0	0×12	
con-bloqueante	scrum215-costura-de-test.test.mjs	12	7001	7001	1062	0	0	0×12	
con-bloqueante	scrum254-sin-lectura-cross-merchant.test.mjs	12	6975	6975	384	0	0	0×12	
con-bloqueante	scrum339-microcopy-import.test.mjs	12	6974	6974	35	0	0	0×12	
con-bloqueante	scrum205-sql-a-mano-contra-schema.test.mjs	12	6969	6969	31	0	0	0×12	
con-bloqueante	scrum388-centinela-main.test.mjs	12	6952	6952	2086	0	0	0×12	
con-bloqueante	scrum858c-el-cierre-con-indice.test.mjs	12	6940	6940	199	0	0	0×12	
con-bloqueante	scrum897-repintar-reemplaza.test.mjs	12	6931	6931	464	0	0	0×12	
con-bloqueante	scrum151-motivo-sin-tramo.test.mjs	12	6929	6929	21	0	0	0×12	
con-bloqueante	scrum241-backup-tablas.test.mjs	12	6880	6880	32	0	0	0×12	
con-bloqueante	quoteNumber.test.mjs	12	6805	6805	76	0	0	0×12	FSReqPromise×1
con-bloqueante	scrum128-frontend-mira-sent.test.mjs	12	6776	6776	129	0	0	0×12	
con-bloqueante	scrum163-base-url-guard.test.mjs	12	6689	6689	23	0	0	0×12	
con-bloqueante	scrum342-dispute-package-quote-nulo.test.mjs	12	6672	6672	378	0	0	0×12	FSReqPromise×1
con-bloqueante	scrum1332-la-caida-no-tapa-lo-de-despues.test.mjs	12	6653	6653	1454	0	0	0×12	
con-bloqueante	scrum923-fallback-cuenta-conectada.test.mjs	12	6582	6582	274	0	0	0×12	SimpleShutdownWrap×1 TCPServerWrap×1 TCPSocketWrap×1
con-bloqueante	scrum888d-firma-con-descuentos.test.mjs	12	6506	6506	378	0	0	0×12	FSReqPromise×1
con-bloqueante	scrum1171-trabajo-numero-whatsapp.test.mjs	12	6292	6292	331	0	0	0×12	
con-bloqueante	scrum1212c-ajuste-correo-aceptado-desde-whatsapp.test.mjs	12	6201	6201	281	0	0	0×12	
con-bloqueante	scrum1093g-parte-numero-zona-merchant.test.mjs	12	6156	6156	241	0	0	0×12	
con-bloqueante	scrum888d-detalle-con-descuento-global.test.mjs	12	6131	6131	75	0	0	0×12	FSReqPromise×1
con-bloqueante	scrum515-aviso-bizum-render.test.mjs	12	6096	6096	38	0	0	0×12	
con-bloqueante	scrum1180-detalle-con-clausulas-excluidas.test.mjs	12	6040	6040	69	0	0	0×12	FSReqPromise×1
con-bloqueante	scrum109-expense-teammember.test.mjs	12	6032	6032	53	0	0	0×12	
con-bloqueante	scrum597-las-dos-secciones-conviven.test.mjs	12	6015	6015	19	0	0	0×12	
con-bloqueante	scrum201-citas-aeat.test.mjs	12	5945	5945	36	0	0	0×12	
con-bloqueante	scrum106-trabajos-fecha.test.mjs	12	5932	5932	56	0	0	0×12	FSReqPromise×1
con-bloqueante	scrum178-emision-manual.test.mjs	12	5926	5926	70	0	0	0×12	
con-bloqueante	scrum910-admin-sin-enlaces-undefined.test.mjs	12	5900	5900	20	0	0	0×12	
con-bloqueante	scrum1317-productos-del-operario.test.mjs	12	5897	5897	435	0	0	0×12	
con-bloqueante	scrum115-wa-fallo-registrado.test.mjs	12	5887	5887	62	0	0	0×12	
con-bloqueante	scrum1057-duplicados-antes-de-id.test.mjs	12	5867	5867	231	0	0	0×12	FSReqPromise×1
con-bloqueante	public-js-parsea.test.mjs	12	5744	5744	3413	0	0	0×12	
con-bloqueante	scrum297-evidencias-postgres.test.mjs	12	5743	5743	872	0	0	0×12	
con-bloqueante	scrum72-pdfs-privados.test.mjs	12	5691	5691	72	0	0	0×12	FSReqPromise×1
con-bloqueante	scrum66-tipo-operacion.test.mjs	12	5661	5661	75	0	0	0×12	FSReqPromise×1
con-bloqueante	scrum148-filtro-por-miembro.test.mjs	12	5657	5657	64	0	0	0×12	
con-bloqueante	scrum343-cabecera-gastos-unica.test.mjs	12	5637	5637	375	0	0	0×12	FSReqPromise×1
con-bloqueante	scrum242-restauracion-cubre-todos-los-tipos.test.mjs	12	5630	5630	66	0	0	0×12	
con-bloqueante	scrum124-r29-perfil-publico-sin-datos.test.mjs	12	5610	5610	28	0	0	0×12	
con-bloqueante	scrum1215c-foto-oculta-en-firmado.test.mjs	12	5541	5541	243	0	0	0×12	
con-bloqueante	scrum1179c-censo-tactil-informativo.test.mjs	12	5525	5525	22	0	0	0×12	
con-bloqueante	scrum389-un-solo-iva.test.mjs	12	5511	5511	864	0	0	0×12	
con-bloqueante	scrum1080-cobro-profesional.test.mjs	12	5442	5442	932	0	0	0×12	
con-bloqueante	scrum1215b-sin-lineas-cerrado.test.mjs	12	5422	5422	313	0	0	0×12	
con-bloqueante	scrum283-microcopy-marcador.test.mjs	12	5397	5397	380	0	0	0×12	
con-bloqueante	scrum199-fuente-unica-hijos.test.mjs	12	5381	5381	47	0	0	0×12	
con-bloqueante	tenancy-permisos.test.mjs	12	5327	5327	62	0	0	0×12	
con-bloqueante	scrum189-citas-con-destino.test.mjs	12	5277	5277	195	0	0	0×12	
con-bloqueante	scrum225-mapa-tres-bd.test.mjs	12	5260	5260	21	0	0	0×12	
con-bloqueante	scrum209-un-solo-desglose.test.mjs	12	5237	5237	385	0	0	0×12	
con-bloqueante	scrum727-vistas-que-existen.test.mjs	12	5112	5112	886	0	0	0×12	
con-bloqueante	scrum974-firmado-sin-facturar-en-el-lunes.test.mjs	12	4960	4960	649	0	0	0×12	
con-bloqueante	version.test.mjs	12	4820	4820	22	0	0	0×12	
con-bloqueante	scrum238-postinstall-prisma.test.mjs	12	4796	4796	21	0	0	0×12	
con-bloqueante	scrum227-toda-via-deja-rastro.test.mjs	12	4776	4776	30	0	0	0×12	
con-bloqueante	owner.test.mjs	12	4675	4675	23	0	0	0×12	
con-bloqueante	scrum92-login-operario.test.mjs	12	4637	4637	43	0	0	0×12	
con-bloqueante	scrum85-pay-routes-token.test.mjs	12	4447	4447	64	0	0	0×12	
con-bloqueante	scrum120-patch-job-roles.test.mjs	12	4447	4447	61	0	0	0×12	
con-bloqueante	scrum74-recibo-token.test.mjs	12	4427	4427	53	0	0	0×12	FSReqPromise×1
con-bloqueante	scrum57-operario-propagacion.test.mjs	12	4417	4417	59	0	0	0×12	
con-bloqueante	scrum50-bot-albaranes.test.mjs	12	4382	4382	70	0	0	0×12	
con-bloqueante	scrum90-pay-bank-mp-token.test.mjs	12	4382	4382	55	0	0	0×12	
con-bloqueante	scrum47-enviar-albaran-wa.test.mjs	12	4362	4362	52	0	0	0×12	
con-bloqueante	scrum24-operarios-metrics.test.mjs	12	4272	4272	68	0	0	0×12	
con-bloqueante	scrum158-montajes-admin-muestreados.test.mjs	12	4266	4266	22	0	0	0×12	
con-bloqueante	scrum49-firma-remota.test.mjs	12	4257	4257	57	0	0	0×12	
con-bloqueante	scrum25-export-zip.test.mjs	12	4222	4222	89	0	0	0×12	FSReqPromise×1
con-bloqueante	scrum73-verifactu-gate.test.mjs	12	4177	4177	44	0	0	0×12	
con-bloqueante	scrum124-r29-no-borrado-facturas.test.mjs	12	4176	4176	594	0	0	0×12	FSReqPromise×1
con-bloqueante	a55-window-quote.test.mjs	12	4109	4109	83	0	0	0×12	
con-bloqueante	scrum13-cobrado.test.mjs	12	4063	4063	401	0	0	0×12	
con-bloqueante	scrum295-modelo-303-postgres.test.mjs	12	4040	4040	464	0	0	0×12	
con-bloqueante	scrum1062-historial-whatsapp-cliente.test.mjs	12	4023	4023	394	0	0	0×12	
con-bloqueante	scrum1059b-etiquetado-masivo-postgres.test.mjs	12	3978	3978	356	0	0	0×12	
con-bloqueante	scrum94-register-teammember.test.mjs	12	3972	3972	60	0	0	0×12	
con-bloqueante	scrum221-export-fiscal-cero-bytes.test.mjs	12	3972	3972	60	0	0	0×12	
con-bloqueante	scrum296-libro-postgres.test.mjs	12	3965	3965	448	0	0	0×12	
con-bloqueante	scrum967b-el-portal-en-el-envio.test.mjs	12	3958	3958	879	0	0	0×12	
con-bloqueante	scrum104-clientes-referenciados.test.mjs	12	3942	3942	43	0	0	0×12	
con-bloqueante	scrum1014-sitios-del-cliente.test.mjs	12	3923	3923	356	0	0	0×12	
con-bloqueante	scrum76-email-adjunto.test.mjs	12	3917	3917	79	0	0	0×12	FSReqPromise×1
con-bloqueante	scrum96-no-generated-docs-in-public.test.mjs	12	3911	3911	20	0	0	0×12	
con-bloqueante	scrum131-resend-honesto.test.mjs	12	3907	3907	43	0	0	0×12	
con-bloqueante	scrum22-operario-readpath.test.mjs	12	3907	3907	66	0	0	0×12	
con-bloqueante	scrum127-paywall-bloquea.test.mjs	12	3902	3902	51	0	0	0×12	
con-bloqueante	scrum116-recordatorio-candado.test.mjs	12	3872	3872	58	0	0	0×12	
con-bloqueante	scrum234-carrera-serie.gated.test.mjs	12	3857	3857	66	0	0	0×12	
con-bloqueante	scrum171a-consolidar-cliente.test.mjs	12	3852	3852	60	0	0	0×12	
con-bloqueante	scrum692-guardado-parcial-en-base.test.mjs	12	3843	3843	395	0	0	0×12	
con-bloqueante	scrum814-carrera-de-tramos-postgres.test.mjs	12	3841	3841	23	0	0	0×12	
con-bloqueante	scrum124-r28-graph-facebook-guard.test.mjs	12	3838	3838	166	0	0	0×12	
con-bloqueante	scrum980-historial-del-cliente.test.mjs	12	3833	3833	646	0	0	0×12	
con-bloqueante	scrum51-job-sin-quote.test.mjs	12	3827	3827	67	0	0	0×12	
con-bloqueante	scrum82-zip-verifactu.test.mjs	12	3822	3822	53	0	0	0×12	
con-bloqueante	scrum1036-notas-del-cliente.test.mjs	12	3798	3798	316	0	0	0×12	
con-bloqueante	scrum187-codeowners-zona-roja.test.mjs	12	3756	3756	20	0	0	0×12	
con-bloqueante	scrum58-jobs-n1.test.mjs	12	3727	3727	59	0	0	0×12	
con-bloqueante	scrum52-operario.test.mjs	12	3713	3713	394	0	0	0×12	
con-bloqueante	scrum87-no-public-invoices.test.mjs	12	3701	3701	19	0	0	0×12	
con-bloqueante	scrum25-exports.test.mjs	12	3627	3627	66	0	0	0×12	
con-bloqueante	scrum129-n8n-guard.test.mjs	12	3518	3518	153	0	0	0×12	
con-bloqueante	bot-suite.test.mjs	12	3460	3460	62	0	0	0×12	
con-sonda	zz1405-rojo-en-la-cola.test.mjs	6	352492	352492	104	1	36222	1×6	SimpleWriteWrap×2
con-sonda	zz1405-copia-de-vigia-atascados.test.mjs	6	120065	120065	68	2	40375	1×6	SimpleWriteWrap×1
con-sonda	vigia-atascados.test.mjs	6	109622	109622	76	0	0	0×6	
con-sonda	zz1405-copia-de-scrum834-puerta-avisador-rojo.test.mjs	6	107093	107093	78	1	18279	1×6	SimpleWriteWrap×1
con-sonda	zz1405-copia-de-scrum524b-trinquete-de-la-tabla.test.mjs	6	98116	98116	3791	1	42169	1×6	SimpleWriteWrap×1
con-sonda	scrum834-puerta-avisador-rojo.test.mjs	6	97367	97367	84	0	0	0×6	
con-sonda	scrum524b-trinquete-de-la-tabla.test.mjs	6	89326	89326	5065	0	0	0×6	
con-sonda	scrum1262-la-baja-corta-todas-las-vias.test.mjs	6	75116	75116	1237	1	5851	0×6	SimpleWriteWrap×1
con-sonda	scrum454-destructivo-sin-comprobacion.test.mjs	6	73775	73775	164	2	29528	0×6	SimpleWriteWrap×1
con-sonda	scrum1350-latido.test.mjs	6	71655	71655	77	0	0	0×6	
con-sonda	scrum853-avisador-solo-obligatorio.test.mjs	6	66951	66951	84	0	0	0×6	
con-sonda	scrum1323-resumen-vs-detalle-sif1.test.mjs	6	66159	66159	140	0	0	0×6	
con-sonda	scrum667-marcador-visible.test.mjs	6	66076	66076	3574	0	0	0×6	FSReqCallback×2
con-sonda	scrum1344-arnes-de-prueba-con-rol.test.mjs	6	62589	62589	4948	0	0	0×6	FSReqPromise×1
con-sonda	scrum888g-senal-en-la-firma.test.mjs	6	58938	58938	748	1	1127	0×6	FSReqPromise×1 SimpleWriteWrap×1
con-sonda	scrum984-del-presupuesto-al-albaran.test.mjs	6	55315	55315	2127	0	0	0×6	
con-sonda	scrum813-trinquete-de-zona.test.mjs	6	54943	54943	664	0	0	0×6	
con-sonda	scrum811c-skill-ui-declarada.test.mjs	6	53968	53968	2324	0	0	0×6	
con-sonda	scrum312-importador-clientes.test.mjs	6	53408	53408	139	0	0	0×6	FSReqPromise×1
con-sonda	scrum595-etiquetas-del-documento.test.mjs	6	51107	51107	210	0	0	0×6	FSReqPromise×1
con-sonda	scrum411-exports-inalcanzables.test.mjs	6	50311	50311	13600	0	0	0×6	
con-sonda	scrum931-un-solo-importe-de-plantilla.test.mjs	6	49956	49956	536	1	11214	0×6	SimpleWriteWrap×1
con-sonda	scrum812-el-rotulo-declara-su-poblacion.test.mjs	6	48336	48336	2007	0	0	1×6	
con-sonda	scrum1038-leer-el-ticket-gasto.test.mjs	6	48197	48197	933	0	0	0×6	
con-sonda	scrum586-forma-de-pago-por-cliente.test.mjs	6	47530	47530	1381	0	0	0×6	Timeout×3
con-sonda	scrum522-guards-fuera-de-la-tanda.test.mjs	6	47280	47280	285	0	0	0×6	
con-sonda	scrum713-buscar-al-cliente-donde-ya-se-busca.test.mjs	6	47001	47001	2000	0	0	0×6	FSReqPromise×1
con-sonda	scrum237-negacion-respaldada.test.mjs	6	46479	46479	3709	0	0	0×6	
con-sonda	scrum1127-sif-client.test.mjs	6	46114	46114	1495	0	0	0×6	SimpleShutdownWrap×1 TCPServerWrap×25 TCPSocketWrap×2
con-sonda	scrum1152-generador-ancla.test.mjs	6	45170	45170	1793	0	0	0×6	
con-sonda	scrum1093h-censo-fecha-sin-zona.test.mjs	6	45056	45056	7205	0	0	0×6	
con-sonda	scrum580-tags-por-contacto.test.mjs	6	43627	43627	125	0	0	0×6	
con-sonda	scrum651-trabajo-sin-presupuesto.test.mjs	6	43250	43250	2119	0	0	0×6	FSReqPromise×1
con-sonda	scrum1326-vale-pregunta-una-vez.test.mjs	6	42918	42918	3850	0	0	0×6	TCPServerWrap×1
con-sonda	scrum176-guard-mensaje.test.mjs	6	42790	42790	147	0	0	0×6	
con-sonda	scrum1372-auditoria-cierres.test.mjs	6	42701	42701	355	0	0	0×6	
con-sonda	scrum1109-aviso-programado-acreditacion-invoicing-es.test.mjs	6	42358	42358	557	0	0	0×6	
con-sonda	scrum754-el-juez-que-oscila.test.mjs	6	42195	42195	3413	0	0	0×6	
con-sonda	scrum915j-cliente-por-botones.test.mjs	6	41904	41904	1216	0	0	0×6	Timeout×10
con-sonda	scrum996-suelo-de-arranque.test.mjs	6	41590	41590	2332	0	0	0×6	
con-sonda	scrum602-direccion-obra.test.mjs	6	41342	41342	1648	0	0	0×6	FSReqCallback×2
con-sonda	scrum1304-un-cobro-una-factura.test.mjs	6	41274	41274	1830	0	0	0×6	
con-sonda	scrum628-cobertura-visual-del-dashboard.test.mjs	6	41237	41237	1465	0	0	0×6	
con-sonda	scrum951a-equipo-configurable.test.mjs	6	41192	41192	3112	0	0	0×6	
con-sonda	scrum286-bloques-orden.test.mjs	6	40605	40605	1589	0	0	0×6	
con-sonda	scrum285-pantalla-cobros.test.mjs	6	40591	40591	1193	0	0	0×6	
con-sonda	scrum587-descuento-por-defecto.test.mjs	6	40442	40442	874	0	0	0×6	Timeout×1
con-sonda	scrum859-identidad-y-motivo-cerrado.test.mjs	6	40326	40326	999	0	0	0×6	
con-sonda	scrum222-deriva-arranque.test.mjs	6	40245	40245	477	0	0	0×6	
con-sonda	scrum161-evidencia-tanda.test.mjs	6	39998	39998	74	0	0	0×6	
con-sonda	scrum912-leer-ticket-gasto.test.mjs	6	39910	39910	396	0	0	0×6	TCPServerWrap×1 TCPSocketWrap×2 Immediate×1
con-sonda	scrum369-verificador-sello.test.mjs	6	39701	39701	767	0	0	0×6	FSReqPromise×1
con-sonda	scrum824-temporales-fuera-del-arbol.test.mjs	6	39672	39672	3306	0	0	1×6	
con-sonda	scrum481-metodo-en-castellano.test.mjs	6	39656	39656	686	0	0	0×6	
con-sonda	scrum1293-cargador-de-marcadores.test.mjs	6	39412	39412	51	0	0	0×6	
con-sonda	scrum676-hojas-del-indice.test.mjs	6	38502	38502	2875	0	0	0×6	
con-sonda	scrum753-censo-de-alcanzabilidad.test.mjs	6	38178	38178	5143	0	0	0×6	
con-sonda	scrum1330-una-sellada-no-se-resella.test.mjs	6	38106	38106	4199	0	0	0×6	
con-sonda	scrum438-v3-sobre.test.mjs	6	37967	37967	644	0	0	0×6	FSReqPromise×1
con-sonda	scrum1235-el-correo-que-no-salio.test.mjs	6	37902	37902	1075	0	0	0×6	
con-sonda	scrum1356-latido-enganchado.test.mjs	6	37802	37802	277	0	0	0×6	
con-sonda	scrum630-default-en-dias.test.mjs	6	37572	37572	1221	0	0	0×6	
con-sonda	scrum576-persona-vinculada-a-empresa.test.mjs	6	37353	37353	1111	0	0	0×6	FSReqPromise×1
con-sonda	scrum301-albaranes-seccion.test.mjs	6	37107	37107	771	0	0	0×6	FSReqPromise×1
con-sonda	scrum476-reconciliar-censos.test.mjs	6	37072	37072	351	0	0	0×6	
con-sonda	scrum260-rastro-limpieza.test.mjs	6	36975	36975	63	0	0	0×6	
con-sonda	scrum637-la-rama-que-nadie-mira.test.mjs	6	36899	36899	1485	0	0	0×6	
con-sonda	scrum836-ancla-de-mutacion-viva.test.mjs	6	36636	36636	10594	0	0	0×6	
con-sonda	scrum649-el-ancla-que-no-apunta.test.mjs	6	36529	36529	1767	0	0	0×6	
con-sonda	scrum594-descuentos-presupuesto.test.mjs	6	36378	36378	872	0	0	0×6	FSReqCallback×2
con-sonda	scrum425-aplicador-sql-dev.test.mjs	6	36322	36322	56	0	0	0×6	
con-sonda	scrum475-firma-del-webhook.test.mjs	6	36157	36157	70	0	0	0×6	
con-sonda	scrum1160-cobrar-ahora-modo-recibo.test.mjs	6	36140	36140	1085	0	0	0×6	
con-sonda	scrum356-tres-estados.test.mjs	6	36019	36019	1419	0	0	0×6	Immediate×2
con-sonda	scrum488-un-solo-vocabulario.test.mjs	6	35780	35780	415	0	0	0×6	
con-sonda	scrum235-cliente-por-columnas.test.mjs	6	35665	35665	280	0	0	0×6	
con-sonda	scrum1315-gemelos-estado-dentro-del-where.test.mjs	6	34851	34851	570	0	0	0×6	
con-sonda	scrum716-ritmo-de-despliegue.test.mjs	6	34838	34838	368	0	0	0×6	
con-sonda	scrum575b-nif-cableado.test.mjs	6	34699	34699	1224	0	0	0×6	
con-sonda	scrum423-entrega-en-que-falta.test.mjs	6	34671	34671	2991	0	0	0×6	
con-sonda	scrum1153-censo-entorno-prestado.test.mjs	6	34507	34507	1786	0	0	0×6	
con-sonda	scrum1339d-senal-de-nombres.test.mjs	6	34345	34345	5504	0	0	0×6	
con-sonda	scrum1168-anio-serie-zona-merchant.test.mjs	6	34252	34252	555	0	0	0×6	FSReqPromise×1
con-sonda	scrum687-constancia-del-alter.test.mjs	6	33998	33998	57	0	0	0×6	
con-sonda	scrum475-receptor-webhook.test.mjs	6	33797	33797	2005	0	0	0×6	FSReqPromise×1
con-sonda	scrum514-aprobado-y-aplicado.test.mjs	6	33314	33314	531	0	0	0×6	
con-sonda	scrum685-push-no-arranca-atrasado.test.mjs	6	33114	33114	56	0	0	0×6	
con-sonda	scrum982-la-nota-del-cliente-en-el-trabajo.test.mjs	6	33052	33052	1636	0	0	0×6	
con-sonda	scrum475-ignoran-el-resultado.test.mjs	6	32986	32986	3701	0	0	0×6	FSReqPromise×1 CloseReq×1
con-sonda	scrum631-la-unicidad-tiene-vigilante.test.mjs	6	32932	32932	408	0	0	0×6	FSReqPromise×1
con-sonda	scrum359-tres-relojes.test.mjs	6	32904	32904	61	0	0	0×6	
con-sonda	scrum239-huella-de-codigo.test.mjs	6	32883	32883	665	0	0	0×6	
con-sonda	scrum600b-la-factura-usa-el-front.test.mjs	6	32877	32877	1539	0	0	0×6	Timeout×6
con-sonda	scrum838-censo-de-tautologias.test.mjs	6	32665	32665	9116	0	0	1×6	
con-sonda	scrum889b-quitar-linea-guardada.test.mjs	6	32599	32599	647	0	0	0×6	
con-sonda	scrum1266b-aviso-no-salia-en-lo-dictado.test.mjs	6	32591	32591	1082	0	0	0×6	
con-sonda	scrum537-afirmacion-falsa.test.mjs	6	32463	32463	665	0	0	0×6	
con-sonda	whatsappTemplates.test.mjs	6	32376	32376	77	0	0	0×6	
con-sonda	scrum878-poblacion-del-guard-29.test.mjs	6	32207	32207	479	0	0	0×6	
con-sonda	scrum371-barrido-poblacion.test.mjs	6	32105	32105	873	0	0	0×6	FSReqPromise×1
con-sonda	scrum655-apartados.test.mjs	6	32054	32054	145	0	0	0×6	
con-sonda	scrum426-libro-recibidas.test.mjs	6	32033	32033	109	0	0	0×6	FSReqPromise×1
con-sonda	scrum188-turno-staging.test.mjs	6	31981	31981	70	0	0	0×6	
con-sonda	scrum553-etiquetas-pegadas.test.mjs	6	31952	31952	15177	0	0	0×6	
con-sonda	scrum1342-plan-desconocido-no-calla.test.mjs	6	31912	31912	224	0	0	0×6	Immediate×6
con-sonda	scrum592-numeracion-doc02.test.mjs	6	31888	31888	162	0	0	0×6	FSReqPromise×1
con-sonda	scrum729-el-escritor-del-cliente.test.mjs	6	31826	31826	451	0	0	0×6	FSReqCallback×2
con-sonda	scrum582-seleccion-multiple-clientes.test.mjs	6	31811	31811	676	0	0	0×6	
con-sonda	scrum507-cantidad-supuesta.test.mjs	6	31593	31593	66	0	0	0×6	
con-sonda	scrum964-la-lista-no-carga-las-fotos.test.mjs	6	31506	31506	605	0	0	0×6	
con-sonda	scrum655b-revision-con-llamador.test.mjs	6	31494	31494	46	0	0	0×6	
con-sonda	scrum500-suplidos.test.mjs	6	31449	31449	557	0	0	0×6	
con-sonda	scrum1341-actividad-del-equipo-sin-importes.test.mjs	6	31428	31428	938	0	0	0×6	
con-sonda	scrum987-valido-hasta-en-el-pdf.test.mjs	6	31376	31376	1316	0	0	0×6	FSReqCallback×2
con-sonda	scrum775-suelo-que-no-dispara.test.mjs	6	31341	31341	15982	0	0	0×6	
con-sonda	scrum839d-union-solo-en-el-registro.test.mjs	6	31332	31332	1073	0	0	0×6	
con-sonda	scrum905-facturar-solo-si-se-puede.test.mjs	6	31237	31237	1075	0	0	0×6	
con-sonda	scrum899d-aviso-de-uso.test.mjs	6	31218	31218	328	0	0	0×6	
con-sonda	scrum593b-superficie-texto-del-documento.test.mjs	6	31175	31175	309	0	0	0×6	
con-sonda	scrum1268-sembrar-qa.test.mjs	6	31045	31045	218	0	0	0×6	
con-sonda	scrum853d-cortacircuitos.test.mjs	6	30865	30865	261	0	0	0×6	
con-sonda	scrum555-lo-que-el-censo-no-ve.test.mjs	6	30858	30858	385	0	0	0×6	
con-sonda	scrum652c-parte-en-el-movil.test.mjs	6	30810	30810	136	0	0	0×6	
con-sonda	scrum264-copy-que-llega-al-cliente.test.mjs	6	30783	30783	49	0	0	0×6	
con-sonda	scrum650d-pantalla-asignar.test.mjs	6	30716	30716	527	0	0	0×6	
con-sonda	scrum600-un-solo-front-documento.test.mjs	6	30707	30707	1313	0	0	0×6	
con-sonda	scrum688-crear-revision.test.mjs	6	30566	30566	1346	0	0	0×6	FSReqCallback×2
con-sonda	scrum636-sitio-unico-dinero.test.mjs	6	30526	30526	1315	0	0	0×6	FSReqCallback×2
con-sonda	scrum252-procedencia-cliente.test.mjs	6	30510	30510	594	0	0	0×6	
con-sonda	scrum808-el-arbol-que-queda-mutado.test.mjs	6	30492	30492	3606	0	0	0×6	
con-sonda	scrum584-selector-de-columnas.test.mjs	6	30451	30451	1118	0	0	0×6	
con-sonda	scrum599-navegacion-documentos-y-atajo.test.mjs	6	30321	30321	960	0	0	0×6	
con-sonda	scrum1216b-pantalla-arranque.test.mjs	6	30092	30092	985	0	0	0×6	
con-sonda	scrum661b-el-coste-sobrevive-el-viaje.test.mjs	6	29857	29857	1082	0	0	0×6	
con-sonda	scrum1123-vigia-despliegue-aviso.test.mjs	6	29832	29832	226	0	0	0×6	
con-sonda	scrum325-libros-por-periodo.test.mjs	6	29790	29790	117	0	0	0×6	FSReqPromise×1
con-sonda	scrum475-constancia-correo.test.mjs	6	29707	29707	5774	0	0	0×6	FSReqPromise×1
con-sonda	scrum455-almacen-local.test.mjs	6	29646	29646	1163	0	0	0×6	Immediate×1
con-sonda	scrum1354-dueno-de-la-marca.test.mjs	6	29598	29598	838	0	0	0×6	Immediate×3
con-sonda	scrum291-series-huecos.test.mjs	6	29595	29595	125	0	0	0×6	FSReqPromise×1
con-sonda	scrum593e-el-albaran-si-es-alcanzable.test.mjs	6	29496	29496	49	0	0	0×6	
con-sonda	scrum313-pantalla-numeracion.test.mjs	6	29444	29444	145	0	0	0×6	FSReqPromise×1
con-sonda	scrum390-puerta-cliente-real.test.mjs	6	29310	29310	155	0	0	0×6	FSReqPromise×1
con-sonda	scrum693-filtro-de-comentarios.test.mjs	6	29262	29262	477	0	0	0×6	
con-sonda	scrum942-bytes-de-control-en-el-arbol.test.mjs	6	29255	29255	1107	0	0	0×6	
con-sonda	scrum885-documento-sin-enviar.test.mjs	6	29207	29207	1289	0	0	0×6	
con-sonda	scrum1327-el-veredicto-no-se-decide-a-mano.test.mjs	6	29143	29143	909	0	0	0×6	
con-sonda	scrum606-albaran-desde-presupuesto.test.mjs	6	29122	29122	1778	0	0	0×6	
con-sonda	scrum283-tabla-patron-factura.test.mjs	6	28956	28956	474	0	0	0×6	
con-sonda	scrum890b-rechazo-visible.test.mjs	6	28954	28954	1834	0	0	0×6	Timeout×1 Immediate×1
con-sonda	scrum683-parte-dictado.test.mjs	6	28835	28835	61	0	0	0×6	
con-sonda	scrum605-atajos-vencimiento.test.mjs	6	28810	28810	71	0	0	0×6	
con-sonda	scrum644-trinquete-mensaje-crudo.test.mjs	6	28768	28768	1904	0	0	0×6	
con-sonda	scrum267-ancla-de-medicion.test.mjs	6	28757	28757	1278	0	0	0×6	
con-sonda	scrum360-desalojo.test.mjs	6	28737	28737	913	0	0	0×6	Immediate×3
con-sonda	scrum284-asignacion-submenus.test.mjs	6	28715	28715	430	0	0	0×6	
con-sonda	scrum562-arbitro-de-toque.test.mjs	6	28694	28694	512	0	0	0×6	
con-sonda	scrum578-formulario-duplicados.test.mjs	6	28645	28645	437	0	0	0×6	
con-sonda	scrum1302h-firma-directa-ya-registrada.test.mjs	6	28594	28594	865	0	0	0×6	Immediate×3
con-sonda	albaran.test.mjs	6	28580	28580	363	0	0	0×6	FSReqPromise×1
con-sonda	scrum1343-un-hijo-que-no-arranca-es-ciego.test.mjs	6	28392	28392	480	0	0	0×6	
con-sonda	scrum607-precios-fuera-del-albaran.test.mjs	6	28362	28362	479	0	0	0×6	FSReqCallback×2 FSReqPromise×1
con-sonda	scrum563-registro-de-lo-aprobado.test.mjs	6	28314	28314	353	0	0	0×6	
con-sonda	scrum780-formato-f-en-la-factura.test.mjs	6	28237	28237	92	0	0	0×6	FSReqPromise×1
con-sonda	scrum1117-anclas-por-bloque.test.mjs	6	28220	28220	1387	0	0	0×6	
con-sonda	scrum195-pertenencia-por-job.test.mjs	6	28181	28181	85	0	0	0×6	FSReqPromise×1
con-sonda	scrum290-albaran-a-factura.test.mjs	6	28170	28170	53	0	0	0×6	
con-sonda	scrum1362-cargador-de-defectos-del-viaje.test.mjs	6	28092	28092	36	0	0	0×6	
con-sonda	scrum255-audit-log-sync.test.mjs	6	27999	27999	255	0	0	0×6	
con-sonda	scrum652d-puerta-al-parte.test.mjs	6	27988	27988	1300	0	0	0×6	
con-sonda	scrum579-direccion-de-facturacion.test.mjs	6	27988	27988	1025	0	0	0×6	
con-sonda	scrum1233-mensaje-para-persona.test.mjs	6	27899	27899	1907	0	0	0×6	
con-sonda	scrum1097-guard-acreditacion-invoicing-es.test.mjs	6	27776	27776	456	0	0	0×6	
con-sonda	scrum314-wipedemo-derivado.test.mjs	6	27775	27775	499	0	0	0×6	
con-sonda	scrum100-webhooks-fail-closed.test.mjs	6	27773	27773	963	0	0	0×6	SimpleShutdownWrap×1 TCPServerWrap×1 TCPSocketWrap×1
con-sonda	scrum324-justificante-deducible.test.mjs	6	27709	27709	44	0	0	0×6	
con-sonda	scrum420-barra-lateral.test.mjs	6	27695	27695	53	0	0	0×6	
con-sonda	scrum899c-relevar-y-contexto.test.mjs	6	27646	27646	45	0	0	0×6	
con-sonda	scrum839e-solo-pr-armados.test.mjs	6	27634	27634	2189	0	0	0×6	
con-sonda	scrum303-albaran-una-pantalla.test.mjs	6	27616	27616	1138	0	0	0×6	FSReqPromise×1
con-sonda	scrum1351-viaje-firma-sin-red-albaran.test.mjs	6	27543	27543	9467	0	0	0×6	Immediate×2
con-sonda	scrum300-firmante-ids-y-microcopy.test.mjs	6	27501	27501	44	0	0	0×6	
con-sonda	scrum302-presupuesto-y-fotos.test.mjs	6	27288	27288	791	0	0	0×6	FSReqPromise×1
con-sonda	scrum383-clave-vs-destino.test.mjs	6	27214	27214	50	0	0	0×6	
con-sonda	scrum921-firmas-con-respaldo.test.mjs	6	27133	27133	3587	0	0	0×6	
con-sonda	scrum823-la-escalera-mira-el-estado.test.mjs	6	27132	27132	139	0	0	0×6	FSReqPromise×1
con-sonda	scrum764-margen-negativo.test.mjs	6	27108	27108	562	0	0	0×6	
con-sonda	scrum976-guards-entrada-con-techo.test.mjs	6	26997	26997	19662	0	0	0×6	
con-sonda	scrum944b-el-trabajo-se-llama-igual.test.mjs	6	26988	26988	54	0	0	0×6	
con-sonda	scrum351-topologia-node-modules.test.mjs	6	26896	26896	514	0	0	0×6	
con-sonda	scrum855-el-doble-llama-al-callback.test.mjs	6	26879	26879	590	0	0	0×6	
con-sonda	scrum344-cierre-con-saldo.test.mjs	6	26865	26865	514	0	0	0×6	
con-sonda	scrum395-preflight-migracion.test.mjs	6	26771	26771	49	0	0	0×6	
con-sonda	scrum491-metodo-y-registro.test.mjs	6	26733	26733	454	0	0	0×6	
con-sonda	scrum387-censo-reparto.test.mjs	6	26675	26675	464	0	0	0×6	
con-sonda	scrum1027-atajo-flag-off-sin-documento.test.mjs	6	26617	26617	494	0	0	0×6	
con-sonda	scrum357-que-lleva-encima.test.mjs	6	26553	26553	887	0	0	0×6	
con-sonda	scrum358-drenado.test.mjs	6	26423	26423	1005	0	0	0×6	Immediate×3
con-sonda	scrum937-el-nif-no-se-tira-en-silencio.test.mjs	6	26423	26423	205	0	0	0×6	
con-sonda	scrum1185-trinquete-sin-consumir.test.mjs	6	26364	26364	6330	0	0	0×6	
con-sonda	scrum691-contraste-de-tokens.test.mjs	6	26361	26361	102	0	0	0×6	
con-sonda	scrum141-factura-final.test.mjs	6	26283	26283	525	0	0	0×6	
con-sonda	scrum289b-factura-suelta.test.mjs	6	26160	26160	576	0	0	0×6	
con-sonda	scrum921c-firma-con-respaldo-en-codigo.test.mjs	6	26059	26059	4730	0	0	0×6	
con-sonda	automerge-conflicto-no-es-averia.test.mjs	6	26042	26042	49	0	0	0×6	
con-sonda	scrum1336-un-ciego-no-se-pinta-de-hallazgo.test.mjs	6	25950	25950	777	0	0	0×6	
con-sonda	scrum294-recargo-caja.test.mjs	6	25890	25890	478	0	0	0×6	
con-sonda	scrum622-desconocido-no-es-verde.test.mjs	6	25875	25875	2917	0	0	0×6	FSReqPromise×1
con-sonda	scrum1388-facturas-recibidas-literales-firmados.test.mjs	6	25866	25866	1459	0	0	0×6	
con-sonda	scrum938-la-lista-como-fixture.test.mjs	6	25865	25865	1064	0	0	0×6	
con-sonda	scrum1317-cierre-admin-e-inicio-del-operario.test.mjs	6	25839	25839	1122	0	0	0×6	
con-sonda	scrum296-pantalla-libro.test.mjs	6	25836	25836	129	0	0	0×6	
con-sonda	scrum844f-lo-que-cambia-el-importe.test.mjs	6	25828	25828	76	0	0	0×6	FSReqPromise×1
con-sonda	scrum578-duplicados-identificador.test.mjs	6	25772	25772	40	0	0	0×6	
con-sonda	scrum534b-documentos-fantasma.test.mjs	6	25639	25639	46093	0	0	0×6	
con-sonda	scrum1108b-pantalla-garantia.test.mjs	6	25630	25630	921	0	0	0×6	SimpleShutdownWrap×1 TCPServerWrap×1 TCPSocketWrap×1
con-sonda	scrum295-modelo-303.test.mjs	6	25575	25575	52	0	0	0×6	
con-sonda	scrum653-dos-firmas.test.mjs	6	25527	25527	320	0	0	0×6	
con-sonda	scrum670-un-solo-extractor.test.mjs	6	25469	25469	487	0	0	0×6	
con-sonda	scrum1286-intermitente-1281.test.mjs	6	25378	25378	59	0	0	0×6	
con-sonda	scrum352-target-tactil-variantes.test.mjs	6	25322	25322	2321	0	0	0×6	
con-sonda	scrum917g-el-trabajo-plegable.test.mjs	6	25013	25013	183	0	0	0×6	
con-sonda	scrum1126-fusion-de-clientes.test.mjs	6	24941	24941	3259	0	0	0×6	
con-sonda	scrum846b-siembras-a-los-quince.test.mjs	6	24922	24922	429	0	0	0×6	
con-sonda	scrum305-entrega-pendiente.test.mjs	6	24918	24918	429	0	0	0×6	
con-sonda	scrum954-vivo-no-es-listado.test.mjs	6	24859	24859	527	0	0	0×6	
con-sonda	scrum633-caducidad-en-la-zona.test.mjs	6	24823	24823	481	0	0	0×6	
con-sonda	scrum899-sesion-lista-blanca.test.mjs	6	24803	24803	522	0	0	0×6	
con-sonda	scrum501-una-fila-por-envio.test.mjs	6	24793	24793	424	0	0	0×6	FSReqPromise×1
con-sonda	scrum358-encolar-firma.test.mjs	6	24744	24744	987	0	0	0×6	Immediate×2
con-sonda	scrum304-albaranes-tabla.test.mjs	6	24707	24707	610	0	0	0×6	
con-sonda	scrum664-el-compilador-como-censo.test.mjs	6	24689	24689	814	0	0	0×6	
con-sonda	scrum1289-por-que-cayo.test.mjs	6	24645	24645	134	0	0	0×6	
con-sonda	scrum853-lecturas-que-fallan-cerrado.test.mjs	6	24615	24615	1014	0	0	0×6	
con-sonda	scrum558-ancla-alcanzable.test.mjs	6	24573	24573	333	0	0	0×6	
con-sonda	scrum499-el-registro-tiene-sitio.test.mjs	6	24490	24490	635	0	0	0×6	FSReqPromise×1
con-sonda	scrum600e-condiciones-contra-el-emisor.test.mjs	6	24466	24466	1326	0	0	0×6	
con-sonda	scrum820-estados-en-castellano.test.mjs	6	24435	24435	2192	0	0	0×6	
con-sonda	scrum494-export-que-sobra.test.mjs	6	24368	24368	9541	0	0	0×6	
con-sonda	scrum993-boton-un-toque.test.mjs	6	24340	24340	1333	0	0	0×6	Timeout×7
con-sonda	scrum815c-el-escritor-de-los-cinco.test.mjs	6	24330	24330	1175	0	0	0×6	FSReqPromise×1
con-sonda	scrum1322-el-bot-entiende-lo-que-pide.test.mjs	6	24328	24328	1048	0	0	0×6	TCPServerWrap×1
con-sonda	scrum626-calentar-el-navegador.test.mjs	6	24323	24323	42	0	0	0×6	
con-sonda	scrum774-arbol-de-otra-sesion.test.mjs	6	24225	24225	1864	0	0	0×6	
con-sonda	scrum759-el-guard-ciego-fuera-de-su-fichero.test.mjs	6	24180	24180	6601	0	0	0×6	
con-sonda	scrum551-anclas-bloque-f.test.mjs	6	24163	24163	349	0	0	0×6	
con-sonda	scrum615-pedir-tipo-destinatario.test.mjs	6	24118	24118	350	0	0	0×6	
con-sonda	scrum1157-censo-convenio-microcopy.test.mjs	6	24111	24111	3299	0	0	0×6	
con-sonda	scrum656-iva-y-clausulas.test.mjs	6	24104	24104	468	0	0	0×6	
con-sonda	scrum192-borrado-merchant.test.mjs	6	24061	24061	53	0	0	0×6	
con-sonda	scrum1325b-expresiones-sobre-texto-de-persona.test.mjs	6	24036	24036	4077	0	0	0×6	
con-sonda	scrum1040-pantalla-facturas-recibidas.test.mjs	6	24033	24033	70	0	0	0×6	
con-sonda	scrum932-el-turno-tiene-mecanismo.test.mjs	6	24014	24014	656	0	0	0×6	
con-sonda	scrum508-los-cinco-dejan-fila.test.mjs	6	24005	24005	1937	0	0	0×6	FSReqPromise×1
con-sonda	scrum216-tipo-rectificativa-sin-defecto.test.mjs	6	23993	23993	779	0	0	0×6	
con-sonda	scrum804-la-rama-viva.test.mjs	6	23935	23935	7227	0	0	0×6	
con-sonda	scrum598-el-margen-sale-del-documento.test.mjs	6	23825	23825	1028	0	0	0×6	
con-sonda	scrum677-vigilante-de-despliegue.test.mjs	6	23814	23814	36	0	0	0×6	
con-sonda	scrum333-tarjetas-gremio.test.mjs	6	23809	23809	55	0	0	0×6	
con-sonda	scrum319-documentos-por-tipo.test.mjs	6	23723	23723	637	0	0	0×6	
con-sonda	scrum565-encargo-completo.test.mjs	6	23678	23678	35	0	0	0×6	
con-sonda	scrum1128-envio-construido.test.mjs	6	23650	23650	472	0	0	0×6	
con-sonda	scrum959b-el-arranque-no-duplica-el-equipo.test.mjs	6	23620	23620	8943	0	0	0×6	
con-sonda	scrum672-un-test-que-desaparece.test.mjs	6	23573	23573	41	0	0	0×6	
con-sonda	scrum542-objetivo-tactil.test.mjs	6	23566	23566	37	0	0	0×6	
con-sonda	scrum766-el-grep-que-cuenta-lineas.test.mjs	6	23555	23555	1625	0	0	0×6	
con-sonda	scrum591-alta-desde-el-documento.test.mjs	6	23531	23531	1618	0	0	0×6	
con-sonda	scrum438-atestiguar.test.mjs	6	23524	23524	116	0	0	0×6	FSReqPromise×1
con-sonda	pr-automatico-el-mensaje-del-automerge.test.mjs	6	23446	23446	279	0	0	0×6	
con-sonda	scrum574-switch-forma-juridica.test.mjs	6	23439	23439	395	0	0	0×6	
con-sonda	scrum581-pestanas-y-orden-clientes.test.mjs	6	23374	23374	56	0	0	0×6	
con-sonda	wa-log-sync.test.mjs	6	23307	23307	149	0	0	0×6	
con-sonda	scrum452-pdf-lo-que-se-sello.test.mjs	6	23305	23305	651	0	0	0×6	FSReqCallback×2
con-sonda	scrum645-la-puerta-no-tira-los-tramos.test.mjs	6	23249	23249	88	0	0	0×6	
con-sonda	scrum652-parte-trabajo.test.mjs	6	23208	23208	51	0	0	0×6	
con-sonda	scrum739-informes-al-sitio-unico.test.mjs	6	23188	23188	483	0	0	0×6	
con-sonda	scrum284-configuracion-submenus.test.mjs	6	23108	23108	607	0	0	0×6	
con-sonda	scrum253-adopcion.test.mjs	6	23055	23055	7126	0	0	0×6	
con-sonda	scrum887-el-cobro-es-lo-firmado.test.mjs	6	23052	23052	1784	0	0	0×6	
con-sonda	scrum294c-criterio-del-merchant.test.mjs	6	22990	22990	150	0	0	0×6	
con-sonda	scrum805-que-firmo-el-cliente.test.mjs	6	22985	22985	872	0	0	0×6	
con-sonda	scrum388-censo-mecanismo.test.mjs	6	22973	22973	2166	0	0	0×6	
con-sonda	scrum1381-escritores-por-fila.test.mjs	6	22929	22929	935	0	0	0×6	
con-sonda	scrum899b-arranque-de-la-tanda.test.mjs	6	22851	22851	1831	0	0	0×6	
con-sonda	scrum17-recapitulativa.test.mjs	6	22834	22834	287	0	0	0×6	FSReqPromise×1
con-sonda	scrum397-fecha-real-de-cobro.test.mjs	6	22765	22765	2291	0	0	0×6	
con-sonda	scrum1102f-sii-y-foral-se-preguntan-y-se-guardan.test.mjs	6	22725	22725	1231	0	0	0×6	
con-sonda	scrum568-promesa-con-mecanismo.test.mjs	6	22708	22708	402	0	0	0×6	
con-sonda	scrum564b-hueco-condicion.test.mjs	6	22703	22703	351	0	0	0×6	
con-sonda	scrum698-vistas-que-no-se-miden.test.mjs	6	22646	22646	2971	0	0	0×6	
con-sonda	scrum660-iva-defecto-del-documento.test.mjs	6	22626	22626	1225	0	0	0×6	Timeout×6
con-sonda	scrum596-la-nota-interna-no-sale.test.mjs	6	22585	22585	759	0	0	0×6	FSReqCallback×2
con-sonda	scrum329-legal-pagina-publica.test.mjs	6	22579	22579	955	0	0	0×6	ConnectWrap×1 TCPServerWrap×1 TCPSocketWrap×1
con-sonda	scrum320-que-falta-para-cobrar.test.mjs	6	22573	22573	80	0	0	0×6	
con-sonda	scrum844c-el-xml-que-se-remite.test.mjs	6	22561	22561	476	0	0	0×6	FSReqPromise×1
con-sonda	scrum1298-mesa-por-puesto.test.mjs	6	22535	22535	1075	0	0	0×6	
con-sonda	scrum268-espera-automatica.test.mjs	6	22497	22497	5405	0	0	0×6	
con-sonda	scrum400-conformidad-landing.test.mjs	6	22478	22478	47	0	0	0×6	
con-sonda	scrum745-comparar-por-identidad.test.mjs	6	22421	22421	6630	0	0	0×6	
con-sonda	scrum816-la-lista-no-miente.test.mjs	6	22413	22413	114	0	0	0×6	
con-sonda	scrum600g-plantillas-en-el-documento-suelto.test.mjs	6	22396	22396	3309	0	0	0×6	Timeout×2
con-sonda	scrum689-pestanas-clientes-con-css.test.mjs	6	22344	22344	408	0	0	0×6	
con-sonda	scrum386-hojas-fuera.test.mjs	6	22313	22313	569	0	0	0×6	
con-sonda	scrum733-el-censo-no-se-encoge-en-silencio.test.mjs	6	22235	22235	311	0	0	0×6	
con-sonda	scrum564-afirmaciones-publicadas.test.mjs	6	22198	22198	400	0	0	0×6	
con-sonda	scrum1303-estado-dentro-del-where.test.mjs	6	22149	22149	470	0	0	0×6	
con-sonda	scrum1259-abierto-con-trabajo-en-main.test.mjs	6	22146	22146	198	0	0	0×6	
con-sonda	scrum195-lectura-serializacion.test.mjs	6	22139	22139	38	0	0	0×6	
con-sonda	scrum317-trabajo-por-su-nombre.test.mjs	6	22098	22098	79	0	0	0×6	
con-sonda	scrum853c-el-vigia-no-se-cree-un-error.test.mjs	6	22073	22073	12909	0	0	0×6	
con-sonda	scrum683b-cableado-dictado.test.mjs	6	22071	22071	541	0	0	0×6	FSReqPromise×1
con-sonda	scrum244-cobertura-portabilidad.test.mjs	6	22003	22003	119	0	0	0×6	FSReqPromise×1
con-sonda	scrum397-instante-de-cobro.test.mjs	6	21895	21895	3242	0	0	0×6	
con-sonda	scrum229-margen-en-pie.test.mjs	6	21887	21887	112	0	0	0×6	
con-sonda	scrum919-cola-al-volver-la-red.test.mjs	6	21882	21882	1379	0	0	0×6	Immediate×2
con-sonda	scrum771-el-emisor-no-valida-el-tipo.test.mjs	6	21856	21856	2960	0	0	0×6	
con-sonda	scrum1325-una-tilde-no-rompe-lo-que-entiende.test.mjs	6	21839	21839	105	0	0	0×6	
con-sonda	scrum593-cabecera-y-pie-del-documento.test.mjs	6	21826	21826	514	0	0	0×6	FSReqCallback×2
con-sonda	scrum1258-el-tipo-del-registro-es-el-de-la-huella.test.mjs	6	21729	21729	831	0	0	0×6	
con-sonda	scrum627b-censo-declara-reimplementaciones.test.mjs	6	21722	21722	2913	0	0	0×6	
con-sonda	scrum1007-1011-1026-relevo-lanzar-bloqueo.test.mjs	6	21717	21717	10025	0	0	0×6	
con-sonda	scrum461-censo-no-encoge.test.mjs	6	21641	21641	449	0	0	0×6	
con-sonda	scrum887c-caso-c-bloqueado.test.mjs	6	21630	21630	1178	0	0	0×6	FSReqPromise×1
con-sonda	scrum443-toast-legible.test.mjs	6	21629	21629	497	0	0	0×6	
con-sonda	scrum362-residuales.test.mjs	6	21570	21570	1192	0	0	0×6	Immediate×3
con-sonda	scrum451-plazo-de-red.test.mjs	6	21560	21560	4997	0	0	0×6	
con-sonda	scrum946-censo-de-huerfanos.test.mjs	6	21542	21542	1212	0	0	0×6	
con-sonda	scrum716c-la-memoria-del-vigia.test.mjs	6	21521	21521	1318	0	0	0×6	TCPServerWrap×1 ProcessWrap×1
con-sonda	scrum331-heroe.test.mjs	6	21514	21514	43	0	0	0×6	
con-sonda	scrum711-guards-sin-sitio.test.mjs	6	21415	21415	464	0	0	0×6	
con-sonda	scrum892-firma-vacia.test.mjs	6	21365	21365	782	0	0	0×6	
con-sonda	scrum1349-entorno-prestado-solo-baja.test.mjs	6	21351	21351	5037	0	0	0×6	
con-sonda	scrum337-aviso-atado-al-bloqueo.test.mjs	6	21345	21345	1795	0	0	0×6	
con-sonda	scrum195-loop-adicional.test.mjs	6	21286	21286	545	0	0	0×6	FSReqPromise×1
con-sonda	scrum350-modal-footer-envuelve.test.mjs	6	21280	21280	2496	0	0	0×6	
con-sonda	scrum1167-irreversible-gana-la-cascada.test.mjs	6	21274	21274	328	0	0	0×6	
con-sonda	scrum233-prosa-sin-url-insegura.test.mjs	6	21199	21199	616	0	0	0×6	
con-sonda	scrum666b-toda-clase-pintada-tiene-regla.test.mjs	6	21196	21196	1601	0	0	0×6	
con-sonda	scrum417-descargar-datos-carga.test.mjs	6	21191	21191	547	0	0	0×6	Immediate×1
con-sonda	scrum1333-una-factura-se-encola-una-vez.test.mjs	6	21176	21176	657	0	0	0×6	
con-sonda	scrum1075-aviso-resumen-trimestre.test.mjs	6	21150	21150	636	0	0	0×6	
con-sonda	scrum615-plazo-con-null.test.mjs	6	21083	21083	12855	0	0	0×6	FSReqPromise×1
con-sonda	scrum939b-trinquete-de-las-skills.test.mjs	6	21071	21071	132	0	0	0×6	
con-sonda	scrum418-credencial-de-produccion.test.mjs	6	21045	21045	46	0	0	0×6	
con-sonda	scrum702-suelo-misma-poblacion.test.mjs	6	21027	21027	6888	0	0	0×6	
con-sonda	scrum469-aviso-desalojo.test.mjs	6	20936	20936	1355	0	0	0×6	Immediate×2
con-sonda	scrum298-modo-visible.test.mjs	6	20923	20923	389	0	0	0×6	
con-sonda	scrum844e-el-libro-es-una-declaracion.test.mjs	6	20904	20904	33	0	0	0×6	
con-sonda	scrum1324-nadie-vigila-el-silencio.test.mjs	6	20904	20904	942	0	0	0×6	
con-sonda	scrum427-composicion-detalle.test.mjs	6	20890	20890	834	0	0	0×6	
con-sonda	scrum884-importador-normaliza-telefono.test.mjs	6	20855	20855	134	0	0	0×6	FSReqPromise×1
con-sonda	scrum880-el-empate-del-sello.test.mjs	6	20815	20815	1473	0	0	0×6	FSReqPromise×1
con-sonda	scrum406-escribenos.test.mjs	6	20810	20810	739	0	0	0×6	
con-sonda	scrum405-microcopy-descarga.test.mjs	6	20806	20806	609	0	0	0×6	
con-sonda	scrum242-backup-verificado.test.mjs	6	20775	20775	438	0	0	0×6	
con-sonda	scrum1216b-numero-de-arranque.test.mjs	6	20759	20759	793	0	0	0×6	SimpleShutdownWrap×1 TCPServerWrap×1 TCPSocketWrap×1
con-sonda	scrum600d-el-envio-tras-emitir.test.mjs	6	20691	20691	1871	0	0	0×6	Timeout×16
con-sonda	scrum643-zona-del-merchant.test.mjs	6	20657	20657	3068	0	0	0×6	FSReqPromise×1
con-sonda	scrum1338-la-barra-del-operario-contra-los-gates.test.mjs	6	20641	20641	2265	0	0	0×6	
con-sonda	scrum1059-etiquetado-masivo.test.mjs	6	20573	20573	74	0	0	0×6	
con-sonda	scrum336-atribucion-sin-almacenamiento.test.mjs	6	20549	20549	1149	0	0	0×6	
con-sonda	scrum639-vocabulario-sale-de-la-puerta.test.mjs	6	20545	20545	38	0	0	0×6	
con-sonda	scrum561-citar-fuera-del-esquema.test.mjs	6	20544	20544	410	0	0	0×6	
con-sonda	scrum856-canje-una-sola-vez.test.mjs	6	20514	20514	43	0	0	0×6	
con-sonda	scrum217-failopen-entrada.test.mjs	6	20508	20508	156	0	0	0×6	
con-sonda	scrum839c-la-pasada-se-ejecuta.test.mjs	6	20496	20496	577	0	0	0×6	
con-sonda	scrum821-la-lista-que-decide-que-se-mira.test.mjs	6	20469	20469	36	0	0	0×6	
con-sonda	scrum421-registro-presupuesto.test.mjs	6	20436	20436	1071	0	0	0×6	
con-sonda	scrum379-recarga-sin-await.test.mjs	6	20339	20339	375	0	0	0×6	
con-sonda	scrum506-cobros-distingue-el-desconocido.test.mjs	6	20330	20330	571	0	0	0×6	FSReqPromise×1 CloseReq×1
con-sonda	scrum725-dato-inventado-en-la-descripcion.test.mjs	6	20304	20304	42	0	0	0×6	
con-sonda	scrum890-parte-vacio.test.mjs	6	20299	20299	127	0	0	0×6	
con-sonda	scrum949-el-suelo-como-cociente.test.mjs	6	20282	20282	1615	0	0	0×6	
con-sonda	scrum289-censo-origen-factura.test.mjs	6	20236	20236	2563	0	0	0×6	
con-sonda	scrum394-plan-mudo.test.mjs	6	20179	20179	453	0	0	0×6	FSReqPromise×1
con-sonda	scrum1107-retencion-garantia.test.mjs	6	20149	20149	43	0	0	0×6	
con-sonda	scrum274-shell-alineado.test.mjs	6	19995	19995	51	0	0	0×6	
con-sonda	scrum1355-borrador-no-es-deuda.test.mjs	6	19975	19975	364	0	0	0×6	FSReqPromise×1
con-sonda	scrum1313-ciego-no-es-verde-ni-rojo.test.mjs	6	19961	19961	514	0	0	0×6	
con-sonda	scrum1228b-permisos-no-reintentan.test.mjs	6	19935	19935	507	0	0	0×6	SimpleShutdownWrap×1 TCPServerWrap×11 TCPSocketWrap×1
con-sonda	scrum358-alta-idempotente.test.mjs	6	19919	19919	90	0	0	0×6	FSReqPromise×1
con-sonda	scrum1276-decision-no-reabre.test.mjs	6	19910	19910	1003	0	0	0×6	
con-sonda	scrum215-sin-destinatario.test.mjs	6	19902	19902	1241	0	0	0×6	
con-sonda	scrum480-fin-de-linea.test.mjs	6	19881	19881	3187	0	0	0×6	
con-sonda	scrum458-paquete-de-precarga.test.mjs	6	19870	19870	343	0	0	0×6	FSReqPromise×1
con-sonda	scrum244-supresion-y-anonimizado.test.mjs	6	19842	19842	547	0	0	0×6	
con-sonda	scrum292-nif-antes-de-emitir.test.mjs	6	19840	19840	579	0	0	0×6	
con-sonda	scrum887b-descuento-global.test.mjs	6	19826	19826	735	0	0	0×6	FSReqPromise×1
con-sonda	scrum290-endpoint-convertir.test.mjs	6	19770	19770	496	0	0	0×6	
con-sonda	tecnosel-precios-tras-firmar.test.mjs	6	19729	19729	59	0	0	0×6	
con-sonda	scrum168-zona-roja.test.mjs	6	19723	19723	43	0	0	0×6	
con-sonda	scrum1116-digest-garantia-retenida.test.mjs	6	19685	19685	409	0	0	0×6	FSReqPromise×1
con-sonda	scrum268-cesion.test.mjs	6	19680	19680	495	0	0	0×6	
con-sonda	scrumD1-puerta-serie.test.mjs	6	19669	19669	64	0	0	0×6	
con-sonda	scrum903-marcador-no-se-imprime.test.mjs	6	19655	19655	408	0	0	0×6	FSReqCallback×2
con-sonda	scrum1048-resumen-trimestre.test.mjs	6	19650	19650	30	0	0	0×6	
con-sonda	scrum365-permisos-tarifario.test.mjs	6	19636	19636	1187	0	0	0×6	FSReqPromise×1
con-sonda	scrum296-libro-registro.test.mjs	6	19574	19574	48	0	0	0×6	
con-sonda	scrum1191-tope-cola-firmas.test.mjs	6	19525	19525	676	0	0	0×6	Immediate×3
con-sonda	scrum893-solo-lo-que-puede-cobrar.test.mjs	6	19496	19496	602	0	0	0×6	TCPServerWrap×1 TCPSocketWrap×2 Immediate×1
con-sonda	scrum943-la-categoria-se-valida.test.mjs	6	19490	19490	237	0	0	0×6	
con-sonda	scrum762-el-pdf-emitido-se-rehace.test.mjs	6	19486	19486	1942	0	0	0×6	FSReqCallback×2
con-sonda	scrum1107b-rutas-garantia.test.mjs	6	19435	19435	355	0	0	0×6	SimpleShutdownWrap×1 TCPServerWrap×1 TCPSocketWrap×1
con-sonda	scrum1289b-reporters-como-argumentos.test.mjs	6	19400	19400	902	0	0	0×6	
con-sonda	scrum603b-descripcion-en-el-albaran.test.mjs	6	19380	19380	537	0	0	0×6	FSReqCallback×2
con-sonda	scrum308-bloqueo-rectify.test.mjs	6	19365	19365	449	0	0	0×6	FSReqPromise×1
con-sonda	scrum306-serie-albaranes.test.mjs	6	19364	19364	115	0	0	0×6	FSReqPromise×1
con-sonda	scrum728d-viajes-de-la-reserva.test.mjs	6	19329	19329	79	0	0	0×6	FSReqPromise×1
con-sonda	scrum432-plantillas-pestana.test.mjs	6	19325	19325	681	0	0	0×6	
con-sonda	scrum588-referencia-interna.test.mjs	6	19254	19254	53	0	0	0×6	
con-sonda	scrum757-la-declaracion-que-nadie-lee.test.mjs	6	19246	19246	5070	0	0	0×6	
con-sonda	scrum656b-clausulas-configuracion.test.mjs	6	19139	19139	294	0	0	0×6	
con-sonda	scrum525d-anclas-que-apuntan.test.mjs	6	19112	19112	389	0	0	0×6	
con-sonda	scrum477-avisos-con-constancia.test.mjs	6	19080	19080	2624	0	0	0×6	
con-sonda	scrum642-tramos-del-arranque.test.mjs	6	19050	19050	546	0	0	0×6	
con-sonda	scrum694b-el-filtro-que-no-ve-la-url.test.mjs	6	18986	18986	3399	0	0	0×6	
con-sonda	scrum704-el-cuerpo-llega.test.mjs	6	18976	18976	1637	0	0	0×6	
con-sonda	scrum727-constancia-del-vigia.test.mjs	6	18940	18940	570	0	0	0×6	
con-sonda	scrum441-metodo-declarado.test.mjs	6	18915	18915	37	0	0	0×6	
con-sonda	scrum1292-cobro-pagado-no-retrocede.test.mjs	6	18876	18876	348	0	0	0×6	
con-sonda	scrum690-contraste-segmented.test.mjs	6	18869	18869	331	0	0	0×6	
con-sonda	scrum1091-guard-cwd-posix.test.mjs	6	18837	18837	35	0	0	0×6	
con-sonda	scrum316-detalle-trabajo-b2.test.mjs	6	18826	18826	587	0	0	0×6	
con-sonda	scrum549-nada-publicable-sin-marcar.test.mjs	6	18824	18824	55	0	0	0×6	
con-sonda	scrum493-dos-instrumentos.test.mjs	6	18816	18816	9605	0	0	0×6	
con-sonda	scrum232-turno-contexto.test.mjs	6	18810	18810	53	0	0	0×6	
con-sonda	scrum1285-guardado-en-vuelo.test.mjs	6	18715	18715	933	0	0	0×6	Timeout×5
con-sonda	scrum348-tenencia-por-lectura.test.mjs	6	18678	18678	1391	0	0	0×6	
con-sonda	scrum1155-alta-rediseno.test.mjs	6	18644	18644	32	0	0	0×6	
con-sonda	scrum597-asignar-usuario-al-documento.test.mjs	6	18636	18636	908	0	0	0×6	SimpleShutdownWrap×1 TCPServerWrap×1 TCPSocketWrap×1
con-sonda	scrum1063b-303-soportado-resultado.test.mjs	6	18634	18634	44	0	0	0×6	
con-sonda	scrum623-desglose-por-tipo.test.mjs	6	18616	18616	976	0	0	0×6	FSReqCallback×2
con-sonda	scrum714-cada-numero-con-su-unidad.test.mjs	6	18596	18596	235	0	0	0×6	
con-sonda	scrum244-colgados-de-otro-modelo.test.mjs	6	18595	18595	52	0	0	0×6	
con-sonda	scrum399-hambre-del-lote.test.mjs	6	18541	18541	616	0	0	0×6	FSReqPromise×1
con-sonda	scrum497-dato-personal-no-sobrevive.test.mjs	6	18540	18540	113	0	0	0×6	FSReqPromise×1
con-sonda	scrum740-carrera-por-el-arbol.test.mjs	6	18529	18529	2742	0	0	0×6	
con-sonda	scrum662-lista-de-scripts.test.mjs	6	18509	18509	364	0	0	0×6	
con-sonda	scrum361-version-al-firmar.test.mjs	6	18475	18475	727	0	0	0×6	
con-sonda	scrum697-un-solo-render.test.mjs	6	18466	18466	1916	0	0	0×6	
con-sonda	scrum1301-bizum-hoy-de-madrugada.test.mjs	6	18442	18442	356	0	0	0×6	
con-sonda	emission.test.mjs	6	18440	18440	103	0	0	0×6	FSReqPromise×1
con-sonda	scrum710b-anclaje-por-identidad.test.mjs	6	18437	18437	23030	0	0	0×6	
con-sonda	scrum734-una-sola-carga.test.mjs	6	18401	18401	539	0	0	0×6	
con-sonda	scrum503-desconocido-no-es-error.test.mjs	6	18355	18355	394	0	0	0×6	FSReqPromise×1
con-sonda	scrum1232-libro-sin-justificantes.test.mjs	6	18329	18329	164	0	0	0×6	
con-sonda	scrum616-que-guarda-la-factura.test.mjs	6	18309	18309	39	0	0	0×6	
con-sonda	scrum346-justificante-suelto.test.mjs	6	18251	18251	461	0	0	0×6	FSReqPromise×1
con-sonda	scrum1320-hallazgo-y-ciego-no-son-excluyentes.test.mjs	6	18235	18235	668	0	0	0×6	
con-sonda	scrum716-vigia-no-dice-al-dia-sin-mirar.test.mjs	6	18215	18215	28	0	0	0×6	
con-sonda	scrum848b-el-fixture-llega-a-la-pantalla.test.mjs	6	18181	18181	760	0	0	0×6	
con-sonda	scrum809-paywall-tras-cancelar.test.mjs	6	18171	18171	10991	0	0	0×6	TCPServerWrap×1
con-sonda	scrum209-desglose-conforme.test.mjs	6	18166	18166	863	0	0	0×6	
con-sonda	scrum712-decimales-de-precio.test.mjs	6	18111	18111	573	0	0	0×6	
con-sonda	scrum330-contador-solo-activas.test.mjs	6	18110	18110	80	0	0	0×6	FSReqPromise×1
con-sonda	scrum755-el-contador-que-cuadro-solo.test.mjs	6	18106	18106	2331	0	0	0×6	
con-sonda	scrum1398-la-sonda-de-colision.test.mjs	6	18047	18047	1199	0	0	0×6	
con-sonda	scrum1047-beneficio-sobre-la-base.test.mjs	6	18019	18019	27	0	0	0×6	
con-sonda	scrum318-rail-contenido.test.mjs	6	18016	18016	615	0	0	0×6	
con-sonda	scrum381-semilla.test.mjs	6	17961	17961	3116	0	0	0×6	
con-sonda	scrum360-entorno-guardado.test.mjs	6	17926	17926	202	0	0	0×6	FSReqPromise×1
con-sonda	scrum577-nombre-para-documento.test.mjs	6	17914	17914	454	0	0	0×6	
con-sonda	scrum781-concurrencia-de-la-factura.test.mjs	6	17911	17911	477	0	0	0×6	
con-sonda	scrum258-nota-por-sesion.test.mjs	6	17907	17907	5180	0	0	0×6	
con-sonda	scrum1200-sin-respuesta.test.mjs	6	17886	17886	676	0	0	0×6	
con-sonda	scrum368-anillo-foco-primario.test.mjs	6	17856	17856	229	0	0	0×6	
con-sonda	scrum574-mismo-cliente-tras-migracion.test.mjs	6	17852	17852	300	0	0	0×6	
con-sonda	scrum1296-emitir-encola.test.mjs	6	17808	17808	99	0	0	0×6	
con-sonda	scrum723-guard-contra-su-base.test.mjs	6	17782	17782	8969	0	0	0×6	
con-sonda	scrum665a-congelar-el-emisor.test.mjs	6	17781	17781	959	0	0	0×6	FSReqCallback×2
con-sonda	scrum867-el-modal-muerto.test.mjs	6	17742	17742	4209	0	0	0×6	
con-sonda	scrum741-la-entrada-no-la-linea.test.mjs	6	17735	17735	415	0	0	0×6	
con-sonda	scrum428-terminado-sin-cobrar.test.mjs	6	17734	17734	35	0	0	0×6	
con-sonda	scrum719-el-suelo-de-los-doce.test.mjs	6	17715	17715	409	0	0	0×6	
con-sonda	scrum654-dictado-sin-conexion.test.mjs	6	17689	17689	39	0	0	0×6	
con-sonda	scrum895b-literales-firmados.test.mjs	6	17685	17685	989	0	0	0×6	FSReqPromise×1
con-sonda	scrum1222-sesion-panel.test.mjs	6	17680	17680	174	0	0	0×6	
con-sonda	scrum750-los-dos-calendarios.test.mjs	6	17672	17672	9371	0	0	0×6	
con-sonda	scrum746b-guarda-en-la-conexion.test.mjs	6	17614	17614	42	0	0	0×6	
con-sonda	scrum270-evidencia-reunida.test.mjs	6	17605	17605	39	0	0	0×6	
con-sonda	scrum302-duplicar.test.mjs	6	17585	17585	470	0	0	0×6	FSReqPromise×1
con-sonda	scrum1103-retencion-practicada-en-gastos.test.mjs	6	17555	17555	798	0	0	0×6	
con-sonda	scrum731-el-descuento-explicado.test.mjs	6	17555	17555	646	0	0	0×6	FSReqCallback×2
con-sonda	scrum444-avisos-no-se-pisan.test.mjs	6	17540	17540	615	0	0	0×6	Timeout×13
con-sonda	scrum659-lector-de-lineas-del-pdf.test.mjs	6	17521	17521	353	0	0	0×6	FSReqCallback×2
con-sonda	scrum610-precio-final-del-catalogo.test.mjs	6	17520	17520	34	0	0	0×6	
con-sonda	scrum361-version-al-editar.test.mjs	6	17515	17515	408	0	0	0×6	
con-sonda	scrum1296-procesador-cola.test.mjs	6	17500	17500	86	0	0	0×6	FSReqPromise×1
con-sonda	scrum778-la-lista-cableada.test.mjs	6	17462	17462	3381	0	0	0×6	
con-sonda	scrum445-cobros-duplicados.test.mjs	6	17459	17459	90	0	0	0×6	FSReqPromise×1
con-sonda	scrum293-retencion-irpf.test.mjs	6	17440	17440	68	0	0	0×6	
con-sonda	scrum641-nombre-cogido-sin-500.test.mjs	6	17425	17425	507	0	0	0×6	
con-sonda	scrum709-microcopy-por-fichero.test.mjs	6	17367	17367	2010	0	0	0×6	
con-sonda	scrum743-tercera-forma.test.mjs	6	17350	17350	552	0	0	0×6	
con-sonda	scrum230-qr-pagina.test.mjs	6	17345	17345	55	0	0	0×6	
con-sonda	scrum861-firma-por-delegacion.test.mjs	6	17306	17306	250	0	0	0×6	
con-sonda	scrum844d-quien-entra-en-la-cadena.test.mjs	6	17255	17255	83	0	0	0×6	FSReqPromise×1
con-sonda	scrum758-cabecera-no-miente.test.mjs	6	17190	17190	484	0	0	0×6	
con-sonda	scrum244-menu-portabilidad.test.mjs	6	17179	17179	453	0	0	0×6	
con-sonda	scrum284-censo-configuracion.test.mjs	6	17176	17176	495	0	0	0×6	
con-sonda	scrum1042-ajuste-foto-tecnico.test.mjs	6	17105	17105	35	0	0	0×6	
con-sonda	scrum1360-caja-albaran-firma-de-parte.test.mjs	6	17007	17007	623	0	0	0×6	Immediate×2
con-sonda	scrum70-consolidacion-cliente.test.mjs	6	16984	16984	333	0	0	0×6	FSReqPromise×1
con-sonda	scrum677b-el-vigia-esta-cableado.test.mjs	6	16959	16959	41	0	0	0×6	
con-sonda	scrum409-fixtures-sin-merchant-demo.test.mjs	6	16956	16956	5534	0	0	0×6	
con-sonda	merchant-fixture.test.mjs	6	16945	16945	377	0	0	0×6	
con-sonda	scrum831-albaranes-con-acciones.test.mjs	6	16904	16904	86	0	0	0×6	
con-sonda	scrum360-entorno-instalada.test.mjs	6	16901	16901	641	0	0	0×6	
con-sonda	scrum619-vocabulario-de-linea.test.mjs	6	16887	16887	1845	0	0	0×6	
con-sonda	scrum783-seleccion-sobrevive-navegacion.test.mjs	6	16868	16868	2392	0	0	0×6	
con-sonda	scrum557-alcance-por-identidad.test.mjs	6	16810	16810	397	0	0	0×6	
con-sonda	scrum760-iva-de-voz-rechazado.test.mjs	6	16772	16772	1767	0	0	0×6	Timeout×2
con-sonda	scrum385-preview-fiable.test.mjs	6	16736	16736	4173	0	0	0×6	
con-sonda	scrum162-conceptos-frecuentes.test.mjs	6	16734	16734	43	0	0	0×6	
con-sonda	scrum1105-semilla-destino-por-bandera.test.mjs	6	16721	16721	516	0	0	0×6	
con-sonda	scrum464-precarga-del-tecnico.test.mjs	6	16699	16699	85	0	0	0×6	FSReqPromise×1
con-sonda	scrum311-cantidad-inventada-derivada.test.mjs	6	16699	16699	1035	0	0	0×6	
con-sonda	scrum1133-whatsapp-del-cliente.test.mjs	6	16691	16691	937	0	0	0×6	
con-sonda	scrum384-min-height-locales.test.mjs	6	16690	16690	470	0	0	0×6	
con-sonda	scrum1108-aviso-garantia-retenida.test.mjs	6	16665	16665	459	0	0	0×6	FSReqPromise×1
con-sonda	scrum195-url-bd-sin-fuga.test.mjs	6	16661	16661	1481	0	0	0×6	
con-sonda	scrum363-eje-de-cobro.test.mjs	6	16639	16639	80	0	0	0×6	FSReqPromise×1
con-sonda	scrum818-la-cabecera-no-miente.test.mjs	6	16630	16630	358	0	0	0×6	
con-sonda	scrum245-llamador-declara-merchant.test.mjs	6	16626	16626	1844	0	0	0×6	
con-sonda	scrum827-el-trinquete-mira-el-valor.test.mjs	6	16611	16611	1664	0	0	0×6	
con-sonda	scrum632-la-descripcion-de-la-linea.test.mjs	6	16607	16607	579	0	0	0×6	FSReqCallback×2
con-sonda	scrum419-ci-declara-lo-que-no-corre.test.mjs	6	16604	16604	12462	0	0	0×6	
con-sonda	scrum1299-respaldo-smtp-deja-fila.test.mjs	6	16572	16572	216	0	0	0×6	
con-sonda	scrum118-db-guard-pertenencia.test.mjs	6	16571	16571	33	0	0	0×6	
con-sonda	scrum519-un-solo-criterio-de-cobro.test.mjs	6	16565	16565	368	0	0	0×6	
con-sonda	scrum530-la-alerta-que-no-puede-pronunciarse.test.mjs	6	16562	16562	504	0	0	0×6	
con-sonda	scrum929-el-total-del-borrador.test.mjs	6	16561	16561	176	0	0	0×6	FSReqPromise×1
con-sonda	scrum86-csv-formato.test.mjs	6	16538	16538	56	0	0	0×6	FSReqPromise×1
con-sonda	scrum889-anadir-linea-del-parte.test.mjs	6	16511	16511	567	0	0	0×6	
con-sonda	scrum1284-minutos-actions.test.mjs	6	16510	16510	41	0	0	0×6	
con-sonda	scrum466-el-firmante-ve-el-albaran.test.mjs	6	16496	16496	543	0	0	0×6	
con-sonda	scrum448-cobros-estado-de-carga.test.mjs	6	16470	16470	1035	0	0	0×6	Timeout×1
con-sonda	scrum608-tipo-de-documento-en-la-cabecera.test.mjs	6	16462	16462	960	0	0	0×6	FSReqCallback×2
con-sonda	scrum862-el-fallo-entra-en-el-denominador.test.mjs	6	16461	16461	31	0	0	0×6	
con-sonda	scrum527-la-unica-que-eran-siete.test.mjs	6	16461	16461	396	0	0	0×6	
con-sonda	scrum1008-ficha-articulo.test.mjs	6	16410	16410	257	0	0	0×6	FSReqPromise×1
con-sonda	scrum300-albaran-campos.test.mjs	6	16330	16330	807	0	0	0×6	FSReqCallback×2
con-sonda	scrum845-la-lista-pregunta-lo-que-el-servidor-contesta.test.mjs	6	16326	16326	78	0	0	0×6	FSReqPromise×1
con-sonda	scrum257-albaran-desde-presupuesto.test.mjs	6	16311	16311	512	0	0	0×6	FSReqPromise×1
con-sonda	scrum308-caracterizacion-rectify.test.mjs	6	16302	16302	466	0	0	0×6	FSReqPromise×1
con-sonda	scrum1000-vigia-sesiones-jv.test.mjs	6	16300	16300	37	0	0	0×6	
con-sonda	scrum785-productos-y-proveedores-descuelgan.test.mjs	6	16297	16297	1161	0	0	0×6	
con-sonda	scrum362-banco-sin-cobertura.test.mjs	6	16296	16296	856	0	0	0×6	Timeout×3
con-sonda	scrum424-donde-tiene-dato.test.mjs	6	16265	16265	256	0	0	0×6	FSReqPromise×1
con-sonda	scrum744-el-guard-mira-la-accion.test.mjs	6	16261	16261	50	0	0	0×6	
con-sonda	scrum1285d-plan-de-cobro-version-pantalla.test.mjs	6	16252	16252	964	0	0	0×6	
con-sonda	scrum611-tipo-iva-elegible.test.mjs	6	16251	16251	464	0	0	0×6	
con-sonda	scrum265-margen-en-recibo.test.mjs	6	16245	16245	224	0	0	0×6	
con-sonda	scrum627-censo-ciego.test.mjs	6	16232	16232	2860	0	0	0×6	
con-sonda	scrum738-el-tablero-contra-el-arbol.test.mjs	6	16222	16222	924	0	0	0×6	
con-sonda	scrum966-censo-ve-las-ramas.test.mjs	6	16217	16217	411	0	0	0×6	
con-sonda	scrum249-latido-turno.test.mjs	6	16210	16210	46	0	0	0×6	
con-sonda	scrum1270-pr-mudo-avisado-en-el-pr.test.mjs	6	16201	16201	76	0	0	0×6	
con-sonda	scrum1175-horas-del-parte.test.mjs	6	16180	16180	55	0	0	0×6	
con-sonda	scrum71c-voz-albaran-ui.test.mjs	6	16179	16179	62	0	0	0×6	
con-sonda	scrum849-escritura-no-afloja.test.mjs	6	16177	16177	1884	0	0	0×6	FSReqPromise×1
con-sonda	scrum635-el-csv-sin-iva-y-con-coste.test.mjs	6	16176	16176	40	0	0	0×6	
con-sonda	scrum666-banco-lee-css.test.mjs	6	16170	16170	383	0	0	0×6	
con-sonda	scrum756-el-rechazo-se-ve.test.mjs	6	16167	16167	1755	0	0	0×6	
con-sonda	scrum203-embudo-factura.test.mjs	6	16136	16136	3044	0	0	0×6	
con-sonda	scrum634-banco-atributo-no-copiado.test.mjs	6	16110	16110	329	0	0	0×6	
con-sonda	scrum511-exencion-por-mencion.test.mjs	6	16108	16108	6972	0	0	0×6	
con-sonda	scrum1003-1004-vcard-como-llegar.test.mjs	6	16097	16097	741	0	0	0×6	
con-sonda	scrum603-descripcion-en-el-pdf.test.mjs	6	16091	16091	423	0	0	0×6	FSReqCallback×2
con-sonda	scrum173-cadena-verifactu-serializada.test.mjs	6	16082	16082	88	0	0	0×6	
con-sonda	scrum707-estado-no-contemplado.test.mjs	6	16076	16076	49	0	0	0×6	
con-sonda	scrum402-marcador-no-se-pinta.test.mjs	6	15998	15998	1620	0	0	0×6	
con-sonda	scrum1213-quoteadmin-tenencia-fail-closed.test.mjs	6	15987	15987	70	0	0	0×6	FSReqPromise×1
con-sonda	scrum1093-bulk-paid-hoy-de-madrugada.test.mjs	6	15977	15977	409	0	0	0×6	FSReqPromise×1
con-sonda	scrum284-dos-poblaciones.test.mjs	6	15946	15946	536	0	0	0×6	
con-sonda	scrum915d-pasos-del-editor.test.mjs	6	15942	15942	810	0	0	0×6	Timeout×1
con-sonda	scrum1164-ocultar-en-receipt-inicio-planes.test.mjs	6	15937	15937	1117	0	0	0×6	
con-sonda	scrum857-union-de-vias.test.mjs	6	15932	15932	187	0	0	0×6	
con-sonda	scrum629-telefono-que-no-se-destruye.test.mjs	6	15922	15922	171	0	0	0×6	
con-sonda	scrum736-el-suelo-que-no-avisa.test.mjs	6	15893	15893	5799	0	0	0×6	
con-sonda	scrum370-gastos-del-trabajo.test.mjs	6	15885	15885	48	0	0	0×6	
con-sonda	scrum1189b-tipo-contra-la-ruta-real.test.mjs	6	15872	15872	580	0	0	0×6	
con-sonda	scrum841-el-escritor-del-albaran.test.mjs	6	15803	15803	1390	0	0	0×6	FSReqPromise×1
con-sonda	scrum973-titulo-del-pr.test.mjs	6	15802	15802	161	0	0	0×6	
con-sonda	scrum728d-ms-en-loopback.test.mjs	6	15784	15784	1795	0	0	0×6	
con-sonda	scrum986-chip-whatsapp-en-la-lista.test.mjs	6	15776	15776	783	0	0	0×6	CloseReq×1
con-sonda	scrum647-presupuesto-tambien-neutral.test.mjs	6	15762	15762	817	0	0	0×6	FSReqCallback×2
con-sonda	scrum684-albaran-en-averia.test.mjs	6	15731	15731	32	0	0	0×6	
con-sonda	billingPlan.test.mjs	6	15730	15730	38	0	0	0×6	
con-sonda	scrum441-selector-metodo.test.mjs	6	15730	15730	40	0	0	0×6	
con-sonda	scrum145-verifactu-xsd.test.mjs	6	15726	15726	138	0	0	0×6	FSReqPromise×1
con-sonda	scrum445-cobros-sin-duplicar.test.mjs	6	15706	15706	73	0	0	0×6	FSReqPromise×1
con-sonda	scrum313-continuidad-numeracion.test.mjs	6	15660	15660	123	0	0	0×6	FSReqPromise×1
con-sonda	scrum1291-fusion-mueve-direcciones-de-obra.test.mjs	6	15637	15637	412	0	0	0×6	FSReqPromise×1
con-sonda	scrum604b-desglose-presupuesto.test.mjs	6	15631	15631	718	0	0	0×6	FSReqCallback×2
con-sonda	scrum1186-textos-al-duplicar-y-borrador.test.mjs	6	15618	15618	1564	0	0	0×6	Timeout×1
con-sonda	scrum226-url-credencial-en-argv.test.mjs	6	15617	15617	5396	0	0	0×6	
con-sonda	scrum951d-ensayo-instalacion.test.mjs	6	15615	15615	46	0	0	0×6	
con-sonda	scrum71-voz-albaran.test.mjs	6	15614	15614	136	0	0	0×6	FSReqPromise×1
con-sonda	scrum207-misma-tx.test.mjs	6	15611	15611	963	0	0	0×6	
con-sonda	scrum769-el-motivo-de-las-dos-que-no.test.mjs	6	15572	15572	818	0	0	0×6	
con-sonda	scrum983-la-ficha-360-carga-lo-que-edita.test.mjs	6	15558	15558	1020	0	0	0×6	
con-sonda	scrum681-esperar-la-condicion.test.mjs	6	15536	15536	41	0	0	0×6	
con-sonda	scrum864-el-temporal-que-se-borra.test.mjs	6	15531	15531	93	0	0	0×6	
con-sonda	scrum548-peaje-package-json.test.mjs	6	15530	15530	58	0	0	0×6	
con-sonda	scrum351-diagnostico-dependencias.test.mjs	6	15516	15516	61	0	0	0×6	
con-sonda	scrum908c-la-cola-que-se-pierde.test.mjs	6	15485	15485	4338	0	0	0×6	ProcessWrap×1
con-sonda	scrum694-los-guards-migrados.test.mjs	6	15483	15483	4580	0	0	0×6	
con-sonda	scrum415-version-del-sello.test.mjs	6	15460	15460	33	0	0	0×6	
con-sonda	scrum907-cobrado-de-mas.test.mjs	6	15457	15457	512	0	0	0×6	
con-sonda	scrum403-beneficio-sin-iva.test.mjs	6	15416	15416	477	0	0	0×6	
con-sonda	scrum1257-vacio-facturas-segun-modo.test.mjs	6	15411	15411	671	0	0	0×6	
con-sonda	scrum837-decisiones-encerradas.test.mjs	6	15392	15392	7862	0	0	0×6	
con-sonda	scrum398-vocabulario-de-cobro.test.mjs	6	15385	15385	429	0	0	0×6	
con-sonda	scrum460-precarga-al-movil.test.mjs	6	15341	15341	644	0	0	0×6	
con-sonda	scrum1371-reintentar-no-vuelve-a-crear.test.mjs	6	15338	15338	589	0	0	0×6	Timeout×2
con-sonda	scrum590b-el-campo-en-la-pantalla.test.mjs	6	15278	15278	1016	0	0	0×6	
con-sonda	scrum801-el-respaldo-de-la-n.test.mjs	6	15263	15263	2406	0	0	0×6	
con-sonda	scrum655c-pantalla-revisiones.test.mjs	6	15246	15246	365	0	0	0×6	
con-sonda	scrum1302f-envio-sin-telefono.test.mjs	6	15223	15223	1103	0	0	0×6	
con-sonda	scrum742-internos-de-prisma.test.mjs	6	15223	15223	7261	0	0	0×6	
con-sonda	scrum575-nif-espanol.test.mjs	6	15220	15220	37	0	0	0×6	
con-sonda	scrum293-cero-literales-retencion.test.mjs	6	15174	15174	1422	0	0	0×6	
con-sonda	scrum440-tenencia-supresion.test.mjs	6	15138	15138	1870	0	0	0×6	FSReqPromise×1
con-sonda	scrum815-el-modelo-apunta-a-la-tabla.test.mjs	6	15136	15136	58	0	0	0×6	FSReqPromise×1
con-sonda	scrum378-carga-por-pagina.test.mjs	6	15128	15128	5363	0	0	0×6	
con-sonda	scrum748-no-lo-se-no-es-al-dia.test.mjs	6	15127	15127	1071	0	0	0×6	
con-sonda	scrum315-checklist-hasta-el-cobro.test.mjs	6	14965	14965	44	0	0	0×6	
con-sonda	scrum228-desglose-empleado-suma.test.mjs	6	14915	14915	489	0	0	0×6	
con-sonda	scrum293-tres-estados-retencion.test.mjs	6	14871	14871	43	0	0	0×6	
con-sonda	scrum904-completar-lleva-al-campo.test.mjs	6	14862	14862	62	0	0	0×6	
con-sonda	scrum349-copy-no-comentarios.test.mjs	6	14832	14832	947	0	0	0×6	
con-sonda	scrum1164-ocultar-en-receipt-ficha-trabajo.test.mjs	6	14827	14827	1141	0	0	0×6	
con-sonda	scrum382-foto-duplicada.test.mjs	6	14820	14820	50	0	0	0×6	
con-sonda	scrum777-el-modal-escondido-no-mata-la-n.test.mjs	6	14813	14813	1587	0	0	0×6	
con-sonda	scrum302-patron-albaran.test.mjs	6	14794	14794	34	0	0	0×6	
con-sonda	scrum609b-switch-tipo-articulo.test.mjs	6	14781	14781	348	0	0	0×6	
con-sonda	scrum792-barra-alcanzable-en-movil.test.mjs	6	14768	14768	488	0	0	0×6	
con-sonda	scrum776-una-sola-voz.test.mjs	6	14767	14767	208	0	0	0×6	
con-sonda	scrum271-cantidad-sin-inventar.test.mjs	6	14750	14750	33	0	0	0×6	
con-sonda	scrum367-quote-line-index.test.mjs	6	14740	14740	344	0	0	0×6	FSReqPromise×1
con-sonda	scrum960-nif-del-proveedor.test.mjs	6	14735	14735	191	0	0	0×6	
con-sonda	scrum554-el-censo-no-confunde-el-numero.test.mjs	6	14712	14712	988	0	0	0×6	
con-sonda	scrum328-aviso-bizum-sin-telefono.test.mjs	6	14696	14696	72	0	0	0×6	
con-sonda	scrum832-atras-vuelve-a-la-lista.test.mjs	6	14692	14692	438	0	0	0×6	
con-sonda	scrum1175c-datos-del-parte-plegados.test.mjs	6	14677	14677	813	0	0	0×6	
con-sonda	scrum1070-vivas-relevo.test.mjs	6	14671	14671	30	0	0	0×6	
con-sonda	scrum266-ttl-desatado.test.mjs	6	14671	14671	833	0	0	0×6	
con-sonda	scrum694c-el-corte-a-pelo.test.mjs	6	14667	14667	521	0	0	0×6	
con-sonda	scrum570-cr-en-disco.test.mjs	6	14645	14645	38	0	0	0×6	
con-sonda	scrum265-timeouts-tanda.test.mjs	6	14636	14636	426	0	0	0×6	
con-sonda	scrum854-todo-merge-deja-entrada.test.mjs	6	14618	14618	165	0	0	0×6	
con-sonda	scrum650-asignacion-a-varios.test.mjs	6	14611	14611	97	0	0	0×6	
con-sonda	scrum860-trinquete-del-select.test.mjs	6	14599	14599	4957	0	0	0×6	
con-sonda	scrum625-formato-importe-pdf.test.mjs	6	14597	14597	806	0	0	0×6	FSReqCallback×2
con-sonda	scrum37-plan-front-vs-back.test.mjs	6	14595	14595	44	0	0	0×6	
con-sonda	scrum804b-el-barrido-de-la-42.test.mjs	6	14592	14592	11013	0	0	0×6	
con-sonda	scrum297-paquete-piezas.test.mjs	6	14575	14575	390	0	0	0×6	
con-sonda	scrum412-primaria-nunca-es-sm.test.mjs	6	14542	14542	251	0	0	0×6	
con-sonda	scrum708-el-fichero-que-no-corre.test.mjs	6	14539	14539	5034	0	0	0×6	
con-sonda	scrum786-irreversibles-44px.test.mjs	6	14523	14523	487	0	0	0×6	
con-sonda	scrum643-huso-del-sello-fiscal.test.mjs	6	14497	14497	428	0	0	0×6	FSReqPromise×1
con-sonda	scrum505-dato-personal-en-contenido.test.mjs	6	14497	14497	38	0	0	0×6	
con-sonda	scrum888c-descuentos-en-lineas.test.mjs	6	14487	14487	125	0	0	0×6	
con-sonda	scrum850-la-poblacion-del-instrumento.test.mjs	6	14483	14483	2013	0	0	0×6	
con-sonda	scrum815-referido-una-sola-vez.test.mjs	6	14482	14482	32	0	0	0×6	
con-sonda	scrum1382-borrador-no-es-fallo-real.test.mjs	6	14477	14477	103	0	0	0×6	
con-sonda	scrum259-diagnostico-ausencia.test.mjs	6	14444	14444	37	0	0	0×6	
con-sonda	scrum793-la-carrera-del-token.test.mjs	6	14421	14421	28	0	0	0×6	
con-sonda	scrum474-filtro-cobros-un-cubo.test.mjs	6	14397	14397	680	0	0	0×6	CloseReq×1 FSReqPromise×1
con-sonda	scrum210-semaforo-payload.test.mjs	6	14355	14355	38	0	0	0×6	
con-sonda	scrum686-cabecera-y-pie-viajan.test.mjs	6	14331	14331	38	0	0	0×6	
con-sonda	scrum589-nombre-por-documento.test.mjs	6	14331	14331	160	0	0	0×6	
con-sonda	scrum1365-cobrar-resto-solo-aceptados.test.mjs	6	14328	14328	443	0	0	0×6	
con-sonda	scrum1193-mas-acciones-44.test.mjs	6	14317	14317	359	0	0	0×6	
con-sonda	scrum521-resolvedor-de-importadores.test.mjs	6	14299	14299	1742	0	0	0×6	
con-sonda	scrum1296-esquema-cola.test.mjs	6	14297	14297	452	0	0	0×6	
con-sonda	scrum83-render-paralelo.test.mjs	6	14231	14231	181	0	0	0×6	
con-sonda	scrum413-tipo-factura-cerrado.test.mjs	6	14228	14228	1933	0	0	0×6	FSReqPromise×1
con-sonda	scrum918-arranque-sin-red.test.mjs	6	14210	14210	42	0	0	0×6	
con-sonda	scrum768-listas-sin-atajo.test.mjs	6	14203	14203	8055	0	0	0×6	
con-sonda	scrum294b-devengo-por-cobro.test.mjs	6	14202	14202	58	0	0	0×6	
con-sonda	scrum692-un-formulario-no-borra-lo-que-no-muestra.test.mjs	6	14153	14153	715	0	0	0×6	
con-sonda	scrum728-serie-ocupada-postgres.test.mjs	6	14146	14146	15082	0	0	0×6	
con-sonda	scrum624c-total-canonico.test.mjs	6	14128	14128	659	0	0	0×6	FSReqPromise×1
con-sonda	scrum3-bizum-auto.test.mjs	6	14125	14125	40	0	0	0×6	
con-sonda	scrum815-idempotencia-del-webhook.test.mjs	6	14118	14118	1135	0	0	0×6	FSReqPromise×1
con-sonda	scrum979-ultima-visita.test.mjs	6	14112	14112	553	0	0	0×6	
con-sonda	scrum475-un-solo-emisor.test.mjs	6	14107	14107	484	0	0	0×6	
con-sonda	scrum1331-sin-red-se-dice.test.mjs	6	14094	14094	1177	0	0	0×6	
con-sonda	scrum593c-todas-las-puertas-del-documento.test.mjs	6	14047	14047	424	0	0	0×6	
con-sonda	scrum746-barrera-y-punto-de-conexion.test.mjs	6	14037	14037	104	0	0	0×6	
con-sonda	scrum858b-la-tanda-sin-veredicto.test.mjs	6	14034	14034	8919	0	0	0×6	
con-sonda	scrum294a-recargo-en-cliente.test.mjs	6	14031	14031	71	0	0	0×6	
con-sonda	scrum170-facturacion-parcial.test.mjs	6	14011	14011	87	0	0	0×6	
con-sonda	scrum153d-ui-anular.test.mjs	6	13995	13995	41	0	0	0×6	
con-sonda	scrum1239-alta-cliente-sin-conexion.test.mjs	6	13983	13983	1053	0	0	0×6	
con-sonda	scrum1214-clasificador-apretado.test.mjs	6	13977	13977	37	0	0	0×6	
con-sonda	scrum502-pasarela-no-resucita-anulada.test.mjs	6	13942	13942	90	0	0	0×6	FSReqPromise×1
con-sonda	scrum1287-descripcion-no-se-corta.test.mjs	6	13933	13933	736	0	0	0×6	
con-sonda	scrum877-la-novena-a-pelo.test.mjs	6	13929	13929	1613	0	0	0×6	
con-sonda	scrum705-procedimiento-unico.test.mjs	6	13918	13918	419	0	0	0×6	
con-sonda	scrum726-quien-firma-la-microcopy.test.mjs	6	13918	13918	212	0	0	0×6	
con-sonda	scrum711b-escritorio-36.test.mjs	6	13916	13916	373	0	0	0×6	
con-sonda	scrum1380-suelo-corrio-y-no-reporto.test.mjs	6	13912	13912	27	0	0	0×6	
con-sonda	scrum472-seed-no-fabrica-firmas.test.mjs	6	13868	13868	3943	0	0	0×6	
con-sonda	scrum263-sin-lineas-409.test.mjs	6	13863	13863	510	0	0	0×6	
con-sonda	scrum728b-aviso-legible.test.mjs	6	13838	13838	749	0	0	0×6	
con-sonda	scrum1223-motivos-de-rechazo.test.mjs	6	13827	13827	35	0	0	0×6	
con-sonda	scrum183-consola-e2e.test.mjs	6	13805	13805	40	0	0	0×6	
con-sonda	scrum244-puerta-portabilidad.test.mjs	6	13721	13721	435	0	0	0×6	FSReqPromise×1
con-sonda	scrum433-dispatch-sin-camino.test.mjs	6	13712	13712	670	0	0	0×6	
con-sonda	scrum624-cuantos-sitios-calculan-dinero.test.mjs	6	13712	13712	1584	0	0	0×6	
con-sonda	scrum1170-seccion-facturas-modo-recibo.test.mjs	6	13703	13703	735	0	0	0×6	
con-sonda	scrum1169-linea-tiempo-modo-recibo.test.mjs	6	13703	13703	659	0	0	0×6	
con-sonda	scrum637-un-numero-una-regla.test.mjs	6	13668	13668	236	0	0	0×6	
con-sonda	scrum705-cadena-tecnosel.test.mjs	6	13663	13663	1159	0	0	0×6	
con-sonda	scrum807-esquemas-del-href.test.mjs	6	13602	13602	436	0	0	0×6	
con-sonda	scrum274-huella-estaticos.test.mjs	6	13571	13571	92	0	0	0×6	
con-sonda	scrum297-lector-paquete-v2.test.mjs	6	13567	13567	292	0	0	0×6	FSReqPromise×1
con-sonda	billingPlanView.test.mjs	6	13542	13542	39	0	0	0×6	
con-sonda	scrum1166-detalle-quote-tiene-numero.test.mjs	6	13527	13527	76	0	0	0×6	FSReqPromise×1
con-sonda	scrum910-la-transferencia-que-no-mira.test.mjs	6	13519	13519	436	0	0	0×6	TCPServerWrap×1 TCPSocketWrap×2 Immediate×1
con-sonda	scrum37-editar-tramos.test.mjs	6	13511	13511	34	0	0	0×6	
con-sonda	scrum453-precache-con-huella.test.mjs	6	13496	13496	28	0	0	0×6	
con-sonda	scrum765-la-puerta-y-el-suelo.test.mjs	6	13474	13474	13737	0	0	0×6	
con-sonda	scrum474-dos-copias-atadas.test.mjs	6	13474	13474	2879	0	0	0×6	
con-sonda	scrum965-un-solo-documento.test.mjs	6	13455	13455	57	0	0	0×6	
con-sonda	scrum405-descarga-verificada.test.mjs	6	13453	13453	878	0	0	0×6	
con-sonda	scrum180-fixtures-nunca-a-meta.test.mjs	6	13375	13375	136	0	0	0×6	FSReqPromise×1
con-sonda	scrum462-firmado-sin-sobre.test.mjs	6	13358	13358	843	0	0	0×6	
con-sonda	scrum895-boton-imposible.test.mjs	6	13326	13326	57	0	0	0×6	
con-sonda	scrum368-contraste-tokens.test.mjs	6	13296	13296	39	0	0	0×6	
con-sonda	scrum334-destino-de-los-cta.test.mjs	6	13291	13291	856	0	0	0×6	SimpleShutdownWrap×1 TCPServerWrap×1 TCPSocketWrap×1
con-sonda	scrum1127-sif-cola.test.mjs	6	13285	13285	30	0	0	0×6	
con-sonda	scrum339-importador-productos.test.mjs	6	13282	13282	96	0	0	0×6	FSReqPromise×1
con-sonda	scrum810b-los-suelos-derivados.test.mjs	6	13258	13258	4449	0	0	0×6	
con-sonda	scrum364-cambiar-gremio.test.mjs	6	13237	13237	486	0	0	0×6	
con-sonda	scrum928b-el-veredicto-que-el-color-tapa.test.mjs	6	13234	13234	921	0	0	0×6	
con-sonda	scrum1135-etiquetar-seleccion.test.mjs	6	13233	13233	994	0	0	0×6	
con-sonda	scrum590-el-movil-es-el-canal.test.mjs	6	13223	13223	150	0	0	0×6	
con-sonda	scrum850b-las-formas-que-mienten.test.mjs	6	13219	13219	3959	0	0	0×6	
con-sonda	scrum1033-1034-cabecera-etiquetas-cliente.test.mjs	6	13215	13215	3281	0	0	0×6	Timeout×2
con-sonda	scrum1321-el-resumen-no-prueba-el-final.test.mjs	6	13194	13194	692	0	0	0×6	
con-sonda	scrum218-flag-fiscal-auditado.test.mjs	6	13156	13156	72	0	0	0×6	FSReqPromise×1
con-sonda	scrum25-entrega-zip.test.mjs	6	13142	13142	85	0	0	0×6	FSReqPromise×1
con-sonda	scrum1205-cobrar-resto-lista-modo.test.mjs	6	13109	13109	1151	0	0	0×6	
con-sonda	scrum1106-respuestas-ia-no-son-del-asesor.test.mjs	6	13107	13107	41	0	0	0×6	
con-sonda	scrum1269-retencion-irpf-se-guarda.test.mjs	6	13102	13102	173	0	0	0×6	FSReqPromise×1
con-sonda	scrum436-un-solo-formato-euros.test.mjs	6	13098	13098	1330	0	0	0×6	
con-sonda	scrum431-sobre-lee-vivo.test.mjs	6	13087	13087	31	0	0	0×6	
con-sonda	scrum844b-que-documento-se-declara.test.mjs	6	13072	13072	78	0	0	0×6	FSReqPromise×1
con-sonda	scrum37b-agregacion-por-job.test.mjs	6	13066	13066	96	0	0	0×6	FSReqPromise×1
con-sonda	scrum164-gate-por-campo.test.mjs	6	13051	13051	56	0	0	0×6	
con-sonda	scrum457-logout-purga-claves.test.mjs	6	13048	13048	1696	0	0	0×6	
con-sonda	scrum151-sin-tramos.test.mjs	6	13046	13046	59	0	0	0×6	
con-sonda	scrum661-el-coste-no-llega-al-papel.test.mjs	6	13043	13043	1024	0	0	0×6	FSReqCallback×2
con-sonda	scrum138-export-selectivo.test.mjs	6	13035	13035	63	0	0	0×6	FSReqPromise×1
con-sonda	scrum324-cadena-hasta-el-libro.test.mjs	6	13012	13012	1053	0	0	0×6	
con-sonda	invoiceNumber.test.mjs	6	13010	13010	77	0	0	0×6	FSReqPromise×1
con-sonda	scrum240-sobre-unico.test.mjs	6	13003	13003	1807	0	0	0×6	
con-sonda	scrum534d-extractores-a-mano.test.mjs	6	12975	12975	258	0	0	0×6	
con-sonda	scrum910d-microcopy-recibo-pendiente.test.mjs	6	12924	12924	363	0	0	0×6	SimpleShutdownWrap×1 TCPServerWrap×1 TCPSocketWrap×1
con-sonda	scrum1188-plantilla-guarda-el-cobro.test.mjs	6	12910	12910	3038	0	0	0×6	Timeout×5
con-sonda	scrum1285c-censo-escrituras-sin-version.test.mjs	6	12892	12892	1324	0	0	0×6	
con-sonda	scrum245-exencion-demo.test.mjs	6	12891	12891	421	0	0	0×6	
con-sonda	scrum844-sellar-dentro-de-transaccion.test.mjs	6	12888	12888	110	0	0	0×6	FSReqPromise×1
con-sonda	scrum1245b-patron-de-la-tanda-entre-comillas.test.mjs	6	12822	12822	395	0	0	0×6	
con-sonda	scrum153b-annulled-vistas.test.mjs	6	12821	12821	51	0	0	0×6	
con-sonda	scrum992-partes-recortan-por-rol.test.mjs	6	12819	12819	2411	0	0	0×6	
con-sonda	scrum463-firmante-ve-el-contenido.test.mjs	6	12798	12798	458	0	0	0×6	
con-sonda	scrum62-albaran-ventana.test.mjs	6	12786	12786	44	0	0	0×6	
con-sonda	scrum815-disputa-una-sola-vez.test.mjs	6	12759	12759	131	0	0	0×6	
con-sonda	scrum191-paid-via.test.mjs	6	12736	12736	40	0	0	0×6	
con-sonda	scrum495-tres-registros.test.mjs	6	12732	12732	38	0	0	0×6	
con-sonda	scrum772-rechazo-iva-visible.test.mjs	6	12702	12702	435	0	0	0×6	
con-sonda	scrum286-censo-nuevo-presupuesto.test.mjs	6	12696	12696	572	0	0	0×6	
con-sonda	scrum1142-irreversibles-factura-44.test.mjs	6	12679	12679	563	0	0	0×6	
con-sonda	scrum618-leer-el-ci.test.mjs	6	12627	12627	32	0	0	0×6	
con-sonda	scrum496-anulada-no-vuelve-en-lote.test.mjs	6	12627	12627	89	0	0	0×6	FSReqPromise×1
con-sonda	scrum648b-motivo-del-ambar.test.mjs	6	12617	12617	340	0	0	0×6	FSReqPromise×1
con-sonda	scrum894-falta-en-otra-pestana.test.mjs	6	12577	12577	66	0	0	0×6	
con-sonda	scrum147-roles-fail-closed.test.mjs	6	12557	12557	63	0	0	0×6	
con-sonda	scrum1285b-plan-de-cobro-con-version.test.mjs	6	12554	12554	295	0	0	0×6	
con-sonda	scrum1041-facturas-emitidas-sin-marcador.test.mjs	6	12542	12542	290	0	0	0×6	
con-sonda	scrum650b-tres-ejes.test.mjs	6	12527	12527	39	0	0	0×6	
con-sonda	scrum1363-tests-que-cubren.test.mjs	6	12510	12510	9383	0	0	0×6	
con-sonda	scrum988-revisiones-en-la-ficha.test.mjs	6	12474	12474	919	0	0	0×6	
con-sonda	scrum784-el-cuarto-veredicto.test.mjs	6	12449	12449	3493	0	0	0×6	
con-sonda	scrum377-plural-de-programador.test.mjs	6	12418	12418	270	0	0	0×6	
con-sonda	scrum729-el-cliente-congelado-en-el-cliente.test.mjs	6	12412	12412	49	0	0	0×6	
con-sonda	scrum140-plantilla-argumento.test.mjs	6	12378	12378	239	0	0	0×6	
con-sonda	scrum604-desglose-en-el-pdf.test.mjs	6	12363	12363	519	0	0	0×6	FSReqCallback×2
con-sonda	scrum794-un-solo-anadir-linea.test.mjs	6	12354	12354	821	0	0	0×6	
con-sonda	scrum835-credenciales-en-el-historial.test.mjs	6	12350	12350	9618	0	0	0×6	ProcessWrap×1
con-sonda	scrum1271-importe-pendiente-de-facturar.test.mjs	6	12344	12344	369	0	0	0×6	FSReqPromise×1
con-sonda	scrum468-firma-ve-lo-que-firma.test.mjs	6	12338	12338	571	0	0	0×6	FSReqPromise×1
con-sonda	scrum393-marcadores-de-conflicto.test.mjs	6	12338	12338	946	0	0	0×6	
con-sonda	whatsappLog.test.mjs	6	12300	12300	63	0	0	0×6	FSReqPromise×1
con-sonda	scrum609-margen-catalogo.test.mjs	6	12296	12296	32	0	0	0×6	
con-sonda	scrum69-pendientes-facturar.test.mjs	6	12257	12257	287	0	0	0×6	FSReqPromise×1
con-sonda	scrum1397-el-tecnico-ve-sus-facturas.test.mjs	6	12245	12245	2999	0	0	0×6	
con-sonda	scrum139-cuadernillo.test.mjs	6	12196	12196	82	0	0	0×6	
con-sonda	scrum473-metodo-validado.test.mjs	6	12192	12192	31	0	0	0×6	
con-sonda	scrum1229-firma-del-tecnico-viaje.test.mjs	6	12189	12189	808	0	0	0×6	
con-sonda	scrum632-los-dos-cortes-de-la-linea.test.mjs	6	12178	12178	52	0	0	0×6	
con-sonda	scrum815-el-correo-una-sola-vez.test.mjs	6	12160	12160	296	0	0	0×6	
con-sonda	scrum743b-cantidad-presencial-igual-que-remota.test.mjs	6	12114	12114	711	0	0	0×6	FSReqPromise×1
con-sonda	scrum814-recuento-dentro.test.mjs	6	12094	12094	503	0	0	0×6	
con-sonda	scrum206-sin-huella-no-salen-bytes.test.mjs	6	12082	12082	371	0	0	0×6	FSReqPromise×1
con-sonda	scrum700-filtros-de-comentario.test.mjs	6	12079	12079	284	0	0	0×6	
con-sonda	scrum675-ancla-por-identidad.test.mjs	6	12078	12078	29	0	0	0×6	
con-sonda	scrum424-lugar-al-crear.test.mjs	6	12067	12067	32	0	0	0×6	
con-sonda	scrum347-origen-de-la-factura.test.mjs	6	12063	12063	794	0	0	0×6	FSReqPromise×1
con-sonda	scrum244-registro-portabilidad.test.mjs	6	12062	12062	89	0	0	0×6	FSReqPromise×1
con-sonda	scrum205-un-solo-punto-de-sellado.test.mjs	6	12059	12059	2520	0	0	0×6	
con-sonda	scrum81-allocate-flags.test.mjs	6	12058	12058	69	0	0	0×6	FSReqPromise×1
con-sonda	scrum273-registro-por-fichero.test.mjs	6	12037	12037	42	0	0	0×6	
con-sonda	scrum725b-el-aviso-se-pinta.test.mjs	6	12009	12009	625	0	0	0×6	
con-sonda	scrum1093-quotenumber-zona-merchant.test.mjs	6	12004	12004	76	0	0	0×6	FSReqPromise×1
con-sonda	scrum1266-marca-dato-inventado.test.mjs	6	11998	11998	749	0	0	0×6	
con-sonda	restauracion-del-arbol-ejecutable.test.mjs	6	11985	11985	3229	0	0	0×6	
con-sonda	scrum727b-asignados-en-la-lista.test.mjs	6	11967	11967	414	0	0	0×6	
con-sonda	scrum489-mp-no-inventa-metodo.test.mjs	6	11964	11964	635	0	0	0×6	
con-sonda	scrum1089b-espejo-skills-agentes.test.mjs	6	11923	11923	42	0	0	0×6	
con-sonda	scrum701-sellado-ve-las-dos-comillas.test.mjs	6	11918	11918	78	0	0	0×6	
con-sonda	scrum338-carga-de-catalogo-no-muda.test.mjs	6	11917	11917	50	0	0	0×6	
con-sonda	scrum1302a-marca-en-la-vista-de-oficina.test.mjs	6	11900	11900	636	0	0	0×6	
con-sonda	scrum669-restos-de-doc08.test.mjs	6	11889	11889	651	0	0	0×6	
con-sonda	dashboard-colision-declaraciones.test.mjs	6	11888	11888	815	0	0	0×6	
con-sonda	scrum104-leeme-criterios.test.mjs	6	11886	11886	56	0	0	0×6	FSReqPromise×1
con-sonda	scrum715-consta-por-identidad.test.mjs	6	11884	11884	386	0	0	0×6	
con-sonda	scrum372-un-dato-un-nombre.test.mjs	6	11864	11864	1914	0	0	0×6	
con-sonda	scrum504-cantidad-vacia.test.mjs	6	11864	11864	421	0	0	0×6	
con-sonda	scrum290-adicional.test.mjs	6	11858	11858	561	0	0	0×6	
con-sonda	scrum985-el-aviso-de-importar-no-promete-excel.test.mjs	6	11853	11853	96	0	0	0×6	
con-sonda	scrum1057b-fusion-clientes-postgres.test.mjs	6	11844	11844	1016	0	0	0×6	
con-sonda	scrum632c-el-payload-se-construye.test.mjs	6	11843	11843	37	0	0	0×6	
con-sonda	scrum846c-trinquete-instrumentos-con-caso.test.mjs	6	11831	11831	5780	0	0	0×6	
con-sonda	scrum917f-lo-que-falta.test.mjs	6	11826	11826	48	0	0	0×6	
con-sonda	scrum246-sin-lineas-no-se-emite.test.mjs	6	11824	11824	2010	0	0	0×6	
con-sonda	scrum728-seccion-critica-de-la-serie.test.mjs	6	11803	11803	1174	0	0	0×6	
con-sonda	scrum226-url-bd-sin-parseo-a-mano.test.mjs	6	11799	11799	4540	0	0	0×6	
con-sonda	scrum865-un-solo-minimo-para-la-landing.test.mjs	6	11768	11768	289	0	0	0×6	
con-sonda	scrum810-el-suelo-a-la-primera.test.mjs	6	11749	11749	2712	0	0	0×6	
con-sonda	scrum908-la-muda-se-explica.test.mjs	6	11743	11743	310	0	0	0×6	
con-sonda	scrum381-scripts-cargables.test.mjs	6	11725	11725	4582	0	0	0×6	
con-sonda	scrum881-el-detector-sin-fecha.test.mjs	6	11723	11723	87	0	0	0×6	FSReqPromise×1
con-sonda	scrum624b-guardado-vs-impreso.test.mjs	6	11699	11699	532	0	0	0×6	FSReqCallback×2
con-sonda	scrum441-cobros-leen-paid-via.test.mjs	6	11687	11687	64	0	0	0×6	FSReqPromise×1
con-sonda	scrum486-preferencia-traducida.test.mjs	6	11679	11679	622	0	0	0×6	
con-sonda	scrum804-el-guard-no-es-el-numero.test.mjs	6	11662	11662	394	0	0	0×6	
con-sonda	scrum720-marcadores-en-lo-pintado.test.mjs	6	11658	11658	45	0	0	0×6	
con-sonda	scrum747-validar-antes-de-normalizar.test.mjs	6	11634	11634	1437	0	0	0×6	FSReqPromise×1
con-sonda	scrum139-acciones-linea.test.mjs	6	11612	11612	83	0	0	0×6	
con-sonda	scrum427-notas-internas-detalle.test.mjs	6	11598	11598	455	0	0	0×6	
con-sonda	scrum1216a-serie-sin-promesa.test.mjs	6	11589	11589	497	0	0	0×6	
con-sonda	scrum467-tecnico-ve-lo-suyo.test.mjs	6	11588	11588	74	0	0	0×6	
con-sonda	scrum749-la-primitiva-que-normaliza.test.mjs	6	11587	11587	319	0	0	0×6	FSReqPromise×1
con-sonda	scrum1061-fotos-en-historial.test.mjs	6	11584	11584	527	0	0	0×6	
con-sonda	scrum272-criterio-referencial.test.mjs	6	11557	11557	31	0	0	0×6	
con-sonda	scrum139-plantillas-rapidas.test.mjs	6	11536	11536	77	0	0	0×6	
con-sonda	scrum475-schema-vs-sql.test.mjs	6	11523	11523	2857	0	0	0×6	
con-sonda	scrum1184-serie-siguiente-numero.test.mjs	6	11518	11518	436	0	0	0×6	FSReqPromise×1
con-sonda	scrum685b-parte-numero-unico.test.mjs	6	11503	11503	331	0	0	0×6	
con-sonda	scrum1040-facturas-recibidas-servidor.test.mjs	6	11498	11498	122	0	0	0×6	FSReqPromise×1
con-sonda	scrum293-retencion-control-negativo.test.mjs	6	11463	11463	47	0	0	0×6	
con-sonda	scrum375-recarga-no-es-escritura.test.mjs	6	11463	11463	400	0	0	0×6	
con-sonda	scrum139-hoja-ajustes.test.mjs	6	11457	11457	78	0	0	0×6	
con-sonda	scrum171b-periodicidad-aviso.test.mjs	6	11442	11442	313	0	0	0×6	FSReqPromise×1
con-sonda	scrum797-el-dueno-se-escribe.test.mjs	6	11412	11412	4516	0	0	0×6	
con-sonda	scrum886-exportar-clientes-desde-clientes.test.mjs	6	11400	11400	1403	0	0	0×6	FSReqPromise×1
con-sonda	scrum1136-columnas-reconocidas-llegan.test.mjs	6	11379	11379	756	0	0	0×6	
con-sonda	scrum1278-banco-dice-no-medida.test.mjs	6	11375	11375	446	0	0	0×6	
con-sonda	scrum302-rotulos-completos.test.mjs	6	11356	11356	437	0	0	0×6	
con-sonda	scrum446-cabecera-modal.test.mjs	6	11313	11313	517	0	0	0×6	
con-sonda	scrum703-rotulos-del-tipo.test.mjs	6	11298	11298	35	0	0	0×6	
con-sonda	scrum601-copy-del-documento-vs-flag.test.mjs	6	11278	11278	4616	0	0	0×6	
con-sonda	scrum404-trazo-no-se-pierde.test.mjs	6	11268	11268	443	0	0	0×6	
con-sonda	scrum737-cifra-con-arbol-y-hora.test.mjs	6	11265	11265	8993	0	0	0×6	
con-sonda	scrum544-reserva-barra-anuncio.test.mjs	6	11248	11248	33	0	0	0×6	
con-sonda	scrum543-landing-a11y.test.mjs	6	11227	11227	34	0	0	0×6	
con-sonda	scrum864c-el-temporal-no-vuelve.test.mjs	6	11220	11220	801	0	0	0×6	
con-sonda	scrum593d-viaje-completo-del-texto.test.mjs	6	11202	11202	81	0	0	0×6	
con-sonda	scrum1154-google-encargado.test.mjs	6	11143	11143	90	0	0	0×6	
con-sonda	scrum935b-main-no-cancela.test.mjs	6	11138	11138	34	0	0	0×6	
con-sonda	scrum340-la-plaza-comprada.test.mjs	6	11087	11087	87	0	0	0×6	FSReqPromise×1
con-sonda	scrum149-sin-lineas-no-sella.test.mjs	6	11085	11085	115	0	0	0×6	FSReqPromise×1
con-sonda	scrum1230-colocar-lineas-dictadas.test.mjs	6	11080	11080	768	0	0	0×6	
con-sonda	scrum1307-negarse-con-envios.test.mjs	6	11073	11073	29	0	0	0×6	
con-sonda	scrum817-orden-del-detalle-del-trabajo.test.mjs	6	11070	11070	629	0	0	0×6	
con-sonda	scrum673-arranque-no-produce-veredicto.test.mjs	6	11063	11063	40	0	0	0×6	
con-sonda	scrum940-el-censo-de-suelos.test.mjs	6	11049	11049	281	0	0	0×6	
con-sonda	scrum498-cifra-derivada.test.mjs	6	11043	11043	143	0	0	0×6	FSReqPromise×1
con-sonda	scrum368-residuo-btn-sm.test.mjs	6	11037	11037	1571	0	0	0×6	
con-sonda	scrum182-arbol-movido.test.mjs	6	10992	10992	61	0	0	0×6	
con-sonda	scrum207-emision-auditada.test.mjs	6	10990	10990	94	0	0	0×6	FSReqPromise×1
con-sonda	scrum1226-firma-no-baja-el-estado.test.mjs	6	10970	10970	217	0	0	0×6	
con-sonda	scrum699-tabla-en-su-carril.test.mjs	6	10919	10919	624	0	0	0×6	
con-sonda	scrum927-el-censo-de-los-censos.test.mjs	6	10894	10894	380	0	0	0×6	
con-sonda	scrum1257-p8-detalle-receipt-sin-justificantes.test.mjs	6	10865	10865	1727	0	0	0×6	
con-sonda	scrum767-portal-token.test.mjs	6	10844	10844	711	0	0	0×6	
con-sonda	scrum1280-nombres-no-declarados.test.mjs	6	10837	10837	5110	0	0	0×6	
con-sonda	scrum646-cortafuegos-defaultvat.test.mjs	6	10825	10825	1432	0	0	0×6	
con-sonda	scrum824b-el-sha-que-parecia-un-numero.test.mjs	6	10814	10814	31	0	0	0×6	
con-sonda	scrum730-ruta-desde-import-meta.test.mjs	6	10795	10795	2994	0	0	0×6	
con-sonda	scrum1281-fixture-git-raiz-propia.test.mjs	6	10731	10731	1927	0	0	0×6	
con-sonda	scrum1272-anulada-no-es-deuda.test.mjs	6	10714	10714	764	0	0	0×6	
con-sonda	scrum471-node-modules-al-dia.test.mjs	6	10708	10708	61	0	0	0×6	
con-sonda	scrum547-el-documento-que-nadie-mira.test.mjs	6	10665	10665	167	0	0	0×6	
con-sonda	scrum1171-whatsapp-y-llamar-en-el-trabajo.test.mjs	6	10664	10664	581	0	0	0×6	
con-sonda	scrum406-canal-prometido-existe.test.mjs	6	10639	10639	181	0	0	0×6	
con-sonda	scrum1318-resend-dice-si-salio.test.mjs	6	10603	10603	109	0	0	0×6	
con-sonda	scrum1212-correo-aceptado-sin-emitir-factura.test.mjs	6	10588	10588	65	0	0	0×6	FSReqPromise×1
con-sonda	scrum442-facturas-sin-justificantes.test.mjs	6	10582	10582	28	0	0	0×6	
con-sonda	scrum1032-contacto-con-un-toque.test.mjs	6	10574	10574	566	0	0	0×6	
con-sonda	scrum512-el-pago-no-se-olvida.test.mjs	6	10558	10558	36	0	0	0×6	
con-sonda	scrum804f-la-rama-sin-slug.test.mjs	6	10554	10554	40	0	0	0×6	
con-sonda	scrum592-concurrencia-serie.test.mjs	6	10550	10550	28	0	0	0×6	
con-sonda	scrum804h-la-fase-con-corte.test.mjs	6	10549	10549	33	0	0	0×6	
con-sonda	scrum665e-el-escritor-del-emisor.test.mjs	6	10519	10519	95	0	0	0×6	FSReqPromise×1
con-sonda	scrum1288-dinero-es-en-avisos-s1.test.mjs	6	10495	10495	785	0	0	0×6	
con-sonda	scrum825-rama-justificante-retirada.test.mjs	6	10484	10484	1206	0	0	0×6	
con-sonda	scrum1263-gancho-pre-push.test.mjs	6	10450	10450	830	0	0	0×6	
con-sonda	scrum245-sin-listas-blancas.test.mjs	6	10449	10449	1310	0	0	0×6	
con-sonda	scrum55-admin-fail-closed.test.mjs	6	10441	10441	714	0	0	0×6	FSReqPromise×1
con-sonda	scrum197-parse-cuenta.test.mjs	6	10439	10439	32	0	0	0×6	
con-sonda	scrum901-banco-fiel-a-la-inicio.test.mjs	6	10434	10434	557	0	0	0×6	
con-sonda	scrum247-productor-constante.test.mjs	6	10419	10419	1376	0	0	0×6	
con-sonda	scrum373-avisos-facturas.test.mjs	6	10409	10409	536	0	0	0×6	
con-sonda	scrum1049-resumen-trimestre.test.mjs	6	10400	10400	548	0	0	0×6	
con-sonda	scrum795-el-portal-en-la-ficha.test.mjs	6	10380	10380	367	0	0	0×6	
con-sonda	scrum283-censo-acciones-factura.test.mjs	6	10379	10379	594	0	0	0×6	
con-sonda	scrum1022-importa-xlsx-real.test.mjs	6	10373	10373	413	0	0	0×6	
con-sonda	whatsappPolicy.test.mjs	6	10362	10362	37	0	0	0×6	
con-sonda	scrum68-evidencias-firma.test.mjs	6	10354	10354	297	0	0	0×6	FSReqPromise×1
con-sonda	flags.test.mjs	6	10332	10332	34	0	0	0×6	
con-sonda	scrum285-censo-cobro-factura.test.mjs	6	10313	10313	475	0	0	0×6	
con-sonda	scrum961b-el-nif-que-no-cuela.test.mjs	6	10279	10279	78	0	0	0×6	FSReqPromise×1
con-sonda	scrum416-ayuda-dentro.test.mjs	6	10263	10263	37	0	0	0×6	
con-sonda	scrum3b-selector-bizum.test.mjs	6	10232	10232	33	0	0	0×6	
con-sonda	scrum366-una-sola-escalera.test.mjs	6	10229	10229	291	0	0	0×6	
con-sonda	scrum716b-el-job-le-da-main-al-vigia.test.mjs	6	10228	10228	24	0	0	0×6	
con-sonda	scrum387-procedencia-aprobacion.test.mjs	6	10225	10225	2300	0	0	0×6	
con-sonda	utils.test.mjs	6	10182	10182	37	0	0	0×6	
con-sonda	scrum763-restaurar-el-arbol.test.mjs	6	10180	10180	5758	0	0	0×6	
con-sonda	scrum332-comparativa-anclas.test.mjs	6	10153	10153	33	0	0	0×6	
con-sonda	scrum345-rotulo-y-destino.test.mjs	6	10153	10153	83	0	0	0×6	
con-sonda	scrum429-cliente-privado.test.mjs	6	10148	10148	268	0	0	0×6	
con-sonda	scrum152-guard-paquete-completo.test.mjs	6	10108	10108	76	0	0	0×6	FSReqPromise×1
con-sonda	scrum819-el-menu-deja-rastro.test.mjs	6	10090	10090	404	0	0	0×6	
con-sonda	scrum648-verde-que-no-sabe.test.mjs	6	10084	10084	323	0	0	0×6	FSReqPromise×1
con-sonda	scrum126-send-outcome.test.mjs	6	10067	10067	40	0	0	0×6	
con-sonda	scrum1279-la-firma-ve-las-clausulas.test.mjs	6	10035	10035	393	0	0	0×6	FSReqCallback×2
con-sonda	scrum221-export-fiscal-auditado.test.mjs	6	9998	9998	518	0	0	0×6	FSReqPromise×1
con-sonda	scrum401-anular-no-borra-el-cobro.test.mjs	6	9984	9984	540	0	0	0×6	
con-sonda	scrum1302g-foto-con-diez.test.mjs	6	9980	9980	892	0	0	0×6	
con-sonda	scrum1219-plantilla-sin-condiciones.test.mjs	6	9976	9976	1770	0	0	0×6	Timeout×3
con-sonda	scrum297-fuentes-selladas.test.mjs	6	9949	9949	509	0	0	0×6	
con-sonda	scrum1282-contexto-nombres-de-hoy.test.mjs	6	9934	9934	35	0	0	0×6	
con-sonda	scrum300-direccion-sugerida.test.mjs	6	9918	9918	554	0	0	0×6	
con-sonda	scrum262-telefonos-de-prueba.test.mjs	6	9909	9909	765	0	0	0×6	
con-sonda	scrum153c-ciclo-anulacion.test.mjs	6	9899	9899	123	0	0	0×6	FSReqPromise×1
con-sonda	scrum843-el-ancla-que-no-caduca.test.mjs	6	9849	9849	326	0	0	0×6	
con-sonda	scrum414-url-a-mano.test.mjs	6	9830	9830	2477	0	0	0×6	
con-sonda	scrum1267-alta-albaran-idempotente.test.mjs	6	9825	9825	881	0	0	0×6	Timeout×4
con-sonda	scrum767-cura-concurrencia.test.mjs	6	9823	9823	23	0	0	0×6	
con-sonda	scrum1199-avisos-alta-cliente.test.mjs	6	9821	9821	1373	0	0	0×6	
con-sonda	scrum569-agents-es-puntero.test.mjs	6	9813	9813	26	0	0	0×6	
con-sonda	scrum1196-cloudflare-encargado.test.mjs	6	9809	9809	80	0	0	0×6	
con-sonda	scrum224b-sello-build.test.mjs	6	9808	9808	31	0	0	0×6	
con-sonda	scrum928-guards-entrada-recuento-con-color.test.mjs	6	9775	9775	170	0	0	0×6	
con-sonda	scrum718-escaner-contra-parser.test.mjs	6	9770	9770	889	0	0	0×6	
con-sonda	scrum1165-verifactu-xml-solo-en-fiscal.test.mjs	6	9755	9755	617	0	0	0×6	
con-sonda	scrum1175b-firmas-en-su-paso.test.mjs	6	9749	9749	34	0	0	0×6	
con-sonda	scrum1093f-albarannumber-zona-merchant.test.mjs	6	9680	9680	74	0	0	0×6	FSReqPromise×1
con-sonda	scrum1180-editor-clausulas-excluidas.test.mjs	6	9670	9670	836	0	0	0×6	Timeout×3
con-sonda	scrum1161-alta-sin-correo.test.mjs	6	9600	9600	806	0	0	0×6	
con-sonda	scrum1277-aviso-importe-aceptado.test.mjs	6	9565	9565	623	0	0	0×6	
con-sonda	scrum1275-la-fila-abre-la-factura.test.mjs	6	9555	9555	549	0	0	0×6	
con-sonda	zz1405-rojo-suelto.test.mjs	6	9536	9536	35	0	0	1×6	
con-sonda	scrum1333-carrera-del-encolado-postgres.test.mjs	6	9532	9532	525	0	0	0×6	
con-sonda	scrum1147-resumen-del-servidor.test.mjs	6	9505	9505	569	0	0	0×6	
con-sonda	scrum128-send-endpoints-fail-closed.test.mjs	6	9487	9487	843	0	0	0×6	FSReqPromise×1
con-sonda	scrum665b-el-esquema-declara.test.mjs	6	9400	9400	441	0	0	0×6	FSReqCallback×2
con-sonda	scrum1271-pendiente-tras-parcial.test.mjs	6	9365	9365	691	0	0	0×6	
con-sonda	scrum1233d-texto-aprobado-local.test.mjs	6	9340	9340	502	0	0	0×6	
con-sonda	registroBuilder.test.mjs	6	9313	9313	30	0	0	0×6	
con-sonda	scrum1130-demo-llega-a-firmado.test.mjs	6	9309	9309	309	0	0	0×6	
con-sonda	scrum98-public-access-fail-closed.test.mjs	6	9252	9252	1094	0	0	0×6	FSReqPromise×1
con-sonda	scrum198-consumidores-xml.test.mjs	6	9235	9235	1307	0	0	0×6	
con-sonda	scrum653c-firmas-sin-coletilla.test.mjs	6	9234	9234	48	0	0	0×6	
con-sonda	scrum447-byte-invisible-en-patrones.test.mjs	6	9220	9220	284	0	0	0×6	
con-sonda	verifactu.test.mjs	6	9198	9198	100	0	0	0×6	FSReqPromise×1
con-sonda	scrum374-direccion-sin-escritores.test.mjs	6	9194	9194	324	0	0	0×6	FSReqPromise×1
con-sonda	scrum243-tenencia-lectura.test.mjs	6	9191	9191	2114	0	0	0×6	
con-sonda	scrum334-correo-sin-consentimiento.test.mjs	6	9119	9119	52	0	0	0×6	
con-sonda	scrum1202-sin-accept-publico.test.mjs	6	9089	9089	500	0	0	0×6	FSReqPromise×1
con-sonda	scrum285-cobro-a-factura.test.mjs	6	9088	9088	30	0	0	0×6	
con-sonda	scrum620-servidor-que-no-arranca.test.mjs	6	9070	9070	259	0	0	0×6	TCPServerWrap×2
con-sonda	scrum1078-precios-del-parte-solo-admin.test.mjs	6	9034	9034	300	0	0	0×6	
con-sonda	scrum1294-a9-leccion-en-a10.test.mjs	6	9024	9024	147	0	0	0×6	
con-sonda	scrum846-instrumentos-con-caso-conocido.test.mjs	6	8984	8984	352	0	0	0×6	
con-sonda	scrum396-referencia-justificante.test.mjs	6	8975	8975	583	0	0	0×6	FSReqPromise×1
con-sonda	scrum793-condicion-en-el-where.test.mjs	6	8964	8964	385	0	0	0×6	
con-sonda	scrum514-leeme-multilinea.test.mjs	6	8918	8918	76	0	0	0×6	FSReqPromise×1
con-sonda	scrum1043-quien-me-debe-servidor.test.mjs	6	8904	8904	278	0	0	0×6	FSReqPromise×1
con-sonda	scrum324-aviso-simplificado-ui.test.mjs	6	8869	8869	386	0	0	0×6	
con-sonda	locales.test.mjs	6	8858	8858	31	0	0	0×6	
con-sonda	scrum761-sembrador-columnas-derivadas.test.mjs	6	8836	8836	1713	0	0	0×6	FSReqPromise×1
con-sonda	scrum285-bloque-cobro.test.mjs	6	8829	8829	36	0	0	0×6	
con-sonda	scrum299-copy-factura-publico.test.mjs	6	8820	8820	686	0	0	0×6	
con-sonda	scrum132-iva-unidad.test.mjs	6	8818	8818	30	0	0	0×6	
con-sonda	scrum441-paidvia-sin-copia.test.mjs	6	8816	8816	2122	0	0	0×6	
con-sonda	scrum980b-pestana-trabajos.test.mjs	6	8795	8795	921	0	0	0×6	
con-sonda	scrum1247-rotulo-ia-no-nombra-proveedor.test.mjs	6	8789	8789	75	0	0	0×6	
con-sonda	scrum380-primaria-tactil.test.mjs	6	8785	8785	67	0	0	0×6	
con-sonda	scrum242-backup-codec.test.mjs	6	8779	8779	68	0	0	0×6	
con-sonda	scrum824b-el-mas-antiguo-no-es-el-primero.test.mjs	6	8761	8761	145	0	0	0×6	
con-sonda	scrum172-cobertura-tenancy.test.mjs	6	8759	8759	31	0	0	0×6	
con-sonda	scrum538-skills-no-prometen-ficheros.test.mjs	6	8754	8754	38	0	0	0×6	
con-sonda	scrum821b-las-capturas-que-ya-existian.test.mjs	6	8735	8735	41	0	0	0×6	
con-sonda	pdfs.test.mjs	6	8711	8711	443	0	0	0×6	FSReqCallback×2
con-sonda	scrum1349-no-se-empuja-con-una-mutacion-puesta.test.mjs	6	8706	8706	190	0	0	0×6	
con-sonda	scrum302-sin-callejones.test.mjs	6	8675	8675	600	0	0	0×6	
con-sonda	scrum809b-paywall-sin-banco.test.mjs	6	8656	8656	363	0	0	0×6	
con-sonda	scrum293-censo-or-numerico.test.mjs	6	8638	8638	33	0	0	0×6	
con-sonda	scrum560-patron-fetch-servidor.test.mjs	6	8620	8620	944	0	0	0×6	
con-sonda	scrum1221-banco-fallo-visible.test.mjs	6	8611	8611	836	0	0	0×6	
con-sonda	scrum1274-presupuesto-desde-el-trabajo.test.mjs	6	8601	8601	869	0	0	0×6	Timeout×3
con-sonda	scrum242-runbook-no-se-declara-probado.test.mjs	6	8589	8589	38	0	0	0×6	
con-sonda	scrum1312-boton-email-recibo-gateado.test.mjs	6	8586	8586	306	0	0	0×6	SimpleShutdownWrap×1 TCPServerWrap×1 TCPSocketWrap×1
con-sonda	scrum236-equipo-sin-asignar.test.mjs	6	8574	8574	39	0	0	0×6	
con-sonda	scrum212-copy-sin-claim-fiscal.test.mjs	6	8549	8549	377	0	0	0×6	FSReqPromise×1
con-sonda	scrum135-gasto-tenencia.test.mjs	6	8542	8542	65	0	0	0×6	
con-sonda	scrum822-el-arbol-con-punto.test.mjs	6	8531	8531	1986	0	0	0×6	SimpleShutdownWrap×1 TCPServerWrap×1 TCPSocketWrap×1
con-sonda	scrum205-fallo-de-sellado-no-entrega.test.mjs	6	8517	8517	2030	0	0	0×6	
con-sonda	scrum214-semaforo-sin-llamadores.test.mjs	6	8510	8510	1166	0	0	0×6	
con-sonda	scrum541-comparativa-a11y.test.mjs	6	8499	8499	37	0	0	0×6	
con-sonda	scrum1309-banner-mail-sent-gateado.test.mjs	6	8496	8496	296	0	0	0×6	SimpleShutdownWrap×1 TCPServerWrap×1 TCPSocketWrap×1
con-sonda	scrum902-botones-del-parte-con-estilo.test.mjs	6	8476	8476	511	0	0	0×6	
con-sonda	scrum234-censo-reserva-serie.test.mjs	6	8441	8441	1754	0	0	0×6	
con-sonda	scrum139-total-protagonista.test.mjs	6	8423	8423	77	0	0	0×6	
con-sonda	scrum236-embudo-misma-poblacion.test.mjs	6	8353	8353	78	0	0	0×6	FSReqPromise×1
con-sonda	scrum207-conciliacion.test.mjs	6	8353	8353	66	0	0	0×6	FSReqPromise×1
con-sonda	scrum924-pay-mp-no-inventa-estado.test.mjs	6	8341	8341	197	0	0	0×6	SimpleShutdownWrap×1 TCPServerWrap×1 TCPSocketWrap×1
con-sonda	scrum1051-isp-s2.test.mjs	6	8330	8330	321	0	0	0×6	
con-sonda	scrum900-push-de-claude-con-la-app.test.mjs	6	8326	8326	161	0	0	0×6	TCPServerWrap×1 ProcessWrap×1
con-sonda	scrum136-hub-equipo.test.mjs	6	8297	8297	57	0	0	0×6	
con-sonda	scrum296-lector-tenencia.test.mjs	6	8269	8269	397	0	0	0×6	
con-sonda	scrum952-respaldo-gemini-con-cupo.test.mjs	6	8255	8255	67	0	0	0×6	
con-sonda	scrum245-tipo-obliga-declarar.test.mjs	6	8252	8252	10624	0	0	0×6	
con-sonda	scrum888b-descuento-redibuja.test.mjs	6	8229	8229	82	0	0	0×6	
con-sonda	scrum130-card-charge-connect.test.mjs	6	8229	8229	29	0	0	0×6	
con-sonda	scrum917d-titulo-propio-en-la-lista.test.mjs	6	8225	8225	326	0	0	0×6	
con-sonda	scrum1151-conteo-no-deducible.test.mjs	6	8221	8221	151	0	0	0×6	FSReqPromise×1
con-sonda	scrum806-el-pdf-del-portal.test.mjs	6	8151	8151	415	0	0	0×6	
con-sonda	scrum844g-el-tipo-de-lo-recibido.test.mjs	6	8144	8144	24	0	0	0×6	
con-sonda	scrum1163-whatsapp-cliente-solo-movil.test.mjs	6	8126	8126	584	0	0	0×6	
con-sonda	scrum720b-el-nav-abre.test.mjs	6	8091	8091	1172	0	0	0×6	
con-sonda	scrum1249-descarga-recibidas-alcanzable.test.mjs	6	8091	8091	539	0	0	0×6	Timeout×3
con-sonda	scrum1184-vista-previa-en-el-alta.test.mjs	6	8076	8076	1039	0	0	0×6	
con-sonda	scrum1035-cifras-del-cliente-todos-sus-documentos.test.mjs	6	8065	8065	294	0	0	0×6	FSReqPromise×1
con-sonda	scrum111-canario-zip.test.mjs	6	8064	8064	140	0	0	0×6	
con-sonda	scrum389-censo-vat.test.mjs	6	8016	8016	1996	0	0	0×6	
con-sonda	scrum1227-perfil-ida-y-vuelta.test.mjs	6	8010	8010	79	0	0	0×6	FSReqPromise×1
con-sonda	scrum743-cantidad-una-sola-forma.test.mjs	6	7970	7970	231	0	0	0×6	FSReqPromise×1
con-sonda	scrum1234-inter-autoalojada.test.mjs	6	7965	7965	64	0	0	0×6	
con-sonda	node-p-capturado-sin-color.test.mjs	6	7956	7956	196	0	0	0×6	
con-sonda	scrum1138-patch-customers.test.mjs	6	7921	7921	364	0	0	0×6	FSReqPromise×1
con-sonda	scrum829b-la-ref-rancia-se-poda.test.mjs	6	7916	7916	375	0	0	0×6	
con-sonda	scrum1308-scripts-sin-nombre-de-test.test.mjs	6	7911	7911	335	0	0	0×6	
con-sonda	scrum1215-revisiones-error-crear.test.mjs	6	7901	7901	655	0	0	0×6	
con-sonda	scrum1141-nif-en-la-ficha-del-proveedor.test.mjs	6	7886	7886	626	0	0	0×6	
con-sonda	scrum713c-trinquete-de-estilos-en-js.test.mjs	6	7862	7862	1402	0	0	0×6	
con-sonda	scrum1187-detalle-con-textos-doc.test.mjs	6	7835	7835	84	0	0	0×6	FSReqPromise×1
con-sonda	scrum1172-botones-de-la-ficha-del-trabajo-44.test.mjs	6	7830	7830	33	0	0	0×6	
con-sonda	scrum176b-force-por-identidad.test.mjs	6	7720	7720	38	0	0	0×6	
con-sonda	scrum696-censo-del-arbol.test.mjs	6	7644	7644	6345	0	0	0×6	
con-sonda	vat.test.mjs	6	7629	7629	33	0	0	0×6	
con-sonda	scrum128-frontend-census.test.mjs	6	7622	7622	54	0	0	0×6	
con-sonda	scrum219-tx-tipado.test.mjs	6	7576	7576	801	0	0	0×6	
con-sonda	scrum590-el-destino-pasa-por-el-resolvedor.test.mjs	6	7574	7574	1109	0	0	0×6	
con-sonda	scrum1212b-correo-aceptado-sin-firma.test.mjs	6	7530	7530	355	0	0	0×6	
con-sonda	scrum751-clave-duplicada-en-silencio.test.mjs	6	7527	7527	4472	0	0	0×6	
con-sonda	scrum1196-fecha-de-la-politica.test.mjs	6	7500	7500	31	0	0	0×6	
con-sonda	scrum341-condicion-precio-publicada.test.mjs	6	7499	7499	42	0	0	0×6	
con-sonda	scrum814-carrera-del-tramo.gated.test.mjs	6	7452	7452	66	0	0	0×6	
con-sonda	scrum275-message-en-superficie-publica.test.mjs	6	7388	7388	763	0	0	0×6	
con-sonda	scrum420-barra-navegable-por-hash.test.mjs	6	7300	7300	34	0	0	0×6	
con-sonda	scrum1179d-herramientas-no-red.test.mjs	6	7270	7270	42	0	0	0×6	
con-sonda	scrum1179c-censo-clics-informativo.test.mjs	6	7249	7249	30	0	0	0×6	
con-sonda	scrum113-migracion-fixtures.test.mjs	6	7247	7247	115	0	0	0×6	
con-sonda	webhooks-idempotencia.test.mjs	6	7242	7242	420	0	0	0×6	FSReqPromise×1
con-sonda	scrum1001-sin-pago-la-pagina-lo-dice.test.mjs	6	7225	7225	411	0	0	0×6	FSReqPromise×1
con-sonda	scrum1162-asistente-avanza-cada-paso.test.mjs	6	7201	7201	487	0	0	0×6	
con-sonda	scrum1306-consta-en-alguno.test.mjs	6	7197	7197	2969	0	0	0×6	
con-sonda	scrum1022c-selector-ofrece-xlsx.test.mjs	6	7171	7171	125	0	0	0×6	
con-sonda	scrum1179c-censo-accion-informativo.test.mjs	6	7135	7135	33	0	0	0×6	
con-sonda	scrum242-scripts-no-prometen-documentos.test.mjs	6	7116	7116	593	0	0	0×6	
con-sonda	scrum391-guards-declarados-presentes.test.mjs	6	7111	7111	344	0	0	0×6	
con-sonda	scrum789-health-tiempo-del-select.test.mjs	6	7084	7084	202	0	0	0×6	
con-sonda	scrum206b-quien-emite-sella.test.mjs	6	7007	7007	1858	0	0	0×6	
con-sonda	scrum215-costura-de-test.test.mjs	6	7002	7002	1397	0	0	0×6	
con-sonda	scrum254-sin-lectura-cross-merchant.test.mjs	6	6975	6975	454	0	0	0×6	
con-sonda	scrum339-microcopy-import.test.mjs	6	6975	6975	37	0	0	0×6	
con-sonda	scrum205-sql-a-mano-contra-schema.test.mjs	6	6970	6970	42	0	0	0×6	
con-sonda	scrum388-centinela-main.test.mjs	6	6952	6952	2554	0	0	0×6	
con-sonda	scrum858c-el-cierre-con-indice.test.mjs	6	6940	6940	250	0	0	0×6	
con-sonda	scrum897-repintar-reemplaza.test.mjs	6	6931	6931	482	0	0	0×6	
con-sonda	scrum151-motivo-sin-tramo.test.mjs	6	6930	6930	27	0	0	0×6	
con-sonda	scrum241-backup-tablas.test.mjs	6	6880	6880	32	0	0	0×6	
con-sonda	quoteNumber.test.mjs	6	6805	6805	87	0	0	0×6	FSReqPromise×1
con-sonda	scrum128-frontend-mira-sent.test.mjs	6	6775	6775	173	0	0	0×6	
con-sonda	scrum163-base-url-guard.test.mjs	6	6690	6690	31	0	0	0×6	
con-sonda	scrum342-dispute-package-quote-nulo.test.mjs	6	6672	6672	478	0	0	0×6	FSReqPromise×1
con-sonda	scrum1332-la-caida-no-tapa-lo-de-despues.test.mjs	6	6653	6653	2148	0	0	0×6	
con-sonda	scrum923-fallback-cuenta-conectada.test.mjs	6	6582	6582	374	0	0	0×6	SimpleShutdownWrap×1 TCPServerWrap×1 TCPSocketWrap×1
con-sonda	scrum888d-firma-con-descuentos.test.mjs	6	6506	6506	446	0	0	0×6	FSReqPromise×1
con-sonda	scrum1171-trabajo-numero-whatsapp.test.mjs	6	6292	6292	397	0	0	0×6	
con-sonda	scrum1212c-ajuste-correo-aceptado-desde-whatsapp.test.mjs	6	6201	6201	342	0	0	0×6	
con-sonda	scrum1093g-parte-numero-zona-merchant.test.mjs	6	6156	6156	318	0	0	0×6	
con-sonda	scrum888d-detalle-con-descuento-global.test.mjs	6	6131	6131	104	0	0	0×6	FSReqPromise×1
con-sonda	scrum515-aviso-bizum-render.test.mjs	6	6096	6096	39	0	0	0×6	
con-sonda	scrum1180-detalle-con-clausulas-excluidas.test.mjs	6	6040	6040	71	0	0	0×6	FSReqPromise×1
con-sonda	scrum109-expense-teammember.test.mjs	6	6032	6032	76	0	0	0×6	
con-sonda	scrum597-las-dos-secciones-conviven.test.mjs	6	6015	6015	29	0	0	0×6	
con-sonda	scrum201-citas-aeat.test.mjs	6	5945	5945	57	0	0	0×6	
con-sonda	scrum106-trabajos-fecha.test.mjs	6	5932	5932	70	0	0	0×6	FSReqPromise×1
con-sonda	scrum178-emision-manual.test.mjs	6	5927	5927	81	0	0	0×6	
con-sonda	scrum910-admin-sin-enlaces-undefined.test.mjs	6	5900	5900	22	0	0	0×6	
con-sonda	scrum1317-productos-del-operario.test.mjs	6	5897	5897	469	0	0	0×6	
con-sonda	scrum115-wa-fallo-registrado.test.mjs	6	5887	5887	73	0	0	0×6	
con-sonda	scrum1057-duplicados-antes-de-id.test.mjs	6	5867	5867	297	0	0	0×6	FSReqPromise×1
con-sonda	scrum297-evidencias-postgres.test.mjs	6	5744	5744	1030	0	0	0×6	
con-sonda	public-js-parsea.test.mjs	6	5744	5744	4146	0	0	0×6	
con-sonda	scrum72-pdfs-privados.test.mjs	6	5691	5691	79	0	0	0×6	FSReqPromise×1
con-sonda	scrum66-tipo-operacion.test.mjs	6	5661	5661	89	0	0	0×6	FSReqPromise×1
con-sonda	scrum148-filtro-por-miembro.test.mjs	6	5657	5657	90	0	0	0×6	
con-sonda	scrum343-cabecera-gastos-unica.test.mjs	6	5637	5637	468	0	0	0×6	FSReqPromise×1
con-sonda	scrum242-restauracion-cubre-todos-los-tipos.test.mjs	6	5631	5631	80	0	0	0×6	
con-sonda	scrum124-r29-perfil-publico-sin-datos.test.mjs	6	5610	5610	31	0	0	0×6	
con-sonda	scrum1215c-foto-oculta-en-firmado.test.mjs	6	5541	5541	339	0	0	0×6	
con-sonda	scrum1179c-censo-tactil-informativo.test.mjs	6	5526	5526	29	0	0	0×6	
con-sonda	scrum389-un-solo-iva.test.mjs	6	5511	5511	972	0	0	0×6	
con-sonda	scrum1080-cobro-profesional.test.mjs	6	5442	5442	1264	0	0	0×6	
con-sonda	scrum1215b-sin-lineas-cerrado.test.mjs	6	5422	5422	454	0	0	0×6	
con-sonda	scrum283-microcopy-marcador.test.mjs	6	5397	5397	478	0	0	0×6	
con-sonda	scrum199-fuente-unica-hijos.test.mjs	6	5381	5381	58	0	0	0×6	
con-sonda	tenancy-permisos.test.mjs	6	5327	5327	63	0	0	0×6	
con-sonda	scrum189-citas-con-destino.test.mjs	6	5277	5277	230	0	0	0×6	
con-sonda	scrum225-mapa-tres-bd.test.mjs	6	5260	5260	26	0	0	0×6	
con-sonda	scrum209-un-solo-desglose.test.mjs	6	5237	5237	490	0	0	0×6	
con-sonda	scrum727-vistas-que-existen.test.mjs	6	5112	5112	1114	0	0	0×6	
con-sonda	scrum974-firmado-sin-facturar-en-el-lunes.test.mjs	6	4960	4960	730	0	0	0×6	
con-sonda	version.test.mjs	6	4820	4820	32	0	0	0×6	
con-sonda	scrum238-postinstall-prisma.test.mjs	6	4796	4796	24	0	0	0×6	
con-sonda	scrum227-toda-via-deja-rastro.test.mjs	6	4776	4776	36	0	0	0×6	
con-sonda	owner.test.mjs	6	4675	4675	27	0	0	0×6	
con-sonda	scrum92-login-operario.test.mjs	6	4637	4637	53	0	0	0×6	
con-sonda	scrum120-patch-job-roles.test.mjs	6	4447	4447	80	0	0	0×6	
con-sonda	scrum85-pay-routes-token.test.mjs	6	4447	4447	75	0	0	0×6	
con-sonda	scrum74-recibo-token.test.mjs	6	4427	4427	66	0	0	0×6	FSReqPromise×1
con-sonda	scrum57-operario-propagacion.test.mjs	6	4417	4417	57	0	0	0×6	
con-sonda	scrum50-bot-albaranes.test.mjs	6	4382	4382	83	0	0	0×6	
con-sonda	scrum90-pay-bank-mp-token.test.mjs	6	4382	4382	70	0	0	0×6	
con-sonda	scrum47-enviar-albaran-wa.test.mjs	6	4362	4362	58	0	0	0×6	
con-sonda	scrum24-operarios-metrics.test.mjs	6	4272	4272	78	0	0	0×6	
con-sonda	scrum158-montajes-admin-muestreados.test.mjs	6	4266	4266	25	0	0	0×6	
con-sonda	scrum49-firma-remota.test.mjs	6	4257	4257	77	0	0	0×6	
con-sonda	scrum25-export-zip.test.mjs	6	4222	4222	92	0	0	0×6	FSReqPromise×1
con-sonda	scrum73-verifactu-gate.test.mjs	6	4177	4177	53	0	0	0×6	
con-sonda	scrum124-r29-no-borrado-facturas.test.mjs	6	4176	4176	788	0	0	0×6	FSReqPromise×1
con-sonda	a55-window-quote.test.mjs	6	4109	4109	96	0	0	0×6	
con-sonda	scrum13-cobrado.test.mjs	6	4063	4063	495	0	0	0×6	
con-sonda	scrum295-modelo-303-postgres.test.mjs	6	4040	4040	502	0	0	0×6	
con-sonda	scrum1062-historial-whatsapp-cliente.test.mjs	6	4023	4023	399	0	0	0×6	
con-sonda	scrum1059b-etiquetado-masivo-postgres.test.mjs	6	3978	3978	397	0	0	0×6	
con-sonda	scrum94-register-teammember.test.mjs	6	3972	3972	74	0	0	0×6	
con-sonda	scrum221-export-fiscal-cero-bytes.test.mjs	6	3972	3972	79	0	0	0×6	
con-sonda	scrum296-libro-postgres.test.mjs	6	3965	3965	498	0	0	0×6	
con-sonda	scrum967b-el-portal-en-el-envio.test.mjs	6	3959	3959	1119	0	0	0×6	
con-sonda	scrum104-clientes-referenciados.test.mjs	6	3942	3942	52	0	0	0×6	
con-sonda	scrum1014-sitios-del-cliente.test.mjs	6	3923	3923	376	0	0	0×6	
con-sonda	scrum76-email-adjunto.test.mjs	6	3917	3917	105	0	0	0×6	FSReqPromise×1
con-sonda	scrum96-no-generated-docs-in-public.test.mjs	6	3912	3912	28	0	0	0×6	
con-sonda	scrum131-resend-honesto.test.mjs	6	3907	3907	54	0	0	0×6	
con-sonda	scrum22-operario-readpath.test.mjs	6	3907	3907	67	0	0	0×6	
con-sonda	scrum127-paywall-bloquea.test.mjs	6	3902	3902	64	0	0	0×6	
con-sonda	scrum116-recordatorio-candado.test.mjs	6	3872	3872	73	0	0	0×6	
con-sonda	scrum234-carrera-serie.gated.test.mjs	6	3857	3857	81	0	0	0×6	
con-sonda	scrum171a-consolidar-cliente.test.mjs	6	3852	3852	80	0	0	0×6	
con-sonda	scrum692-guardado-parcial-en-base.test.mjs	6	3843	3843	469	0	0	0×6	
con-sonda	scrum814-carrera-de-tramos-postgres.test.mjs	6	3841	3841	31	0	0	0×6	
con-sonda	scrum124-r28-graph-facebook-guard.test.mjs	6	3838	3838	216	0	0	0×6	
con-sonda	scrum980-historial-del-cliente.test.mjs	6	3833	3833	803	0	0	0×6	
con-sonda	scrum51-job-sin-quote.test.mjs	6	3827	3827	80	0	0	0×6	
con-sonda	scrum82-zip-verifactu.test.mjs	6	3822	3822	61	0	0	0×6	
con-sonda	scrum1036-notas-del-cliente.test.mjs	6	3798	3798	314	0	0	0×6	
con-sonda	scrum187-codeowners-zona-roja.test.mjs	6	3756	3756	29	0	0	0×6	
con-sonda	scrum58-jobs-n1.test.mjs	6	3727	3727	75	0	0	0×6	
con-sonda	scrum52-operario.test.mjs	6	3713	3713	451	0	0	0×6	
con-sonda	scrum87-no-public-invoices.test.mjs	6	3701	3701	20	0	0	0×6	
con-sonda	scrum25-exports.test.mjs	6	3627	3627	75	0	0	0×6	
con-sonda	scrum129-n8n-guard.test.mjs	6	3518	3518	207	0	0	0×6	
con-sonda	bot-suite.test.mjs	6	3460	3460	81	0	0	0×6	
sin-sonda	zz1405-rojo-en-la-cola.test.mjs	2	352492	352492	90	0	0	1×2	
sin-sonda	zz1405-copia-de-vigia-atascados.test.mjs	2	120064	120064	72	0	0	1×2	
sin-sonda	vigia-atascados.test.mjs	2	109622	109622	66	0	0	0×2	
sin-sonda	zz1405-copia-de-scrum834-puerta-avisador-rojo.test.mjs	2	107093	107093	84	0	0	1×2	
sin-sonda	zz1405-copia-de-scrum524b-trinquete-de-la-tabla.test.mjs	2	98116	98116	4246	0	0	1×2	
sin-sonda	scrum834-puerta-avisador-rojo.test.mjs	2	97366	97366	95	0	0	0×2	
sin-sonda	scrum524b-trinquete-de-la-tabla.test.mjs	2	89325	89325	5385	0	0	0×2	
sin-sonda	scrum1262-la-baja-corta-todas-las-vias.test.mjs	2	75115	75115	967	0	0	0×2	
sin-sonda	scrum454-destructivo-sin-comprobacion.test.mjs	2	73775	73775	147	0	0	0×2	
sin-sonda	scrum1350-latido.test.mjs	2	71655	71655	70	0	0	0×2	
sin-sonda	scrum853-avisador-solo-obligatorio.test.mjs	2	66951	66951	83	0	0	0×2	
sin-sonda	scrum1323-resumen-vs-detalle-sif1.test.mjs	2	66160	66160	165	0	0	0×2	
sin-sonda	scrum667-marcador-visible.test.mjs	2	66076	66076	3592	0	0	0×2	
sin-sonda	scrum1344-arnes-de-prueba-con-rol.test.mjs	2	62589	62589	4998	0	0	0×2	
sin-sonda	scrum888g-senal-en-la-firma.test.mjs	2	58936	58936	797	0	0	0×2	
sin-sonda	scrum984-del-presupuesto-al-albaran.test.mjs	2	55315	55315	2020	0	0	0×2	
sin-sonda	scrum813-trinquete-de-zona.test.mjs	2	54943	54943	665	0	0	0×2	
sin-sonda	scrum811c-skill-ui-declarada.test.mjs	2	53969	53969	2239	0	0	0×2	
sin-sonda	scrum312-importador-clientes.test.mjs	2	53408	53408	233	0	0	0×2	
sin-sonda	scrum595-etiquetas-del-documento.test.mjs	2	51107	51107	205	0	0	0×2	
sin-sonda	scrum411-exports-inalcanzables.test.mjs	2	50311	50311	13866	0	0	0×2	
sin-sonda	scrum931-un-solo-importe-de-plantilla.test.mjs	2	49956	49956	518	0	0	0×2	
sin-sonda	scrum812-el-rotulo-declara-su-poblacion.test.mjs	2	48336	48336	2099	0	0	1×2	
sin-sonda	scrum1038-leer-el-ticket-gasto.test.mjs	2	48198	48198	926	0	0	0×2	
sin-sonda	scrum586-forma-de-pago-por-cliente.test.mjs	2	47530	47530	3276	0	0	0×2	
sin-sonda	scrum522-guards-fuera-de-la-tanda.test.mjs	2	47279	47279	302	0	0	0×2	
sin-sonda	scrum713-buscar-al-cliente-donde-ya-se-busca.test.mjs	2	47000	47000	2008	0	0	0×2	
sin-sonda	scrum237-negacion-respaldada.test.mjs	2	46479	46479	3794	0	0	0×2	
sin-sonda	scrum1127-sif-client.test.mjs	2	46114	46114	1539	0	0	0×2	TCPSocketWrap×1
sin-sonda	scrum1152-generador-ancla.test.mjs	2	45170	45170	1749	0	0	0×2	
sin-sonda	scrum1093h-censo-fecha-sin-zona.test.mjs	2	45056	45056	7750	0	0	0×2	
sin-sonda	scrum580-tags-por-contacto.test.mjs	2	43627	43627	134	0	0	0×2	
sin-sonda	scrum651-trabajo-sin-presupuesto.test.mjs	2	43250	43250	1976	0	0	0×2	
sin-sonda	scrum1326-vale-pregunta-una-vez.test.mjs	2	42917	42917	3863	0	0	0×2	
sin-sonda	scrum176-guard-mensaje.test.mjs	2	42790	42790	162	0	0	0×2	
sin-sonda	scrum1372-auditoria-cierres.test.mjs	2	42701	42701	333	0	0	0×2	
sin-sonda	scrum1109-aviso-programado-acreditacion-invoicing-es.test.mjs	2	42358	42358	510	0	0	0×2	
sin-sonda	scrum754-el-juez-que-oscila.test.mjs	2	42195	42195	3358	0	0	0×2	
sin-sonda	scrum915j-cliente-por-botones.test.mjs	2	41905	41905	3343	0	0	0×2	
sin-sonda	scrum996-suelo-de-arranque.test.mjs	2	41590	41590	1713	0	0	0×2	
sin-sonda	scrum602-direccion-obra.test.mjs	2	41342	41342	1501	0	0	0×2	
sin-sonda	scrum1304-un-cobro-una-factura.test.mjs	2	41274	41274	1727	0	0	0×2	
sin-sonda	scrum628-cobertura-visual-del-dashboard.test.mjs	2	41237	41237	1505	0	0	0×2	
sin-sonda	scrum951a-equipo-configurable.test.mjs	2	41192	41192	3185	0	0	0×2	
sin-sonda	scrum286-bloques-orden.test.mjs	2	40605	40605	1561	0	0	0×2	
sin-sonda	scrum285-pantalla-cobros.test.mjs	2	40591	40591	1153	0	0	0×2	
sin-sonda	scrum587-descuento-por-defecto.test.mjs	2	40443	40443	2634	0	0	0×2	
sin-sonda	scrum859-identidad-y-motivo-cerrado.test.mjs	2	40326	40326	1019	0	0	0×2	
sin-sonda	scrum222-deriva-arranque.test.mjs	2	40245	40245	512	0	0	0×2	
sin-sonda	scrum161-evidencia-tanda.test.mjs	2	39997	39997	74	0	0	0×2	
sin-sonda	scrum912-leer-ticket-gasto.test.mjs	2	39909	39909	399	0	0	0×2	
sin-sonda	scrum369-verificador-sello.test.mjs	2	39701	39701	619	0	0	0×2	
sin-sonda	scrum824-temporales-fuera-del-arbol.test.mjs	2	39672	39672	3399	0	0	1×2	
sin-sonda	scrum481-metodo-en-castellano.test.mjs	2	39656	39656	741	0	0	0×2	
sin-sonda	scrum1293-cargador-de-marcadores.test.mjs	2	39411	39411	49	0	0	0×2	
sin-sonda	scrum676-hojas-del-indice.test.mjs	2	38502	38502	2828	0	0	0×2	
sin-sonda	scrum753-censo-de-alcanzabilidad.test.mjs	2	38178	38178	5055	0	0	0×2	
sin-sonda	scrum1330-una-sellada-no-se-resella.test.mjs	2	38106	38106	4192	0	0	0×2	
sin-sonda	scrum438-v3-sobre.test.mjs	2	37967	37967	787	0	0	0×2	
sin-sonda	scrum1235-el-correo-que-no-salio.test.mjs	2	37902	37902	993	0	0	0×2	
sin-sonda	scrum1356-latido-enganchado.test.mjs	2	37802	37802	289	0	0	0×2	
sin-sonda	scrum630-default-en-dias.test.mjs	2	37572	37572	1499	0	0	0×2	
sin-sonda	scrum576-persona-vinculada-a-empresa.test.mjs	2	37352	37352	845	0	0	0×2	
sin-sonda	scrum301-albaranes-seccion.test.mjs	2	37107	37107	813	0	0	0×2	
sin-sonda	scrum476-reconciliar-censos.test.mjs	2	37072	37072	405	0	0	0×2	
sin-sonda	scrum260-rastro-limpieza.test.mjs	2	36975	36975	62	0	0	0×2	
sin-sonda	scrum637-la-rama-que-nadie-mira.test.mjs	2	36899	36899	1468	0	0	0×2	
sin-sonda	scrum836-ancla-de-mutacion-viva.test.mjs	2	36635	36635	10960	0	0	0×2	
sin-sonda	scrum649-el-ancla-que-no-apunta.test.mjs	2	36529	36529	1664	0	0	0×2	
sin-sonda	scrum594-descuentos-presupuesto.test.mjs	2	36378	36378	960	0	0	0×2	
sin-sonda	scrum425-aplicador-sql-dev.test.mjs	2	36322	36322	50	0	0	0×2	
sin-sonda	scrum475-firma-del-webhook.test.mjs	2	36157	36157	71	0	0	0×2	
sin-sonda	scrum1160-cobrar-ahora-modo-recibo.test.mjs	2	36140	36140	1044	0	0	0×2	
sin-sonda	scrum356-tres-estados.test.mjs	2	36019	36019	1436	0	0	0×2	
sin-sonda	scrum488-un-solo-vocabulario.test.mjs	2	35780	35780	400	0	0	0×2	
sin-sonda	scrum235-cliente-por-columnas.test.mjs	2	35665	35665	240	0	0	0×2	
sin-sonda	scrum1315-gemelos-estado-dentro-del-where.test.mjs	2	34851	34851	613	0	0	0×2	
sin-sonda	scrum716-ritmo-de-despliegue.test.mjs	2	34837	34837	388	0	0	0×2	
sin-sonda	scrum575b-nif-cableado.test.mjs	2	34699	34699	1358	0	0	0×2	
sin-sonda	scrum423-entrega-en-que-falta.test.mjs	2	34671	34671	2782	0	0	0×2	
sin-sonda	scrum1153-censo-entorno-prestado.test.mjs	2	34507	34507	1816	0	0	0×2	
sin-sonda	scrum1339d-senal-de-nombres.test.mjs	2	34345	34345	5403	0	0	0×2	
sin-sonda	scrum1168-anio-serie-zona-merchant.test.mjs	2	34252	34252	546	0	0	0×2	
sin-sonda	scrum687-constancia-del-alter.test.mjs	2	33998	33998	53	0	0	0×2	
sin-sonda	scrum475-receptor-webhook.test.mjs	2	33796	33796	2124	0	0	0×2	
sin-sonda	scrum514-aprobado-y-aplicado.test.mjs	2	33314	33314	488	0	0	0×2	
sin-sonda	scrum685-push-no-arranca-atrasado.test.mjs	2	33114	33114	67	0	0	0×2	
sin-sonda	scrum982-la-nota-del-cliente-en-el-trabajo.test.mjs	2	33052	33052	1638	0	0	0×2	
sin-sonda	scrum475-ignoran-el-resultado.test.mjs	2	32987	32987	3669	0	0	0×2	
sin-sonda	scrum631-la-unicidad-tiene-vigilante.test.mjs	2	32932	32932	325	0	0	0×2	
sin-sonda	scrum359-tres-relojes.test.mjs	2	32903	32903	69	0	0	0×2	
sin-sonda	scrum239-huella-de-codigo.test.mjs	2	32882	32882	615	0	0	0×2	
sin-sonda	scrum600b-la-factura-usa-el-front.test.mjs	2	32877	32877	3971	0	0	0×2	
sin-sonda	scrum838-censo-de-tautologias.test.mjs	2	32665	32665	8937	0	0	1×2	
sin-sonda	scrum889b-quitar-linea-guardada.test.mjs	2	32599	32599	636	0	0	0×2	
sin-sonda	scrum1266b-aviso-no-salia-en-lo-dictado.test.mjs	2	32591	32591	890	0	0	0×2	
sin-sonda	scrum537-afirmacion-falsa.test.mjs	2	32463	32463	688	0	0	0×2	
sin-sonda	whatsappTemplates.test.mjs	2	32376	32376	92	0	0	0×2	
sin-sonda	scrum878-poblacion-del-guard-29.test.mjs	2	32207	32207	531	0	0	0×2	
sin-sonda	scrum371-barrido-poblacion.test.mjs	2	32105	32105	634	0	0	0×2	
sin-sonda	scrum655-apartados.test.mjs	2	32054	32054	163	0	0	0×2	
sin-sonda	scrum426-libro-recibidas.test.mjs	2	32032	32032	132	0	0	0×2	
sin-sonda	scrum188-turno-staging.test.mjs	2	31981	31981	63	0	0	0×2	
sin-sonda	scrum553-etiquetas-pegadas.test.mjs	2	31952	31952	15709	0	0	0×2	
sin-sonda	scrum1342-plan-desconocido-no-calla.test.mjs	2	31912	31912	249	0	0	0×2	
sin-sonda	scrum592-numeracion-doc02.test.mjs	2	31889	31889	180	0	0	0×2	
sin-sonda	scrum729-el-escritor-del-cliente.test.mjs	2	31826	31826	440	0	0	0×2	
sin-sonda	scrum582-seleccion-multiple-clientes.test.mjs	2	31811	31811	638	0	0	0×2	
sin-sonda	scrum507-cantidad-supuesta.test.mjs	2	31593	31593	69	0	0	0×2	
sin-sonda	scrum964-la-lista-no-carga-las-fotos.test.mjs	2	31505	31505	612	0	0	0×2	
sin-sonda	scrum655b-revision-con-llamador.test.mjs	2	31495	31495	53	0	0	0×2	
sin-sonda	scrum500-suplidos.test.mjs	2	31449	31449	482	0	0	0×2	
sin-sonda	scrum1341-actividad-del-equipo-sin-importes.test.mjs	2	31428	31428	1036	0	0	0×2	
sin-sonda	scrum987-valido-hasta-en-el-pdf.test.mjs	2	31376	31376	1417	0	0	0×2	
sin-sonda	scrum775-suelo-que-no-dispara.test.mjs	2	31342	31342	16269	0	0	0×2	
sin-sonda	scrum839d-union-solo-en-el-registro.test.mjs	2	31332	31332	1090	0	0	0×2	
sin-sonda	scrum905-facturar-solo-si-se-puede.test.mjs	2	31237	31237	1016	0	0	0×2	
sin-sonda	scrum899d-aviso-de-uso.test.mjs	2	31218	31218	281	0	0	0×2	
sin-sonda	scrum593b-superficie-texto-del-documento.test.mjs	2	31175	31175	313	0	0	0×2	
sin-sonda	scrum1268-sembrar-qa.test.mjs	2	31044	31044	164	0	0	0×2	
sin-sonda	scrum853d-cortacircuitos.test.mjs	2	30865	30865	350	0	0	0×2	
sin-sonda	scrum555-lo-que-el-censo-no-ve.test.mjs	2	30858	30858	405	0	0	0×2	
sin-sonda	scrum652c-parte-en-el-movil.test.mjs	2	30811	30811	141	0	0	0×2	
sin-sonda	scrum264-copy-que-llega-al-cliente.test.mjs	2	30783	30783	44	0	0	0×2	
sin-sonda	scrum650d-pantalla-asignar.test.mjs	2	30716	30716	574	0	0	0×2	
sin-sonda	scrum600-un-solo-front-documento.test.mjs	2	30708	30708	1414	0	0	0×2	
sin-sonda	scrum688-crear-revision.test.mjs	2	30566	30566	1373	0	0	0×2	
sin-sonda	scrum636-sitio-unico-dinero.test.mjs	2	30526	30526	1265	0	0	0×2	
sin-sonda	scrum252-procedencia-cliente.test.mjs	2	30510	30510	530	0	0	0×2	
sin-sonda	scrum808-el-arbol-que-queda-mutado.test.mjs	2	30492	30492	3396	0	0	0×2	
sin-sonda	scrum584-selector-de-columnas.test.mjs	2	30451	30451	1144	0	0	0×2	
sin-sonda	scrum599-navegacion-documentos-y-atajo.test.mjs	2	30321	30321	1012	0	0	0×2	
sin-sonda	scrum1216b-pantalla-arranque.test.mjs	2	30092	30092	956	0	0	0×2	
sin-sonda	scrum661b-el-coste-sobrevive-el-viaje.test.mjs	2	29857	29857	1086	0	0	0×2	
sin-sonda	scrum1123-vigia-despliegue-aviso.test.mjs	2	29832	29832	225	0	0	0×2	
sin-sonda	scrum325-libros-por-periodo.test.mjs	2	29790	29790	149	0	0	0×2	
sin-sonda	scrum475-constancia-correo.test.mjs	2	29707	29707	5651	0	0	0×2	
sin-sonda	scrum455-almacen-local.test.mjs	2	29646	29646	767	0	0	0×2	
sin-sonda	scrum1354-dueno-de-la-marca.test.mjs	2	29598	29598	826	0	0	0×2	
sin-sonda	scrum291-series-huecos.test.mjs	2	29595	29595	145	0	0	0×2	
sin-sonda	scrum593e-el-albaran-si-es-alcanzable.test.mjs	2	29496	29496	57	0	0	0×2	
sin-sonda	scrum313-pantalla-numeracion.test.mjs	2	29444	29444	166	0	0	0×2	
sin-sonda	scrum390-puerta-cliente-real.test.mjs	2	29310	29310	195	0	0	0×2	
sin-sonda	scrum693-filtro-de-comentarios.test.mjs	2	29262	29262	487	0	0	0×2	
sin-sonda	scrum942-bytes-de-control-en-el-arbol.test.mjs	2	29255	29255	1083	0	0	0×2	
sin-sonda	scrum885-documento-sin-enviar.test.mjs	2	29208	29208	1410	0	0	0×2	
sin-sonda	scrum1327-el-veredicto-no-se-decide-a-mano.test.mjs	2	29143	29143	928	0	0	0×2	
sin-sonda	scrum606-albaran-desde-presupuesto.test.mjs	2	29121	29121	1833	0	0	0×2	
sin-sonda	scrum283-tabla-patron-factura.test.mjs	2	28956	28956	475	0	0	0×2	
sin-sonda	scrum890b-rechazo-visible.test.mjs	2	28954	28954	2775	0	0	0×2	
sin-sonda	scrum683-parte-dictado.test.mjs	2	28835	28835	70	0	0	0×2	
sin-sonda	scrum605-atajos-vencimiento.test.mjs	2	28809	28809	78	0	0	0×2	
sin-sonda	scrum644-trinquete-mensaje-crudo.test.mjs	2	28768	28768	1928	0	0	0×2	
sin-sonda	scrum267-ancla-de-medicion.test.mjs	2	28758	28758	1319	0	0	0×2	
sin-sonda	scrum360-desalojo.test.mjs	2	28736	28736	896	0	0	0×2	
sin-sonda	scrum284-asignacion-submenus.test.mjs	2	28715	28715	425	0	0	0×2	
sin-sonda	scrum562-arbitro-de-toque.test.mjs	2	28694	28694	592	0	0	0×2	
sin-sonda	scrum578-formulario-duplicados.test.mjs	2	28645	28645	327	0	0	0×2	
sin-sonda	scrum1302h-firma-directa-ya-registrada.test.mjs	2	28594	28594	673	0	0	0×2	
sin-sonda	albaran.test.mjs	2	28580	28580	393	0	0	0×2	
sin-sonda	scrum1343-un-hijo-que-no-arranca-es-ciego.test.mjs	2	28392	28392	473	0	0	0×2	
sin-sonda	scrum607-precios-fuera-del-albaran.test.mjs	2	28362	28362	418	0	0	0×2	
sin-sonda	scrum563-registro-de-lo-aprobado.test.mjs	2	28314	28314	315	0	0	0×2	
sin-sonda	scrum780-formato-f-en-la-factura.test.mjs	2	28236	28236	122	0	0	0×2	
sin-sonda	scrum1117-anclas-por-bloque.test.mjs	2	28220	28220	1379	0	0	0×2	
sin-sonda	scrum195-pertenencia-por-job.test.mjs	2	28181	28181	113	0	0	0×2	
sin-sonda	scrum290-albaran-a-factura.test.mjs	2	28170	28170	53	0	0	0×2	
sin-sonda	scrum1362-cargador-de-defectos-del-viaje.test.mjs	2	28092	28092	37	0	0	0×2	
sin-sonda	scrum255-audit-log-sync.test.mjs	2	27999	27999	259	0	0	0×2	
sin-sonda	scrum652d-puerta-al-parte.test.mjs	2	27989	27989	1348	0	0	0×2	
sin-sonda	scrum579-direccion-de-facturacion.test.mjs	2	27988	27988	961	0	0	0×2	
sin-sonda	scrum1233-mensaje-para-persona.test.mjs	2	27899	27899	1645	0	0	0×2	
sin-sonda	scrum1097-guard-acreditacion-invoicing-es.test.mjs	2	27777	27777	489	0	0	0×2	
sin-sonda	scrum314-wipedemo-derivado.test.mjs	2	27775	27775	467	0	0	0×2	
sin-sonda	scrum100-webhooks-fail-closed.test.mjs	2	27773	27773	1018	0	0	0×2	
sin-sonda	scrum324-justificante-deducible.test.mjs	2	27709	27709	41	0	0	0×2	
sin-sonda	scrum420-barra-lateral.test.mjs	2	27696	27696	64	0	0	0×2	
sin-sonda	scrum899c-relevar-y-contexto.test.mjs	2	27645	27645	38	0	0	0×2	
sin-sonda	scrum839e-solo-pr-armados.test.mjs	2	27632	27632	2205	0	0	0×2	
sin-sonda	scrum303-albaran-una-pantalla.test.mjs	2	27616	27616	1149	0	0	0×2	
sin-sonda	scrum1351-viaje-firma-sin-red-albaran.test.mjs	2	27543	27543	9453	0	0	0×2	
sin-sonda	scrum300-firmante-ids-y-microcopy.test.mjs	2	27501	27501	57	0	0	0×2	
sin-sonda	scrum302-presupuesto-y-fotos.test.mjs	2	27288	27288	803	0	0	0×2	
sin-sonda	scrum383-clave-vs-destino.test.mjs	2	27214	27214	35	0	0	0×2	
sin-sonda	scrum823-la-escalera-mira-el-estado.test.mjs	2	27132	27132	157	0	0	0×2	
sin-sonda	scrum921-firmas-con-respaldo.test.mjs	2	27132	27132	3994	0	0	0×2	
sin-sonda	scrum764-margen-negativo.test.mjs	2	27108	27108	586	0	0	0×2	
sin-sonda	scrum976-guards-entrada-con-techo.test.mjs	2	26995	26995	19624	0	0	0×2	
sin-sonda	scrum944b-el-trabajo-se-llama-igual.test.mjs	2	26987	26987	48	0	0	0×2	
sin-sonda	scrum351-topologia-node-modules.test.mjs	2	26895	26895	517	0	0	0×2	
sin-sonda	scrum855-el-doble-llama-al-callback.test.mjs	2	26878	26878	561	0	0	0×2	
sin-sonda	scrum344-cierre-con-saldo.test.mjs	2	26866	26866	578	0	0	0×2	
sin-sonda	scrum395-preflight-migracion.test.mjs	2	26771	26771	43	0	0	0×2	
sin-sonda	scrum491-metodo-y-registro.test.mjs	2	26732	26732	450	0	0	0×2	
sin-sonda	scrum387-censo-reparto.test.mjs	2	26676	26676	398	0	0	0×2	
sin-sonda	scrum1027-atajo-flag-off-sin-documento.test.mjs	2	26617	26617	506	0	0	0×2	
sin-sonda	scrum357-que-lleva-encima.test.mjs	2	26552	26552	932	0	0	0×2	
sin-sonda	scrum358-drenado.test.mjs	2	26423	26423	1009	0	0	0×2	
sin-sonda	scrum937-el-nif-no-se-tira-en-silencio.test.mjs	2	26423	26423	244	0	0	0×2	
sin-sonda	scrum1185-trinquete-sin-consumir.test.mjs	2	26364	26364	5622	0	0	0×2	
sin-sonda	scrum691-contraste-de-tokens.test.mjs	2	26361	26361	91	0	0	0×2	
sin-sonda	scrum141-factura-final.test.mjs	2	26283	26283	528	0	0	0×2	
sin-sonda	scrum289b-factura-suelta.test.mjs	2	26161	26161	567	0	0	0×2	
sin-sonda	scrum921c-firma-con-respaldo-en-codigo.test.mjs	2	26059	26059	4641	0	0	0×2	
sin-sonda	automerge-conflicto-no-es-averia.test.mjs	2	26041	26041	78	0	0	0×2	
sin-sonda	scrum1336-un-ciego-no-se-pinta-de-hallazgo.test.mjs	2	25949	25949	810	0	0	0×2	
sin-sonda	scrum294-recargo-caja.test.mjs	2	25891	25891	480	0	0	0×2	
sin-sonda	scrum622-desconocido-no-es-verde.test.mjs	2	25875	25875	3400	0	0	0×2	
sin-sonda	scrum1388-facturas-recibidas-literales-firmados.test.mjs	2	25866	25866	1530	0	0	0×2	
sin-sonda	scrum938-la-lista-como-fixture.test.mjs	2	25865	25865	1088	0	0	0×2	
sin-sonda	scrum1317-cierre-admin-e-inicio-del-operario.test.mjs	2	25839	25839	1104	0	0	0×2	
sin-sonda	scrum296-pantalla-libro.test.mjs	2	25836	25836	136	0	0	0×2	
sin-sonda	scrum844f-lo-que-cambia-el-importe.test.mjs	2	25828	25828	131	0	0	0×2	
sin-sonda	scrum578-duplicados-identificador.test.mjs	2	25772	25772	42	0	0	0×2	
sin-sonda	scrum534b-documentos-fantasma.test.mjs	2	25639	25639	43594	0	0	0×2	
sin-sonda	scrum1108b-pantalla-garantia.test.mjs	2	25630	25630	961	0	0	0×2	
sin-sonda	scrum295-modelo-303.test.mjs	2	25575	25575	47	0	0	0×2	
sin-sonda	scrum653-dos-firmas.test.mjs	2	25527	25527	367	0	0	0×2	
sin-sonda	scrum670-un-solo-extractor.test.mjs	2	25469	25469	556	0	0	0×2	
sin-sonda	scrum1286-intermitente-1281.test.mjs	2	25378	25378	42	0	0	0×2	
sin-sonda	scrum352-target-tactil-variantes.test.mjs	2	25322	25322	2362	0	0	0×2	
sin-sonda	scrum917g-el-trabajo-plegable.test.mjs	2	25013	25013	181	0	0	0×2	
sin-sonda	scrum1126-fusion-de-clientes.test.mjs	2	24941	24941	3171	0	0	0×2	
sin-sonda	scrum846b-siembras-a-los-quince.test.mjs	2	24923	24923	399	0	0	0×2	
sin-sonda	scrum305-entrega-pendiente.test.mjs	2	24918	24918	377	0	0	0×2	
sin-sonda	scrum954-vivo-no-es-listado.test.mjs	2	24859	24859	517	0	0	0×2	
sin-sonda	scrum633-caducidad-en-la-zona.test.mjs	2	24823	24823	523	0	0	0×2	
sin-sonda	scrum899-sesion-lista-blanca.test.mjs	2	24804	24804	460	0	0	0×2	
sin-sonda	scrum501-una-fila-por-envio.test.mjs	2	24793	24793	393	0	0	0×2	
sin-sonda	scrum358-encolar-firma.test.mjs	2	24744	24744	940	0	0	0×2	
sin-sonda	scrum304-albaranes-tabla.test.mjs	2	24706	24706	633	0	0	0×2	
sin-sonda	scrum664-el-compilador-como-censo.test.mjs	2	24689	24689	639	0	0	0×2	
sin-sonda	scrum1289-por-que-cayo.test.mjs	2	24644	24644	105	0	0	0×2	
sin-sonda	scrum853-lecturas-que-fallan-cerrado.test.mjs	2	24615	24615	1003	0	0	0×2	
sin-sonda	scrum558-ancla-alcanzable.test.mjs	2	24573	24573	308	0	0	0×2	
sin-sonda	scrum499-el-registro-tiene-sitio.test.mjs	2	24490	24490	630	0	0	0×2	
sin-sonda	scrum600e-condiciones-contra-el-emisor.test.mjs	2	24465	24465	1085	0	0	0×2	
sin-sonda	scrum820-estados-en-castellano.test.mjs	2	24435	24435	2389	0	0	0×2	
sin-sonda	scrum494-export-que-sobra.test.mjs	2	24368	24368	9307	0	0	0×2	
sin-sonda	scrum993-boton-un-toque.test.mjs	2	24341	24341	4347	0	0	0×2	
sin-sonda	scrum815c-el-escritor-de-los-cinco.test.mjs	2	24331	24331	1331	0	0	0×2	
sin-sonda	scrum1322-el-bot-entiende-lo-que-pide.test.mjs	2	24328	24328	1079	0	0	0×2	
sin-sonda	scrum626-calentar-el-navegador.test.mjs	2	24323	24323	45	0	0	0×2	
sin-sonda	scrum774-arbol-de-otra-sesion.test.mjs	2	24226	24226	1673	0	0	0×2	
sin-sonda	scrum759-el-guard-ciego-fuera-de-su-fichero.test.mjs	2	24180	24180	5702	0	0	0×2	
sin-sonda	scrum551-anclas-bloque-f.test.mjs	2	24164	24164	423	0	0	0×2	
sin-sonda	scrum615-pedir-tipo-destinatario.test.mjs	2	24118	24118	344	0	0	0×2	
sin-sonda	scrum1157-censo-convenio-microcopy.test.mjs	2	24111	24111	3257	0	0	0×2	
sin-sonda	scrum656-iva-y-clausulas.test.mjs	2	24104	24104	502	0	0	0×2	
sin-sonda	scrum192-borrado-merchant.test.mjs	2	24061	24061	46	0	0	0×2	
sin-sonda	scrum1325b-expresiones-sobre-texto-de-persona.test.mjs	2	24036	24036	4079	0	0	0×2	
sin-sonda	scrum1040-pantalla-facturas-recibidas.test.mjs	2	24033	24033	70	0	0	0×2	
sin-sonda	scrum932-el-turno-tiene-mecanismo.test.mjs	2	24014	24014	688	0	0	0×2	
sin-sonda	scrum508-los-cinco-dejan-fila.test.mjs	2	24005	24005	2039	0	0	0×2	
sin-sonda	scrum216-tipo-rectificativa-sin-defecto.test.mjs	2	23992	23992	813	0	0	0×2	
sin-sonda	scrum804-la-rama-viva.test.mjs	2	23934	23934	6936	0	0	0×2	
sin-sonda	scrum598-el-margen-sale-del-documento.test.mjs	2	23825	23825	968	0	0	0×2	
sin-sonda	scrum677-vigilante-de-despliegue.test.mjs	2	23813	23813	47	0	0	0×2	
sin-sonda	scrum333-tarjetas-gremio.test.mjs	2	23809	23809	48	0	0	0×2	
sin-sonda	scrum319-documentos-por-tipo.test.mjs	2	23723	23723	628	0	0	0×2	
sin-sonda	scrum565-encargo-completo.test.mjs	2	23678	23678	35	0	0	0×2	
sin-sonda	scrum1128-envio-construido.test.mjs	2	23650	23650	487	0	0	0×2	
sin-sonda	scrum959b-el-arranque-no-duplica-el-equipo.test.mjs	2	23621	23621	8838	0	0	0×2	
sin-sonda	scrum672-un-test-que-desaparece.test.mjs	2	23573	23573	35	0	0	0×2	
sin-sonda	scrum542-objetivo-tactil.test.mjs	2	23566	23566	42	0	0	0×2	
sin-sonda	scrum766-el-grep-que-cuenta-lineas.test.mjs	2	23553	23553	1765	0	0	0×2	
sin-sonda	scrum591-alta-desde-el-documento.test.mjs	2	23531	23531	1642	0	0	0×2	
sin-sonda	scrum438-atestiguar.test.mjs	2	23524	23524	109	0	0	0×2	
sin-sonda	pr-automatico-el-mensaje-del-automerge.test.mjs	2	23446	23446	276	0	0	0×2	
sin-sonda	scrum574-switch-forma-juridica.test.mjs	2	23438	23438	461	0	0	0×2	
sin-sonda	scrum581-pestanas-y-orden-clientes.test.mjs	2	23374	23374	41	0	0	0×2	
sin-sonda	wa-log-sync.test.mjs	2	23307	23307	142	0	0	0×2	
sin-sonda	scrum452-pdf-lo-que-se-sello.test.mjs	2	23305	23305	553	0	0	0×2	
sin-sonda	scrum645-la-puerta-no-tira-los-tramos.test.mjs	2	23249	23249	96	0	0	0×2	
sin-sonda	scrum652-parte-trabajo.test.mjs	2	23208	23208	60	0	0	0×2	
sin-sonda	scrum739-informes-al-sitio-unico.test.mjs	2	23189	23189	427	0	0	0×2	
sin-sonda	scrum284-configuracion-submenus.test.mjs	2	23108	23108	649	0	0	0×2	
sin-sonda	scrum253-adopcion.test.mjs	2	23055	23055	7091	0	0	0×2	
sin-sonda	scrum887-el-cobro-es-lo-firmado.test.mjs	2	23051	23051	1707	0	0	0×2	
sin-sonda	scrum294c-criterio-del-merchant.test.mjs	2	22990	22990	143	0	0	0×2	
sin-sonda	scrum805-que-firmo-el-cliente.test.mjs	2	22985	22985	887	0	0	0×2	
sin-sonda	scrum388-censo-mecanismo.test.mjs	2	22973	22973	2362	0	0	0×2	
sin-sonda	scrum1381-escritores-por-fila.test.mjs	2	22929	22929	934	0	0	0×2	
sin-sonda	scrum899b-arranque-de-la-tanda.test.mjs	2	22851	22851	1690	0	0	0×2	
sin-sonda	scrum17-recapitulativa.test.mjs	2	22834	22834	343	0	0	0×2	
sin-sonda	scrum397-fecha-real-de-cobro.test.mjs	2	22764	22764	2394	0	0	0×2	
sin-sonda	scrum1102f-sii-y-foral-se-preguntan-y-se-guardan.test.mjs	2	22725	22725	1220	0	0	0×2	
sin-sonda	scrum568-promesa-con-mecanismo.test.mjs	2	22709	22709	389	0	0	0×2	
sin-sonda	scrum564b-hueco-condicion.test.mjs	2	22703	22703	361	0	0	0×2	
sin-sonda	scrum698-vistas-que-no-se-miden.test.mjs	2	22645	22645	3021	0	0	0×2	
sin-sonda	scrum660-iva-defecto-del-documento.test.mjs	2	22627	22627	3325	0	0	0×2	
sin-sonda	scrum596-la-nota-interna-no-sale.test.mjs	2	22585	22585	742	0	0	0×2	
sin-sonda	scrum329-legal-pagina-publica.test.mjs	2	22579	22579	946	0	0	0×2	
sin-sonda	scrum320-que-falta-para-cobrar.test.mjs	2	22573	22573	95	0	0	0×2	
sin-sonda	scrum844c-el-xml-que-se-remite.test.mjs	2	22561	22561	509	0	0	0×2	
sin-sonda	scrum1298-mesa-por-puesto.test.mjs	2	22533	22533	902	0	0	0×2	
sin-sonda	scrum268-espera-automatica.test.mjs	2	22497	22497	5467	0	0	0×2	
sin-sonda	scrum400-conformidad-landing.test.mjs	2	22478	22478	61	0	0	0×2	
sin-sonda	scrum745-comparar-por-identidad.test.mjs	2	22421	22421	6089	0	0	0×2	
sin-sonda	scrum816-la-lista-no-miente.test.mjs	2	22413	22413	89	0	0	0×2	
sin-sonda	scrum600g-plantillas-en-el-documento-suelto.test.mjs	2	22396	22396	4682	0	0	0×2	
sin-sonda	scrum689-pestanas-clientes-con-css.test.mjs	2	22344	22344	340	0	0	0×2	
sin-sonda	scrum386-hojas-fuera.test.mjs	2	22313	22313	598	0	0	0×2	
sin-sonda	scrum733-el-censo-no-se-encoge-en-silencio.test.mjs	2	22234	22234	310	0	0	0×2	
sin-sonda	scrum564-afirmaciones-publicadas.test.mjs	2	22199	22199	351	0	0	0×2	
sin-sonda	scrum1303-estado-dentro-del-where.test.mjs	2	22149	22149	391	0	0	0×2	
sin-sonda	scrum1259-abierto-con-trabajo-en-main.test.mjs	2	22144	22144	132	0	0	0×2	
sin-sonda	scrum195-lectura-serializacion.test.mjs	2	22138	22138	42	0	0	0×2	
sin-sonda	scrum317-trabajo-por-su-nombre.test.mjs	2	22097	22097	69	0	0	0×2	
sin-sonda	scrum853c-el-vigia-no-se-cree-un-error.test.mjs	2	22073	22073	12817	0	0	0×2	
sin-sonda	scrum683b-cableado-dictado.test.mjs	2	22070	22070	569	0	0	0×2	
sin-sonda	scrum244-cobertura-portabilidad.test.mjs	2	22004	22004	165	0	0	0×2	
sin-sonda	scrum397-instante-de-cobro.test.mjs	2	21895	21895	3143	0	0	0×2	
sin-sonda	scrum229-margen-en-pie.test.mjs	2	21888	21888	116	0	0	0×2	
sin-sonda	scrum919-cola-al-volver-la-red.test.mjs	2	21882	21882	1551	0	0	0×2	
sin-sonda	scrum771-el-emisor-no-valida-el-tipo.test.mjs	2	21855	21855	3804	0	0	0×2	
sin-sonda	scrum1325-una-tilde-no-rompe-lo-que-entiende.test.mjs	2	21839	21839	107	0	0	0×2	
sin-sonda	scrum593-cabecera-y-pie-del-documento.test.mjs	2	21826	21826	541	0	0	0×2	
sin-sonda	scrum1258-el-tipo-del-registro-es-el-de-la-huella.test.mjs	2	21729	21729	672	0	0	0×2	
sin-sonda	scrum627b-censo-declara-reimplementaciones.test.mjs	2	21721	21721	2896	0	0	0×2	
sin-sonda	scrum1007-1011-1026-relevo-lanzar-bloqueo.test.mjs	2	21717	21717	9976	0	0	0×2	
sin-sonda	scrum461-censo-no-encoge.test.mjs	2	21641	21641	413	0	0	0×2	
sin-sonda	scrum887c-caso-c-bloqueado.test.mjs	2	21630	21630	1110	0	0	0×2	
sin-sonda	scrum443-toast-legible.test.mjs	2	21629	21629	481	0	0	0×2	
sin-sonda	scrum362-residuales.test.mjs	2	21570	21570	1136	0	0	0×2	
sin-sonda	scrum451-plazo-de-red.test.mjs	2	21559	21559	4019	0	0	0×2	
sin-sonda	scrum946-censo-de-huerfanos.test.mjs	2	21542	21542	1181	0	0	0×2	
sin-sonda	scrum716c-la-memoria-del-vigia.test.mjs	2	21521	21521	1367	0	0	0×2	
sin-sonda	scrum331-heroe.test.mjs	2	21514	21514	42	0	0	0×2	
sin-sonda	scrum711-guards-sin-sitio.test.mjs	2	21415	21415	388	0	0	0×2	
sin-sonda	scrum892-firma-vacia.test.mjs	2	21365	21365	766	0	0	0×2	
sin-sonda	scrum1349-entorno-prestado-solo-baja.test.mjs	2	21351	21351	4995	0	0	0×2	
sin-sonda	scrum337-aviso-atado-al-bloqueo.test.mjs	2	21345	21345	1829	0	0	0×2	
sin-sonda	scrum195-loop-adicional.test.mjs	2	21286	21286	662	0	0	0×2	
sin-sonda	scrum350-modal-footer-envuelve.test.mjs	2	21280	21280	2414	0	0	0×2	
sin-sonda	scrum1167-irreversible-gana-la-cascada.test.mjs	2	21274	21274	355	0	0	0×2	
sin-sonda	scrum233-prosa-sin-url-insegura.test.mjs	2	21199	21199	562	0	0	0×2	
sin-sonda	scrum666b-toda-clase-pintada-tiene-regla.test.mjs	2	21195	21195	1359	0	0	0×2	
sin-sonda	scrum417-descargar-datos-carga.test.mjs	2	21190	21190	650	0	0	0×2	
sin-sonda	scrum1333-una-factura-se-encola-una-vez.test.mjs	2	21176	21176	630	0	0	0×2	
sin-sonda	scrum1075-aviso-resumen-trimestre.test.mjs	2	21150	21150	663	0	0	0×2	
sin-sonda	scrum615-plazo-con-null.test.mjs	2	21083	21083	13348	0	0	0×2	
sin-sonda	scrum939b-trinquete-de-las-skills.test.mjs	2	21071	21071	149	0	0	0×2	
sin-sonda	scrum418-credencial-de-produccion.test.mjs	2	21045	21045	49	0	0	0×2	
sin-sonda	scrum702-suelo-misma-poblacion.test.mjs	2	21027	21027	7112	0	0	0×2	
sin-sonda	scrum469-aviso-desalojo.test.mjs	2	20936	20936	1129	0	0	0×2	
sin-sonda	scrum298-modo-visible.test.mjs	2	20923	20923	390	0	0	0×2	
sin-sonda	scrum844e-el-libro-es-una-declaracion.test.mjs	2	20904	20904	42	0	0	0×2	
sin-sonda	scrum1324-nadie-vigila-el-silencio.test.mjs	2	20903	20903	931	0	0	0×2	
sin-sonda	scrum427-composicion-detalle.test.mjs	2	20890	20890	773	0	0	0×2	
sin-sonda	scrum884-importador-normaliza-telefono.test.mjs	2	20854	20854	181	0	0	0×2	
sin-sonda	scrum880-el-empate-del-sello.test.mjs	2	20815	20815	1282	0	0	0×2	
sin-sonda	scrum406-escribenos.test.mjs	2	20810	20810	872	0	0	0×2	
sin-sonda	scrum405-microcopy-descarga.test.mjs	2	20805	20805	644	0	0	0×2	
sin-sonda	scrum242-backup-verificado.test.mjs	2	20775	20775	501	0	0	0×2	
sin-sonda	scrum1216b-numero-de-arranque.test.mjs	2	20758	20758	865	0	0	0×2	
sin-sonda	scrum600d-el-envio-tras-emitir.test.mjs	2	20691	20691	4545	0	0	0×2	
sin-sonda	scrum643-zona-del-merchant.test.mjs	2	20657	20657	3248	0	0	0×2	
sin-sonda	scrum1338-la-barra-del-operario-contra-los-gates.test.mjs	2	20640	20640	2234	0	0	0×2	
sin-sonda	scrum1059-etiquetado-masivo.test.mjs	2	20573	20573	60	0	0	0×2	
sin-sonda	scrum336-atribucion-sin-almacenamiento.test.mjs	2	20549	20549	1211	0	0	0×2	
sin-sonda	scrum639-vocabulario-sale-de-la-puerta.test.mjs	2	20545	20545	44	0	0	0×2	
sin-sonda	scrum561-citar-fuera-del-esquema.test.mjs	2	20544	20544	391	0	0	0×2	
sin-sonda	scrum856-canje-una-sola-vez.test.mjs	2	20513	20513	42	0	0	0×2	
sin-sonda	scrum217-failopen-entrada.test.mjs	2	20508	20508	146	0	0	0×2	
sin-sonda	scrum839c-la-pasada-se-ejecuta.test.mjs	2	20495	20495	624	0	0	0×2	
sin-sonda	scrum821-la-lista-que-decide-que-se-mira.test.mjs	2	20469	20469	52	0	0	0×2	
sin-sonda	scrum421-registro-presupuesto.test.mjs	2	20436	20436	990	0	0	0×2	
sin-sonda	scrum379-recarga-sin-await.test.mjs	2	20339	20339	372	0	0	0×2	
sin-sonda	scrum506-cobros-distingue-el-desconocido.test.mjs	2	20330	20330	465	0	0	0×2	
sin-sonda	scrum725-dato-inventado-en-la-descripcion.test.mjs	2	20304	20304	54	0	0	0×2	
sin-sonda	scrum890-parte-vacio.test.mjs	2	20300	20300	165	0	0	0×2	
sin-sonda	scrum949-el-suelo-como-cociente.test.mjs	2	20282	20282	1627	0	0	0×2	
sin-sonda	scrum289-censo-origen-factura.test.mjs	2	20235	20235	2728	0	0	0×2	
sin-sonda	scrum394-plan-mudo.test.mjs	2	20180	20180	561	0	0	0×2	
sin-sonda	scrum1107-retencion-garantia.test.mjs	2	20150	20150	38	0	0	0×2	
sin-sonda	scrum274-shell-alineado.test.mjs	2	19995	19995	58	0	0	0×2	
sin-sonda	scrum1355-borrador-no-es-deuda.test.mjs	2	19976	19976	390	0	0	0×2	
sin-sonda	scrum1313-ciego-no-es-verde-ni-rojo.test.mjs	2	19961	19961	550	0	0	0×2	
sin-sonda	scrum1228b-permisos-no-reintentan.test.mjs	2	19935	19935	504	0	0	0×2	
sin-sonda	scrum358-alta-idempotente.test.mjs	2	19919	19919	111	0	0	0×2	
sin-sonda	scrum1276-decision-no-reabre.test.mjs	2	19910	19910	875	0	0	0×2	
sin-sonda	scrum215-sin-destinatario.test.mjs	2	19902	19902	1184	0	0	0×2	
sin-sonda	scrum480-fin-de-linea.test.mjs	2	19882	19882	3527	0	0	0×2	
sin-sonda	scrum458-paquete-de-precarga.test.mjs	2	19870	19870	283	0	0	0×2	
sin-sonda	scrum244-supresion-y-anonimizado.test.mjs	2	19842	19842	551	0	0	0×2	
sin-sonda	scrum292-nif-antes-de-emitir.test.mjs	2	19840	19840	619	0	0	0×2	
sin-sonda	scrum887b-descuento-global.test.mjs	2	19826	19826	867	0	0	0×2	
sin-sonda	scrum290-endpoint-convertir.test.mjs	2	19769	19769	540	0	0	0×2	
sin-sonda	tecnosel-precios-tras-firmar.test.mjs	2	19728	19728	42	0	0	0×2	
sin-sonda	scrum168-zona-roja.test.mjs	2	19722	19722	38	0	0	0×2	
sin-sonda	scrum1116-digest-garantia-retenida.test.mjs	2	19685	19685	457	0	0	0×2	
sin-sonda	scrum268-cesion.test.mjs	2	19680	19680	500	0	0	0×2	
sin-sonda	scrumD1-puerta-serie.test.mjs	2	19669	19669	51	0	0	0×2	
sin-sonda	scrum903-marcador-no-se-imprime.test.mjs	2	19655	19655	410	0	0	0×2	
sin-sonda	scrum1048-resumen-trimestre.test.mjs	2	19650	19650	30	0	0	0×2	
sin-sonda	scrum365-permisos-tarifario.test.mjs	2	19635	19635	971	0	0	0×2	
sin-sonda	scrum296-libro-registro.test.mjs	2	19574	19574	44	0	0	0×2	
sin-sonda	scrum1191-tope-cola-firmas.test.mjs	2	19525	19525	672	0	0	0×2	
sin-sonda	scrum893-solo-lo-que-puede-cobrar.test.mjs	2	19496	19496	655	0	0	0×2	
sin-sonda	scrum943-la-categoria-se-valida.test.mjs	2	19490	19490	265	0	0	0×2	
sin-sonda	scrum762-el-pdf-emitido-se-rehace.test.mjs	2	19484	19484	1733	0	0	0×2	
sin-sonda	scrum1107b-rutas-garantia.test.mjs	2	19435	19435	399	0	0	0×2	
sin-sonda	scrum1289b-reporters-como-argumentos.test.mjs	2	19400	19400	671	0	0	0×2	
sin-sonda	scrum603b-descripcion-en-el-albaran.test.mjs	2	19380	19380	635	0	0	0×2	
sin-sonda	scrum308-bloqueo-rectify.test.mjs	2	19365	19365	496	0	0	0×2	
sin-sonda	scrum306-serie-albaranes.test.mjs	2	19364	19364	152	0	0	0×2	
sin-sonda	scrum728d-viajes-de-la-reserva.test.mjs	2	19329	19329	95	0	0	0×2	
sin-sonda	scrum432-plantillas-pestana.test.mjs	2	19324	19324	690	0	0	0×2	
sin-sonda	scrum588-referencia-interna.test.mjs	2	19254	19254	44	0	0	0×2	
sin-sonda	scrum757-la-declaracion-que-nadie-lee.test.mjs	2	19246	19246	4622	0	0	0×2	
sin-sonda	scrum656b-clausulas-configuracion.test.mjs	2	19139	19139	413	0	0	0×2	
sin-sonda	scrum525d-anclas-que-apuntan.test.mjs	2	19112	19112	413	0	0	0×2	
sin-sonda	scrum477-avisos-con-constancia.test.mjs	2	19080	19080	2725	0	0	0×2	
sin-sonda	scrum642-tramos-del-arranque.test.mjs	2	19050	19050	547	0	0	0×2	
sin-sonda	scrum694b-el-filtro-que-no-ve-la-url.test.mjs	2	18986	18986	3206	0	0	0×2	
sin-sonda	scrum704-el-cuerpo-llega.test.mjs	2	18975	18975	1463	0	0	0×2	
sin-sonda	scrum727-constancia-del-vigia.test.mjs	2	18940	18940	481	0	0	0×2	
sin-sonda	scrum441-metodo-declarado.test.mjs	2	18915	18915	58	0	0	0×2	
sin-sonda	scrum1292-cobro-pagado-no-retrocede.test.mjs	2	18876	18876	299	0	0	0×2	
sin-sonda	scrum690-contraste-segmented.test.mjs	2	18869	18869	395	0	0	0×2	
sin-sonda	scrum1091-guard-cwd-posix.test.mjs	2	18837	18837	39	0	0	0×2	
sin-sonda	scrum316-detalle-trabajo-b2.test.mjs	2	18825	18825	528	0	0	0×2	
sin-sonda	scrum549-nada-publicable-sin-marcar.test.mjs	2	18824	18824	62	0	0	0×2	
sin-sonda	scrum493-dos-instrumentos.test.mjs	2	18816	18816	9886	0	0	0×2	
sin-sonda	scrum232-turno-contexto.test.mjs	2	18810	18810	56	0	0	0×2	
sin-sonda	scrum1285-guardado-en-vuelo.test.mjs	2	18716	18716	10766	0	0	0×2	
sin-sonda	scrum348-tenencia-por-lectura.test.mjs	2	18678	18678	1356	0	0	0×2	
sin-sonda	scrum1155-alta-rediseno.test.mjs	2	18644	18644	51	0	0	0×2	
sin-sonda	scrum597-asignar-usuario-al-documento.test.mjs	2	18636	18636	873	0	0	0×2	
sin-sonda	scrum1063b-303-soportado-resultado.test.mjs	2	18633	18633	41	0	0	0×2	
sin-sonda	scrum623-desglose-por-tipo.test.mjs	2	18616	18616	1114	0	0	0×2	
sin-sonda	scrum244-colgados-de-otro-modelo.test.mjs	2	18595	18595	65	0	0	0×2	
sin-sonda	scrum714-cada-numero-con-su-unidad.test.mjs	2	18595	18595	204	0	0	0×2	
sin-sonda	scrum399-hambre-del-lote.test.mjs	2	18541	18541	683	0	0	0×2	
sin-sonda	scrum497-dato-personal-no-sobrevive.test.mjs	2	18540	18540	141	0	0	0×2	
sin-sonda	scrum740-carrera-por-el-arbol.test.mjs	2	18529	18529	2686	0	0	0×2	
sin-sonda	scrum662-lista-de-scripts.test.mjs	2	18509	18509	273	0	0	0×2	
sin-sonda	scrum361-version-al-firmar.test.mjs	2	18475	18475	745	0	0	0×2	
sin-sonda	scrum697-un-solo-render.test.mjs	2	18466	18466	1724	0	0	0×2	
sin-sonda	scrum1301-bizum-hoy-de-madrugada.test.mjs	2	18442	18442	283	0	0	0×2	
sin-sonda	emission.test.mjs	2	18440	18440	143	0	0	0×2	
sin-sonda	scrum710b-anclaje-por-identidad.test.mjs	2	18437	18437	23316	0	0	0×2	
sin-sonda	scrum734-una-sola-carga.test.mjs	2	18401	18401	522	0	0	0×2	
sin-sonda	scrum503-desconocido-no-es-error.test.mjs	2	18355	18355	385	0	0	0×2	
sin-sonda	scrum1232-libro-sin-justificantes.test.mjs	2	18329	18329	132	0	0	0×2	
sin-sonda	scrum616-que-guarda-la-factura.test.mjs	2	18309	18309	37	0	0	0×2	
sin-sonda	scrum346-justificante-suelto.test.mjs	2	18251	18251	480	0	0	0×2	
sin-sonda	scrum1320-hallazgo-y-ciego-no-son-excluyentes.test.mjs	2	18235	18235	769	0	0	0×2	
sin-sonda	scrum716-vigia-no-dice-al-dia-sin-mirar.test.mjs	2	18215	18215	34	0	0	0×2	
sin-sonda	scrum848b-el-fixture-llega-a-la-pantalla.test.mjs	2	18181	18181	788	0	0	0×2	
sin-sonda	scrum809-paywall-tras-cancelar.test.mjs	2	18170	18170	11031	0	0	0×2	
sin-sonda	scrum209-desglose-conforme.test.mjs	2	18166	18166	915	0	0	0×2	
sin-sonda	scrum712-decimales-de-precio.test.mjs	2	18111	18111	507	0	0	0×2	
sin-sonda	scrum330-contador-solo-activas.test.mjs	2	18110	18110	111	0	0	0×2	
sin-sonda	scrum755-el-contador-que-cuadro-solo.test.mjs	2	18106	18106	2057	0	0	0×2	
sin-sonda	scrum1398-la-sonda-de-colision.test.mjs	2	18048	18048	1196	0	0	0×2	
sin-sonda	scrum1047-beneficio-sobre-la-base.test.mjs	2	18019	18019	30	0	0	0×2	
sin-sonda	scrum318-rail-contenido.test.mjs	2	18016	18016	669	0	0	0×2	
sin-sonda	scrum381-semilla.test.mjs	2	17961	17961	2200	0	0	0×2	
sin-sonda	scrum360-entorno-guardado.test.mjs	2	17926	17926	217	0	0	0×2	
sin-sonda	scrum577-nombre-para-documento.test.mjs	2	17914	17914	331	0	0	0×2	
sin-sonda	scrum781-concurrencia-de-la-factura.test.mjs	2	17911	17911	454	0	0	0×2	
sin-sonda	scrum258-nota-por-sesion.test.mjs	2	17907	17907	5232	0	0	0×2	
sin-sonda	scrum1200-sin-respuesta.test.mjs	2	17886	17886	507	0	0	0×2	
sin-sonda	scrum368-anillo-foco-primario.test.mjs	2	17855	17855	145	0	0	0×2	
sin-sonda	scrum574-mismo-cliente-tras-migracion.test.mjs	2	17852	17852	352	0	0	0×2	
sin-sonda	scrum1296-emitir-encola.test.mjs	2	17808	17808	73	0	0	0×2	
sin-sonda	scrum723-guard-contra-su-base.test.mjs	2	17782	17782	9196	0	0	0×2	
sin-sonda	scrum665a-congelar-el-emisor.test.mjs	2	17780	17780	774	0	0	0×2	
sin-sonda	scrum867-el-modal-muerto.test.mjs	2	17742	17742	4159	0	0	0×2	
sin-sonda	scrum741-la-entrada-no-la-linea.test.mjs	2	17735	17735	398	0	0	0×2	
sin-sonda	scrum428-terminado-sin-cobrar.test.mjs	2	17734	17734	50	0	0	0×2	
sin-sonda	scrum719-el-suelo-de-los-doce.test.mjs	2	17714	17714	406	0	0	0×2	
sin-sonda	scrum654-dictado-sin-conexion.test.mjs	2	17688	17688	43	0	0	0×2	
sin-sonda	scrum895b-literales-firmados.test.mjs	2	17685	17685	957	0	0	0×2	
sin-sonda	scrum1222-sesion-panel.test.mjs	2	17680	17680	174	0	0	0×2	
sin-sonda	scrum750-los-dos-calendarios.test.mjs	2	17672	17672	9140	0	0	0×2	
sin-sonda	scrum746b-guarda-en-la-conexion.test.mjs	2	17615	17615	47	0	0	0×2	
sin-sonda	scrum270-evidencia-reunida.test.mjs	2	17604	17604	44	0	0	0×2	
sin-sonda	scrum302-duplicar.test.mjs	2	17584	17584	445	0	0	0×2	
sin-sonda	scrum1103-retencion-practicada-en-gastos.test.mjs	2	17555	17555	744	0	0	0×2	
sin-sonda	scrum731-el-descuento-explicado.test.mjs	2	17553	17553	637	0	0	0×2	
sin-sonda	scrum444-avisos-no-se-pisan.test.mjs	2	17540	17540	5806	0	0	0×2	
sin-sonda	scrum610-precio-final-del-catalogo.test.mjs	2	17520	17520	30	0	0	0×2	
sin-sonda	scrum659-lector-de-lineas-del-pdf.test.mjs	2	17520	17520	383	0	0	0×2	
sin-sonda	scrum361-version-al-editar.test.mjs	2	17516	17516	449	0	0	0×2	
sin-sonda	scrum1296-procesador-cola.test.mjs	2	17500	17500	81	0	0	0×2	
sin-sonda	scrum778-la-lista-cableada.test.mjs	2	17462	17462	3349	0	0	0×2	
sin-sonda	scrum445-cobros-duplicados.test.mjs	2	17459	17459	99	0	0	0×2	
sin-sonda	scrum293-retencion-irpf.test.mjs	2	17440	17440	45	0	0	0×2	
sin-sonda	scrum641-nombre-cogido-sin-500.test.mjs	2	17425	17425	491	0	0	0×2	
sin-sonda	scrum709-microcopy-por-fichero.test.mjs	2	17367	17367	2089	0	0	0×2	
sin-sonda	scrum743-tercera-forma.test.mjs	2	17349	17349	495	0	0	0×2	
sin-sonda	scrum230-qr-pagina.test.mjs	2	17345	17345	55	0	0	0×2	
sin-sonda	scrum861-firma-por-delegacion.test.mjs	2	17306	17306	261	0	0	0×2	
sin-sonda	scrum844d-quien-entra-en-la-cadena.test.mjs	2	17255	17255	143	0	0	0×2	
sin-sonda	scrum758-cabecera-no-miente.test.mjs	2	17190	17190	544	0	0	0×2	
sin-sonda	scrum244-menu-portabilidad.test.mjs	2	17179	17179	495	0	0	0×2	
sin-sonda	scrum284-censo-configuracion.test.mjs	2	17176	17176	518	0	0	0×2	
sin-sonda	scrum1042-ajuste-foto-tecnico.test.mjs	2	17106	17106	37	0	0	0×2	
sin-sonda	scrum1360-caja-albaran-firma-de-parte.test.mjs	2	17007	17007	629	0	0	0×2	
sin-sonda	scrum70-consolidacion-cliente.test.mjs	2	16983	16983	309	0	0	0×2	
sin-sonda	scrum677b-el-vigia-esta-cableado.test.mjs	2	16960	16960	45	0	0	0×2	
sin-sonda	scrum409-fixtures-sin-merchant-demo.test.mjs	2	16956	16956	5442	0	0	0×2	
sin-sonda	merchant-fixture.test.mjs	2	16944	16944	380	0	0	0×2	
sin-sonda	scrum831-albaranes-con-acciones.test.mjs	2	16904	16904	79	0	0	0×2	
sin-sonda	scrum360-entorno-instalada.test.mjs	2	16901	16901	646	0	0	0×2	
sin-sonda	scrum619-vocabulario-de-linea.test.mjs	2	16886	16886	1958	0	0	0×2	
sin-sonda	scrum783-seleccion-sobrevive-navegacion.test.mjs	2	16868	16868	2361	0	0	0×2	
sin-sonda	scrum557-alcance-por-identidad.test.mjs	2	16810	16810	426	0	0	0×2	
sin-sonda	scrum760-iva-de-voz-rechazado.test.mjs	2	16772	16772	3822	0	0	0×2	
sin-sonda	scrum385-preview-fiable.test.mjs	2	16736	16736	3981	0	0	0×2	
sin-sonda	scrum162-conceptos-frecuentes.test.mjs	2	16734	16734	59	0	0	0×2	
sin-sonda	scrum1105-semilla-destino-por-bandera.test.mjs	2	16721	16721	544	0	0	0×2	
sin-sonda	scrum311-cantidad-inventada-derivada.test.mjs	2	16699	16699	1061	0	0	0×2	
sin-sonda	scrum464-precarga-del-tecnico.test.mjs	2	16699	16699	86	0	0	0×2	
sin-sonda	scrum1133-whatsapp-del-cliente.test.mjs	2	16691	16691	1012	0	0	0×2	
sin-sonda	scrum384-min-height-locales.test.mjs	2	16690	16690	447	0	0	0×2	
sin-sonda	scrum1108-aviso-garantia-retenida.test.mjs	2	16665	16665	465	0	0	0×2	
sin-sonda	scrum195-url-bd-sin-fuga.test.mjs	2	16661	16661	1451	0	0	0×2	
sin-sonda	scrum363-eje-de-cobro.test.mjs	2	16639	16639	103	0	0	0×2	
sin-sonda	scrum818-la-cabecera-no-miente.test.mjs	2	16630	16630	387	0	0	0×2	
sin-sonda	scrum245-llamador-declara-merchant.test.mjs	2	16626	16626	1923	0	0	0×2	
sin-sonda	scrum827-el-trinquete-mira-el-valor.test.mjs	2	16611	16611	1660	0	0	0×2	
sin-sonda	scrum632-la-descripcion-de-la-linea.test.mjs	2	16607	16607	532	0	0	0×2	
sin-sonda	scrum419-ci-declara-lo-que-no-corre.test.mjs	2	16604	16604	12481	0	0	0×2	
sin-sonda	scrum1299-respaldo-smtp-deja-fila.test.mjs	2	16572	16572	184	0	0	0×2	
sin-sonda	scrum118-db-guard-pertenencia.test.mjs	2	16571	16571	35	0	0	0×2	
sin-sonda	scrum519-un-solo-criterio-de-cobro.test.mjs	2	16565	16565	442	0	0	0×2	
sin-sonda	scrum530-la-alerta-que-no-puede-pronunciarse.test.mjs	2	16562	16562	495	0	0	0×2	
sin-sonda	scrum929-el-total-del-borrador.test.mjs	2	16561	16561	165	0	0	0×2	
sin-sonda	scrum86-csv-formato.test.mjs	2	16539	16539	71	0	0	0×2	
sin-sonda	scrum889-anadir-linea-del-parte.test.mjs	2	16511	16511	576	0	0	0×2	
sin-sonda	scrum1284-minutos-actions.test.mjs	2	16510	16510	38	0	0	0×2	
sin-sonda	scrum466-el-firmante-ve-el-albaran.test.mjs	2	16495	16495	511	0	0	0×2	
sin-sonda	scrum448-cobros-estado-de-carga.test.mjs	2	16472	16472	10313	0	0	0×2	
sin-sonda	scrum608-tipo-de-documento-en-la-cabecera.test.mjs	2	16462	16462	1020	0	0	0×2	
sin-sonda	scrum527-la-unica-que-eran-siete.test.mjs	2	16461	16461	348	0	0	0×2	
sin-sonda	scrum862-el-fallo-entra-en-el-denominador.test.mjs	2	16460	16460	36	0	0	0×2	
sin-sonda	scrum1008-ficha-articulo.test.mjs	2	16410	16410	287	0	0	0×2	
sin-sonda	scrum300-albaran-campos.test.mjs	2	16330	16330	841	0	0	0×2	
sin-sonda	scrum845-la-lista-pregunta-lo-que-el-servidor-contesta.test.mjs	2	16326	16326	120	0	0	0×2	
sin-sonda	scrum257-albaran-desde-presupuesto.test.mjs	2	16311	16311	583	0	0	0×2	
sin-sonda	scrum308-caracterizacion-rectify.test.mjs	2	16302	16302	521	0	0	0×2	
sin-sonda	scrum1000-vigia-sesiones-jv.test.mjs	2	16300	16300	37	0	0	0×2	
sin-sonda	scrum362-banco-sin-cobertura.test.mjs	2	16298	16298	10883	0	0	0×2	
sin-sonda	scrum785-productos-y-proveedores-descuelgan.test.mjs	2	16297	16297	1301	0	0	0×2	
sin-sonda	scrum424-donde-tiene-dato.test.mjs	2	16266	16266	318	0	0	0×2	
sin-sonda	scrum744-el-guard-mira-la-accion.test.mjs	2	16261	16261	55	0	0	0×2	
sin-sonda	scrum1285d-plan-de-cobro-version-pantalla.test.mjs	2	16252	16252	660	0	0	0×2	
sin-sonda	scrum611-tipo-iva-elegible.test.mjs	2	16251	16251	438	0	0	0×2	
sin-sonda	scrum265-margen-en-recibo.test.mjs	2	16245	16245	240	0	0	0×2	
sin-sonda	scrum627-censo-ciego.test.mjs	2	16232	16232	3004	0	0	0×2	
sin-sonda	scrum738-el-tablero-contra-el-arbol.test.mjs	2	16222	16222	680	0	0	0×2	
sin-sonda	scrum966-censo-ve-las-ramas.test.mjs	2	16217	16217	421	0	0	0×2	
sin-sonda	scrum249-latido-turno.test.mjs	2	16210	16210	49	0	0	0×2	
sin-sonda	scrum1270-pr-mudo-avisado-en-el-pr.test.mjs	2	16200	16200	68	0	0	0×2	
sin-sonda	scrum1175-horas-del-parte.test.mjs	2	16180	16180	68	0	0	0×2	
sin-sonda	scrum71c-voz-albaran-ui.test.mjs	2	16179	16179	75	0	0	0×2	
sin-sonda	scrum849-escritura-no-afloja.test.mjs	2	16176	16176	1983	0	0	0×2	
sin-sonda	scrum635-el-csv-sin-iva-y-con-coste.test.mjs	2	16175	16175	33	0	0	0×2	
sin-sonda	scrum666-banco-lee-css.test.mjs	2	16170	16170	295	0	0	0×2	
sin-sonda	scrum756-el-rechazo-se-ve.test.mjs	2	16167	16167	1627	0	0	0×2	
sin-sonda	scrum203-embudo-factura.test.mjs	2	16135	16135	3006	0	0	0×2	
sin-sonda	scrum634-banco-atributo-no-copiado.test.mjs	2	16110	16110	275	0	0	0×2	
sin-sonda	scrum511-exencion-por-mencion.test.mjs	2	16108	16108	6832	0	0	0×2	
sin-sonda	scrum1003-1004-vcard-como-llegar.test.mjs	2	16097	16097	732	0	0	0×2	
sin-sonda	scrum603-descripcion-en-el-pdf.test.mjs	2	16091	16091	492	0	0	0×2	
sin-sonda	scrum173-cadena-verifactu-serializada.test.mjs	2	16083	16083	73	0	0	0×2	
sin-sonda	scrum707-estado-no-contemplado.test.mjs	2	16075	16075	61	0	0	0×2	
sin-sonda	scrum402-marcador-no-se-pinta.test.mjs	2	15998	15998	1746	0	0	0×2	
sin-sonda	scrum1213-quoteadmin-tenencia-fail-closed.test.mjs	2	15987	15987	93	0	0	0×2	
sin-sonda	scrum1093-bulk-paid-hoy-de-madrugada.test.mjs	2	15977	15977	497	0	0	0×2	
sin-sonda	scrum284-dos-poblaciones.test.mjs	2	15946	15946	573	0	0	0×2	
sin-sonda	scrum915d-pasos-del-editor.test.mjs	2	15943	15943	2973	0	0	0×2	
sin-sonda	scrum1164-ocultar-en-receipt-inicio-planes.test.mjs	2	15937	15937	927	0	0	0×2	
sin-sonda	scrum857-union-de-vias.test.mjs	2	15932	15932	191	0	0	0×2	
sin-sonda	scrum629-telefono-que-no-se-destruye.test.mjs	2	15922	15922	228	0	0	0×2	
sin-sonda	scrum736-el-suelo-que-no-avisa.test.mjs	2	15893	15893	6423	0	0	0×2	
sin-sonda	scrum370-gastos-del-trabajo.test.mjs	2	15885	15885	33	0	0	0×2	
sin-sonda	scrum1189b-tipo-contra-la-ruta-real.test.mjs	2	15871	15871	623	0	0	0×2	
sin-sonda	scrum841-el-escritor-del-albaran.test.mjs	2	15803	15803	1426	0	0	0×2	
sin-sonda	scrum973-titulo-del-pr.test.mjs	2	15802	15802	156	0	0	0×2	
sin-sonda	scrum728d-ms-en-loopback.test.mjs	2	15783	15783	1822	0	0	0×2	
sin-sonda	scrum986-chip-whatsapp-en-la-lista.test.mjs	2	15776	15776	711	0	0	0×2	
sin-sonda	scrum647-presupuesto-tambien-neutral.test.mjs	2	15762	15762	792	0	0	0×2	
sin-sonda	scrum441-selector-metodo.test.mjs	2	15730	15730	41	0	0	0×2	
sin-sonda	scrum684-albaran-en-averia.test.mjs	2	15730	15730	46	0	0	0×2	
sin-sonda	billingPlan.test.mjs	2	15730	15730	39	0	0	0×2	
sin-sonda	scrum145-verifactu-xsd.test.mjs	2	15725	15725	115	0	0	0×2	
sin-sonda	scrum445-cobros-sin-duplicar.test.mjs	2	15706	15706	112	0	0	0×2	
sin-sonda	scrum313-continuidad-numeracion.test.mjs	2	15660	15660	161	0	0	0×2	
sin-sonda	scrum1291-fusion-mueve-direcciones-de-obra.test.mjs	2	15637	15637	337	0	0	0×2	
sin-sonda	scrum604b-desglose-presupuesto.test.mjs	2	15631	15631	776	0	0	0×2	
sin-sonda	scrum226-url-credencial-en-argv.test.mjs	2	15617	15617	5310	0	0	0×2	
sin-sonda	scrum1186-textos-al-duplicar-y-borrador.test.mjs	2	15617	15617	2794	0	0	0×2	
sin-sonda	scrum951d-ensayo-instalacion.test.mjs	2	15615	15615	46	0	0	0×2	
sin-sonda	scrum71-voz-albaran.test.mjs	2	15614	15614	141	0	0	0×2	
sin-sonda	scrum207-misma-tx.test.mjs	2	15610	15610	917	0	0	0×2	
sin-sonda	scrum769-el-motivo-de-las-dos-que-no.test.mjs	2	15570	15570	847	0	0	0×2	
sin-sonda	scrum983-la-ficha-360-carga-lo-que-edita.test.mjs	2	15558	15558	1136	0	0	0×2	
sin-sonda	scrum681-esperar-la-condicion.test.mjs	2	15535	15535	44	0	0	0×2	
sin-sonda	scrum864-el-temporal-que-se-borra.test.mjs	2	15531	15531	95	0	0	0×2	
sin-sonda	scrum548-peaje-package-json.test.mjs	2	15530	15530	59	0	0	0×2	
sin-sonda	scrum351-diagnostico-dependencias.test.mjs	2	15516	15516	74	0	0	0×2	
sin-sonda	scrum694-los-guards-migrados.test.mjs	2	15483	15483	4659	0	0	0×2	
sin-sonda	scrum415-version-del-sello.test.mjs	2	15461	15461	34	0	0	0×2	
sin-sonda	scrum907-cobrado-de-mas.test.mjs	2	15456	15456	595	0	0	0×2	
sin-sonda	scrum403-beneficio-sin-iva.test.mjs	2	15416	15416	429	0	0	0×2	
sin-sonda	scrum1257-vacio-facturas-segun-modo.test.mjs	2	15411	15411	609	0	0	0×2	
sin-sonda	scrum837-decisiones-encerradas.test.mjs	2	15392	15392	8173	0	0	0×2	
sin-sonda	scrum398-vocabulario-de-cobro.test.mjs	2	15385	15385	389	0	0	0×2	
sin-sonda	scrum460-precarga-al-movil.test.mjs	2	15341	15341	608	0	0	0×2	
sin-sonda	scrum1371-reintentar-no-vuelve-a-crear.test.mjs	2	15338	15338	907	0	0	0×2	
sin-sonda	scrum590b-el-campo-en-la-pantalla.test.mjs	2	15277	15277	987	0	0	0×2	
sin-sonda	scrum801-el-respaldo-de-la-n.test.mjs	2	15262	15262	2251	0	0	0×2	
sin-sonda	scrum655c-pantalla-revisiones.test.mjs	2	15245	15245	297	0	0	0×2	
sin-sonda	scrum1302f-envio-sin-telefono.test.mjs	2	15223	15223	884	0	0	0×2	
sin-sonda	scrum742-internos-de-prisma.test.mjs	2	15223	15223	6172	0	0	0×2	
sin-sonda	scrum575-nif-espanol.test.mjs	2	15220	15220	41	0	0	0×2	
sin-sonda	scrum293-cero-literales-retencion.test.mjs	2	15174	15174	1376	0	0	0×2	
sin-sonda	scrum440-tenencia-supresion.test.mjs	2	15138	15138	1915	0	0	0×2	
sin-sonda	scrum815-el-modelo-apunta-a-la-tabla.test.mjs	2	15136	15136	71	0	0	0×2	
sin-sonda	scrum378-carga-por-pagina.test.mjs	2	15128	15128	3747	0	0	0×2	
sin-sonda	scrum748-no-lo-se-no-es-al-dia.test.mjs	2	15127	15127	1058	0	0	0×2	
sin-sonda	scrum315-checklist-hasta-el-cobro.test.mjs	2	14965	14965	47	0	0	0×2	
sin-sonda	scrum228-desglose-empleado-suma.test.mjs	2	14915	14915	436	0	0	0×2	
sin-sonda	scrum293-tres-estados-retencion.test.mjs	2	14870	14870	47	0	0	0×2	
sin-sonda	scrum904-completar-lleva-al-campo.test.mjs	2	14862	14862	67	0	0	0×2	
sin-sonda	scrum908c-la-cola-que-se-pierde.test.mjs	2	14842	14842	4264	0	0	0×2	
sin-sonda	scrum349-copy-no-comentarios.test.mjs	2	14832	14832	931	0	0	0×2	
sin-sonda	scrum1164-ocultar-en-receipt-ficha-trabajo.test.mjs	2	14827	14827	1182	0	0	0×2	
sin-sonda	scrum382-foto-duplicada.test.mjs	2	14820	14820	33	0	0	0×2	
sin-sonda	scrum777-el-modal-escondido-no-mata-la-n.test.mjs	2	14813	14813	1653	0	0	0×2	
sin-sonda	scrum302-patron-albaran.test.mjs	2	14795	14795	43	0	0	0×2	
sin-sonda	scrum609b-switch-tipo-articulo.test.mjs	2	14780	14780	315	0	0	0×2	
sin-sonda	scrum792-barra-alcanzable-en-movil.test.mjs	2	14768	14768	676	0	0	0×2	
sin-sonda	scrum776-una-sola-voz.test.mjs	2	14767	14767	214	0	0	0×2	
sin-sonda	scrum271-cantidad-sin-inventar.test.mjs	2	14750	14750	41	0	0	0×2	
sin-sonda	scrum367-quote-line-index.test.mjs	2	14740	14740	338	0	0	0×2	
sin-sonda	scrum960-nif-del-proveedor.test.mjs	2	14735	14735	223	0	0	0×2	
sin-sonda	scrum554-el-censo-no-confunde-el-numero.test.mjs	2	14712	14712	1036	0	0	0×2	
sin-sonda	scrum328-aviso-bizum-sin-telefono.test.mjs	2	14696	14696	81	0	0	0×2	
sin-sonda	scrum832-atras-vuelve-a-la-lista.test.mjs	2	14691	14691	465	0	0	0×2	
sin-sonda	scrum1175c-datos-del-parte-plegados.test.mjs	2	14677	14677	798	0	0	0×2	
sin-sonda	scrum266-ttl-desatado.test.mjs	2	14671	14671	892	0	0	0×2	
sin-sonda	scrum1070-vivas-relevo.test.mjs	2	14671	14671	42	0	0	0×2	
sin-sonda	scrum694c-el-corte-a-pelo.test.mjs	2	14667	14667	528	0	0	0×2	
sin-sonda	scrum570-cr-en-disco.test.mjs	2	14645	14645	40	0	0	0×2	
sin-sonda	scrum265-timeouts-tanda.test.mjs	2	14636	14636	373	0	0	0×2	
sin-sonda	scrum854-todo-merge-deja-entrada.test.mjs	2	14617	14617	203	0	0	0×2	
sin-sonda	scrum650-asignacion-a-varios.test.mjs	2	14611	14611	76	0	0	0×2	
sin-sonda	scrum860-trinquete-del-select.test.mjs	2	14599	14599	5049	0	0	0×2	
sin-sonda	scrum625-formato-importe-pdf.test.mjs	2	14597	14597	847	0	0	0×2	
sin-sonda	scrum37-plan-front-vs-back.test.mjs	2	14595	14595	41	0	0	0×2	
sin-sonda	scrum804b-el-barrido-de-la-42.test.mjs	2	14591	14591	10912	0	0	0×2	
sin-sonda	scrum297-paquete-piezas.test.mjs	2	14575	14575	370	0	0	0×2	
sin-sonda	scrum412-primaria-nunca-es-sm.test.mjs	2	14541	14541	243	0	0	0×2	
sin-sonda	scrum708-el-fichero-que-no-corre.test.mjs	2	14539	14539	5047	0	0	0×2	
sin-sonda	scrum786-irreversibles-44px.test.mjs	2	14523	14523	475	0	0	0×2	
sin-sonda	scrum505-dato-personal-en-contenido.test.mjs	2	14497	14497	38	0	0	0×2	
sin-sonda	scrum643-huso-del-sello-fiscal.test.mjs	2	14497	14497	438	0	0	0×2	
sin-sonda	scrum888c-descuentos-en-lineas.test.mjs	2	14488	14488	147	0	0	0×2	
sin-sonda	scrum850-la-poblacion-del-instrumento.test.mjs	2	14482	14482	1963	0	0	0×2	
sin-sonda	scrum815-referido-una-sola-vez.test.mjs	2	14482	14482	35	0	0	0×2	
sin-sonda	scrum1382-borrador-no-es-fallo-real.test.mjs	2	14477	14477	99	0	0	0×2	
sin-sonda	scrum259-diagnostico-ausencia.test.mjs	2	14444	14444	43	0	0	0×2	
sin-sonda	scrum793-la-carrera-del-token.test.mjs	2	14420	14420	32	0	0	0×2	
sin-sonda	scrum474-filtro-cobros-un-cubo.test.mjs	2	14397	14397	559	0	0	0×2	
sin-sonda	scrum210-semaforo-payload.test.mjs	2	14355	14355	43	0	0	0×2	
sin-sonda	scrum686-cabecera-y-pie-viajan.test.mjs	2	14332	14332	39	0	0	0×2	
sin-sonda	scrum589-nombre-por-documento.test.mjs	2	14331	14331	128	0	0	0×2	
sin-sonda	scrum1365-cobrar-resto-solo-aceptados.test.mjs	2	14328	14328	435	0	0	0×2	
sin-sonda	scrum1193-mas-acciones-44.test.mjs	2	14317	14317	356	0	0	0×2	
sin-sonda	scrum521-resolvedor-de-importadores.test.mjs	2	14299	14299	1588	0	0	0×2	
sin-sonda	scrum1296-esquema-cola.test.mjs	2	14297	14297	353	0	0	0×2	
sin-sonda	scrum83-render-paralelo.test.mjs	2	14231	14231	183	0	0	0×2	
sin-sonda	scrum413-tipo-factura-cerrado.test.mjs	2	14227	14227	1887	0	0	0×2	
sin-sonda	scrum918-arranque-sin-red.test.mjs	2	14211	14211	46	0	0	0×2	
sin-sonda	scrum768-listas-sin-atajo.test.mjs	2	14203	14203	8000	0	0	0×2	
sin-sonda	scrum294b-devengo-por-cobro.test.mjs	2	14199	14199	55	0	0	0×2	
sin-sonda	scrum692-un-formulario-no-borra-lo-que-no-muestra.test.mjs	2	14153	14153	754	0	0	0×2	
sin-sonda	scrum728-serie-ocupada-postgres.test.mjs	2	14146	14146	15034	0	0	0×2	
sin-sonda	scrum624c-total-canonico.test.mjs	2	14128	14128	758	0	0	0×2	
sin-sonda	scrum3-bizum-auto.test.mjs	2	14125	14125	37	0	0	0×2	
sin-sonda	scrum815-idempotencia-del-webhook.test.mjs	2	14118	14118	1211	0	0	0×2	
sin-sonda	scrum979-ultima-visita.test.mjs	2	14112	14112	583	0	0	0×2	
sin-sonda	scrum475-un-solo-emisor.test.mjs	2	14107	14107	513	0	0	0×2	
sin-sonda	scrum1331-sin-red-se-dice.test.mjs	2	14094	14094	1189	0	0	0×2	
sin-sonda	scrum593c-todas-las-puertas-del-documento.test.mjs	2	14047	14047	488	0	0	0×2	
sin-sonda	scrum746-barrera-y-punto-de-conexion.test.mjs	2	14037	14037	104	0	0	0×2	
sin-sonda	scrum858b-la-tanda-sin-veredicto.test.mjs	2	14034	14034	8940	0	0	0×2	
sin-sonda	scrum294a-recargo-en-cliente.test.mjs	2	14031	14031	76	0	0	0×2	
sin-sonda	scrum170-facturacion-parcial.test.mjs	2	14012	14012	76	0	0	0×2	
sin-sonda	scrum153d-ui-anular.test.mjs	2	13995	13995	44	0	0	0×2	
sin-sonda	scrum1239-alta-cliente-sin-conexion.test.mjs	2	13983	13983	1044	0	0	0×2	
sin-sonda	scrum1214-clasificador-apretado.test.mjs	2	13977	13977	42	0	0	0×2	
sin-sonda	scrum502-pasarela-no-resucita-anulada.test.mjs	2	13942	13942	90	0	0	0×2	
sin-sonda	scrum1287-descripcion-no-se-corta.test.mjs	2	13933	13933	529	0	0	0×2	
sin-sonda	scrum877-la-novena-a-pelo.test.mjs	2	13929	13929	1650	0	0	0×2	
sin-sonda	scrum705-procedimiento-unico.test.mjs	2	13918	13918	432	0	0	0×2	
sin-sonda	scrum726-quien-firma-la-microcopy.test.mjs	2	13918	13918	204	0	0	0×2	
sin-sonda	scrum711b-escritorio-36.test.mjs	2	13916	13916	408	0	0	0×2	
sin-sonda	scrum1380-suelo-corrio-y-no-reporto.test.mjs	2	13912	13912	30	0	0	0×2	
sin-sonda	scrum472-seed-no-fabrica-firmas.test.mjs	2	13868	13868	3517	0	0	0×2	
sin-sonda	scrum263-sin-lineas-409.test.mjs	2	13863	13863	510	0	0	0×2	
sin-sonda	scrum728b-aviso-legible.test.mjs	2	13838	13838	754	0	0	0×2	
sin-sonda	scrum1223-motivos-de-rechazo.test.mjs	2	13826	13826	31	0	0	0×2	
sin-sonda	scrum183-consola-e2e.test.mjs	2	13805	13805	36	0	0	0×2	
sin-sonda	scrum244-puerta-portabilidad.test.mjs	2	13721	13721	509	0	0	0×2	
sin-sonda	scrum433-dispatch-sin-camino.test.mjs	2	13712	13712	506	0	0	0×2	
sin-sonda	scrum624-cuantos-sitios-calculan-dinero.test.mjs	2	13712	13712	1764	0	0	0×2	
sin-sonda	scrum1170-seccion-facturas-modo-recibo.test.mjs	2	13703	13703	720	0	0	0×2	
sin-sonda	scrum1169-linea-tiempo-modo-recibo.test.mjs	2	13703	13703	704	0	0	0×2	
sin-sonda	scrum637-un-numero-una-regla.test.mjs	2	13668	13668	236	0	0	0×2	
sin-sonda	scrum705-cadena-tecnosel.test.mjs	2	13663	13663	1251	0	0	0×2	
sin-sonda	scrum807-esquemas-del-href.test.mjs	2	13602	13602	431	0	0	0×2	
sin-sonda	scrum274-huella-estaticos.test.mjs	2	13571	13571	97	0	0	0×2	
sin-sonda	scrum297-lector-paquete-v2.test.mjs	2	13566	13566	330	0	0	0×2	
sin-sonda	billingPlanView.test.mjs	2	13542	13542	41	0	0	0×2	
sin-sonda	scrum1166-detalle-quote-tiene-numero.test.mjs	2	13527	13527	85	0	0	0×2	
sin-sonda	scrum910-la-transferencia-que-no-mira.test.mjs	2	13518	13518	452	0	0	0×2	
sin-sonda	scrum37-editar-tramos.test.mjs	2	13511	13511	29	0	0	0×2	
sin-sonda	scrum453-precache-con-huella.test.mjs	2	13496	13496	29	0	0	0×2	
sin-sonda	scrum474-dos-copias-atadas.test.mjs	2	13474	13474	2466	0	0	0×2	
sin-sonda	scrum765-la-puerta-y-el-suelo.test.mjs	2	13474	13474	14120	0	0	0×2	
sin-sonda	scrum965-un-solo-documento.test.mjs	2	13456	13456	54	0	0	0×2	
sin-sonda	scrum405-descarga-verificada.test.mjs	2	13453	13453	951	0	0	0×2	
sin-sonda	scrum180-fixtures-nunca-a-meta.test.mjs	2	13376	13376	174	0	0	0×2	
sin-sonda	scrum462-firmado-sin-sobre.test.mjs	2	13358	13358	773	0	0	0×2	
sin-sonda	scrum895-boton-imposible.test.mjs	2	13326	13326	59	0	0	0×2	
sin-sonda	scrum368-contraste-tokens.test.mjs	2	13296	13296	29	0	0	0×2	
sin-sonda	scrum334-destino-de-los-cta.test.mjs	2	13291	13291	857	0	0	0×2	
sin-sonda	scrum1127-sif-cola.test.mjs	2	13286	13286	38	0	0	0×2	
sin-sonda	scrum339-importador-productos.test.mjs	2	13282	13282	126	0	0	0×2	
sin-sonda	scrum810b-los-suelos-derivados.test.mjs	2	13257	13257	4454	0	0	0×2	
sin-sonda	scrum364-cambiar-gremio.test.mjs	2	13237	13237	425	0	0	0×2	
sin-sonda	scrum928b-el-veredicto-que-el-color-tapa.test.mjs	2	13234	13234	742	0	0	0×2	
sin-sonda	scrum1135-etiquetar-seleccion.test.mjs	2	13233	13233	1026	0	0	0×2	
sin-sonda	scrum590-el-movil-es-el-canal.test.mjs	2	13222	13222	165	0	0	0×2	
sin-sonda	scrum850b-las-formas-que-mienten.test.mjs	2	13219	13219	4120	0	0	0×2	
sin-sonda	scrum1033-1034-cabecera-etiquetas-cliente.test.mjs	2	13215	13215	5604	0	0	0×2	
sin-sonda	scrum1321-el-resumen-no-prueba-el-final.test.mjs	2	13194	13194	686	0	0	0×2	
sin-sonda	scrum218-flag-fiscal-auditado.test.mjs	2	13156	13156	102	0	0	0×2	
sin-sonda	scrum25-entrega-zip.test.mjs	2	13142	13142	119	0	0	0×2	
sin-sonda	scrum1205-cobrar-resto-lista-modo.test.mjs	2	13108	13108	1065	0	0	0×2	
sin-sonda	scrum1106-respuestas-ia-no-son-del-asesor.test.mjs	2	13106	13106	50	0	0	0×2	
sin-sonda	scrum1269-retencion-irpf-se-guarda.test.mjs	2	13101	13101	152	0	0	0×2	
sin-sonda	scrum436-un-solo-formato-euros.test.mjs	2	13098	13098	1360	0	0	0×2	
sin-sonda	scrum431-sobre-lee-vivo.test.mjs	2	13087	13087	45	0	0	0×2	
sin-sonda	scrum844b-que-documento-se-declara.test.mjs	2	13072	13072	112	0	0	0×2	
sin-sonda	scrum37b-agregacion-por-job.test.mjs	2	13066	13066	101	0	0	0×2	
sin-sonda	scrum164-gate-por-campo.test.mjs	2	13051	13051	81	0	0	0×2	
sin-sonda	scrum457-logout-purga-claves.test.mjs	2	13048	13048	1279	0	0	0×2	
sin-sonda	scrum151-sin-tramos.test.mjs	2	13045	13045	68	0	0	0×2	
sin-sonda	scrum661-el-coste-no-llega-al-papel.test.mjs	2	13043	13043	969	0	0	0×2	
sin-sonda	scrum138-export-selectivo.test.mjs	2	13036	13036	78	0	0	0×2	
sin-sonda	scrum324-cadena-hasta-el-libro.test.mjs	2	13012	13012	1055	0	0	0×2	
sin-sonda	invoiceNumber.test.mjs	2	13011	13011	99	0	0	0×2	
sin-sonda	scrum240-sobre-unico.test.mjs	2	13003	13003	1985	0	0	0×2	
sin-sonda	scrum534d-extractores-a-mano.test.mjs	2	12975	12975	385	0	0	0×2	
sin-sonda	scrum910d-microcopy-recibo-pendiente.test.mjs	2	12924	12924	348	0	0	0×2	
sin-sonda	scrum1188-plantilla-guarda-el-cobro.test.mjs	2	12909	12909	5021	0	0	0×2	
sin-sonda	scrum245-exencion-demo.test.mjs	2	12892	12892	428	0	0	0×2	
sin-sonda	scrum1285c-censo-escrituras-sin-version.test.mjs	2	12891	12891	1101	0	0	0×2	
sin-sonda	scrum844-sellar-dentro-de-transaccion.test.mjs	2	12888	12888	109	0	0	0×2	
sin-sonda	scrum1245b-patron-de-la-tanda-entre-comillas.test.mjs	2	12823	12823	426	0	0	0×2	
sin-sonda	scrum153b-annulled-vistas.test.mjs	2	12821	12821	51	0	0	0×2	
sin-sonda	scrum992-partes-recortan-por-rol.test.mjs	2	12819	12819	2292	0	0	0×2	
sin-sonda	scrum463-firmante-ve-el-contenido.test.mjs	2	12798	12798	436	0	0	0×2	
sin-sonda	scrum62-albaran-ventana.test.mjs	2	12786	12786	76	0	0	0×2	
sin-sonda	scrum815-disputa-una-sola-vez.test.mjs	2	12759	12759	112	0	0	0×2	
sin-sonda	scrum191-paid-via.test.mjs	2	12736	12736	44	0	0	0×2	
sin-sonda	scrum495-tres-registros.test.mjs	2	12732	12732	53	0	0	0×2	
sin-sonda	scrum772-rechazo-iva-visible.test.mjs	2	12701	12701	402	0	0	0×2	
sin-sonda	scrum286-censo-nuevo-presupuesto.test.mjs	2	12695	12695	567	0	0	0×2	
sin-sonda	scrum1142-irreversibles-factura-44.test.mjs	2	12679	12679	559	0	0	0×2	
sin-sonda	scrum618-leer-el-ci.test.mjs	2	12627	12627	31	0	0	0×2	
sin-sonda	scrum496-anulada-no-vuelve-en-lote.test.mjs	2	12627	12627	125	0	0	0×2	
sin-sonda	scrum648b-motivo-del-ambar.test.mjs	2	12617	12617	355	0	0	0×2	
sin-sonda	scrum894-falta-en-otra-pestana.test.mjs	2	12577	12577	60	0	0	0×2	
sin-sonda	scrum147-roles-fail-closed.test.mjs	2	12557	12557	79	0	0	0×2	
sin-sonda	scrum1285b-plan-de-cobro-con-version.test.mjs	2	12554	12554	256	0	0	0×2	
sin-sonda	scrum1041-facturas-emitidas-sin-marcador.test.mjs	2	12542	12542	294	0	0	0×2	
sin-sonda	scrum650b-tres-ejes.test.mjs	2	12527	12527	50	0	0	0×2	
sin-sonda	scrum1363-tests-que-cubren.test.mjs	2	12510	12510	9351	0	0	0×2	
sin-sonda	scrum988-revisiones-en-la-ficha.test.mjs	2	12474	12474	920	0	0	0×2	
sin-sonda	scrum784-el-cuarto-veredicto.test.mjs	2	12449	12449	3353	0	0	0×2	
sin-sonda	scrum377-plural-de-programador.test.mjs	2	12418	12418	201	0	0	0×2	
sin-sonda	scrum729-el-cliente-congelado-en-el-cliente.test.mjs	2	12413	12413	52	0	0	0×2	
sin-sonda	scrum140-plantilla-argumento.test.mjs	2	12378	12378	251	0	0	0×2	
sin-sonda	scrum604-desglose-en-el-pdf.test.mjs	2	12363	12363	522	0	0	0×2	
sin-sonda	scrum794-un-solo-anadir-linea.test.mjs	2	12353	12353	785	0	0	0×2	
sin-sonda	scrum835-credenciales-en-el-historial.test.mjs	2	12350	12350	9246	0	0	0×2	
sin-sonda	scrum1271-importe-pendiente-de-facturar.test.mjs	2	12344	12344	318	0	0	0×2	
sin-sonda	scrum393-marcadores-de-conflicto.test.mjs	2	12338	12338	1015	0	0	0×2	
sin-sonda	scrum468-firma-ve-lo-que-firma.test.mjs	2	12338	12338	547	0	0	0×2	
sin-sonda	whatsappLog.test.mjs	2	12300	12300	112	0	0	0×2	
sin-sonda	scrum609-margen-catalogo.test.mjs	2	12296	12296	31	0	0	0×2	
sin-sonda	scrum69-pendientes-facturar.test.mjs	2	12257	12257	333	0	0	0×2	
sin-sonda	scrum1397-el-tecnico-ve-sus-facturas.test.mjs	2	12245	12245	3281	0	0	0×2	
sin-sonda	scrum139-cuadernillo.test.mjs	2	12197	12197	82	0	0	0×2	
sin-sonda	scrum473-metodo-validado.test.mjs	2	12192	12192	42	0	0	0×2	
sin-sonda	scrum1229-firma-del-tecnico-viaje.test.mjs	2	12189	12189	722	0	0	0×2	
sin-sonda	scrum632-los-dos-cortes-de-la-linea.test.mjs	2	12178	12178	53	0	0	0×2	
sin-sonda	scrum815-el-correo-una-sola-vez.test.mjs	2	12160	12160	315	0	0	0×2	
sin-sonda	scrum743b-cantidad-presencial-igual-que-remota.test.mjs	2	12114	12114	753	0	0	0×2	
sin-sonda	scrum814-recuento-dentro.test.mjs	2	12094	12094	510	0	0	0×2	
sin-sonda	scrum206-sin-huella-no-salen-bytes.test.mjs	2	12082	12082	417	0	0	0×2	
sin-sonda	scrum700-filtros-de-comentario.test.mjs	2	12079	12079	278	0	0	0×2	
sin-sonda	scrum675-ancla-por-identidad.test.mjs	2	12078	12078	35	0	0	0×2	
sin-sonda	scrum424-lugar-al-crear.test.mjs	2	12067	12067	31	0	0	0×2	
sin-sonda	scrum347-origen-de-la-factura.test.mjs	2	12063	12063	848	0	0	0×2	
sin-sonda	scrum244-registro-portabilidad.test.mjs	2	12061	12061	113	0	0	0×2	
sin-sonda	scrum205-un-solo-punto-de-sellado.test.mjs	2	12059	12059	2566	0	0	0×2	
sin-sonda	scrum81-allocate-flags.test.mjs	2	12058	12058	83	0	0	0×2	
sin-sonda	scrum273-registro-por-fichero.test.mjs	2	12037	12037	45	0	0	0×2	
sin-sonda	scrum725b-el-aviso-se-pinta.test.mjs	2	12009	12009	665	0	0	0×2	
sin-sonda	scrum1093-quotenumber-zona-merchant.test.mjs	2	12004	12004	112	0	0	0×2	
sin-sonda	scrum1266-marca-dato-inventado.test.mjs	2	11999	11999	571	0	0	0×2	
sin-sonda	restauracion-del-arbol-ejecutable.test.mjs	2	11985	11985	3317	0	0	0×2	
sin-sonda	scrum727b-asignados-en-la-lista.test.mjs	2	11967	11967	331	0	0	0×2	
sin-sonda	scrum489-mp-no-inventa-metodo.test.mjs	2	11964	11964	608	0	0	0×2	
sin-sonda	scrum1089b-espejo-skills-agentes.test.mjs	2	11923	11923	54	0	0	0×2	
sin-sonda	scrum701-sellado-ve-las-dos-comillas.test.mjs	2	11917	11917	70	0	0	0×2	
sin-sonda	scrum338-carga-de-catalogo-no-muda.test.mjs	2	11917	11917	60	0	0	0×2	
sin-sonda	scrum1302a-marca-en-la-vista-de-oficina.test.mjs	2	11900	11900	498	0	0	0×2	
sin-sonda	scrum669-restos-de-doc08.test.mjs	2	11889	11889	564	0	0	0×2	
sin-sonda	dashboard-colision-declaraciones.test.mjs	2	11888	11888	846	0	0	0×2	
sin-sonda	scrum104-leeme-criterios.test.mjs	2	11887	11887	70	0	0	0×2	
sin-sonda	scrum715-consta-por-identidad.test.mjs	2	11884	11884	345	0	0	0×2	
sin-sonda	scrum372-un-dato-un-nombre.test.mjs	2	11864	11864	1449	0	0	0×2	
sin-sonda	scrum504-cantidad-vacia.test.mjs	2	11863	11863	415	0	0	0×2	
sin-sonda	scrum290-adicional.test.mjs	2	11856	11856	586	0	0	0×2	
sin-sonda	scrum985-el-aviso-de-importar-no-promete-excel.test.mjs	2	11853	11853	88	0	0	0×2	
sin-sonda	scrum1057b-fusion-clientes-postgres.test.mjs	2	11844	11844	848	0	0	0×2	
sin-sonda	scrum632c-el-payload-se-construye.test.mjs	2	11843	11843	38	0	0	0×2	
sin-sonda	scrum846c-trinquete-instrumentos-con-caso.test.mjs	2	11831	11831	5623	0	0	0×2	
sin-sonda	scrum917f-lo-que-falta.test.mjs	2	11827	11827	42	0	0	0×2	
sin-sonda	scrum246-sin-lineas-no-se-emite.test.mjs	2	11824	11824	2050	0	0	0×2	
sin-sonda	scrum728-seccion-critica-de-la-serie.test.mjs	2	11803	11803	1187	0	0	0×2	
sin-sonda	scrum226-url-bd-sin-parseo-a-mano.test.mjs	2	11799	11799	4531	0	0	0×2	
sin-sonda	scrum865-un-solo-minimo-para-la-landing.test.mjs	2	11767	11767	289	0	0	0×2	
sin-sonda	scrum810-el-suelo-a-la-primera.test.mjs	2	11749	11749	2729	0	0	0×2	
sin-sonda	scrum908-la-muda-se-explica.test.mjs	2	11743	11743	339	0	0	0×2	
sin-sonda	scrum381-scripts-cargables.test.mjs	2	11725	11725	2877	0	0	0×2	
sin-sonda	scrum881-el-detector-sin-fecha.test.mjs	2	11723	11723	135	0	0	0×2	
sin-sonda	scrum624b-guardado-vs-impreso.test.mjs	2	11699	11699	487	0	0	0×2	
sin-sonda	scrum441-cobros-leen-paid-via.test.mjs	2	11688	11688	109	0	0	0×2	
sin-sonda	scrum486-preferencia-traducida.test.mjs	2	11679	11679	680	0	0	0×2	
sin-sonda	scrum804-el-guard-no-es-el-numero.test.mjs	2	11662	11662	365	0	0	0×2	
sin-sonda	scrum720-marcadores-en-lo-pintado.test.mjs	2	11658	11658	44	0	0	0×2	
sin-sonda	scrum747-validar-antes-de-normalizar.test.mjs	2	11634	11634	1512	0	0	0×2	
sin-sonda	scrum139-acciones-linea.test.mjs	2	11612	11612	83	0	0	0×2	
sin-sonda	scrum427-notas-internas-detalle.test.mjs	2	11598	11598	585	0	0	0×2	
sin-sonda	scrum467-tecnico-ve-lo-suyo.test.mjs	2	11588	11588	75	0	0	0×2	
sin-sonda	scrum749-la-primitiva-que-normaliza.test.mjs	2	11588	11588	269	0	0	0×2	
sin-sonda	scrum1216a-serie-sin-promesa.test.mjs	2	11587	11587	515	0	0	0×2	
sin-sonda	scrum1061-fotos-en-historial.test.mjs	2	11584	11584	544	0	0	0×2	
sin-sonda	scrum272-criterio-referencial.test.mjs	2	11557	11557	33	0	0	0×2	
sin-sonda	scrum139-plantillas-rapidas.test.mjs	2	11537	11537	79	0	0	0×2	
sin-sonda	scrum475-schema-vs-sql.test.mjs	2	11523	11523	2652	0	0	0×2	
sin-sonda	scrum1184-serie-siguiente-numero.test.mjs	2	11518	11518	426	0	0	0×2	
sin-sonda	scrum685b-parte-numero-unico.test.mjs	2	11503	11503	372	0	0	0×2	
sin-sonda	scrum1040-facturas-recibidas-servidor.test.mjs	2	11498	11498	134	0	0	0×2	
sin-sonda	scrum375-recarga-no-es-escritura.test.mjs	2	11463	11463	320	0	0	0×2	
sin-sonda	scrum293-retencion-control-negativo.test.mjs	2	11463	11463	36	0	0	0×2	
sin-sonda	scrum139-hoja-ajustes.test.mjs	2	11457	11457	100	0	0	0×2	
sin-sonda	scrum171b-periodicidad-aviso.test.mjs	2	11442	11442	325	0	0	0×2	
sin-sonda	scrum797-el-dueno-se-escribe.test.mjs	2	11413	11413	4343	0	0	0×2	
sin-sonda	scrum886-exportar-clientes-desde-clientes.test.mjs	2	11400	11400	1563	0	0	0×2	
sin-sonda	scrum1136-columnas-reconocidas-llegan.test.mjs	2	11379	11379	771	0	0	0×2	
sin-sonda	scrum1278-banco-dice-no-medida.test.mjs	2	11374	11374	519	0	0	0×2	
sin-sonda	scrum302-rotulos-completos.test.mjs	2	11357	11357	452	0	0	0×2	
sin-sonda	scrum446-cabecera-modal.test.mjs	2	11313	11313	394	0	0	0×2	
sin-sonda	scrum703-rotulos-del-tipo.test.mjs	2	11298	11298	39	0	0	0×2	
sin-sonda	scrum601-copy-del-documento-vs-flag.test.mjs	2	11278	11278	4264	0	0	0×2	
sin-sonda	scrum404-trazo-no-se-pierde.test.mjs	2	11269	11269	474	0	0	0×2	
sin-sonda	scrum737-cifra-con-arbol-y-hora.test.mjs	2	11265	11265	9664	0	0	0×2	
sin-sonda	scrum544-reserva-barra-anuncio.test.mjs	2	11248	11248	29	0	0	0×2	
sin-sonda	scrum543-landing-a11y.test.mjs	2	11227	11227	36	0	0	0×2	
sin-sonda	scrum864c-el-temporal-no-vuelve.test.mjs	2	11219	11219	807	0	0	0×2	
sin-sonda	scrum593d-viaje-completo-del-texto.test.mjs	2	11203	11203	83	0	0	0×2	
sin-sonda	scrum1154-google-encargado.test.mjs	2	11143	11143	95	0	0	0×2	
sin-sonda	scrum935b-main-no-cancela.test.mjs	2	11138	11138	31	0	0	0×2	
sin-sonda	scrum340-la-plaza-comprada.test.mjs	2	11088	11088	104	0	0	0×2	
sin-sonda	scrum149-sin-lineas-no-sella.test.mjs	2	11082	11082	134	0	0	0×2	
sin-sonda	scrum1230-colocar-lineas-dictadas.test.mjs	2	11079	11079	655	0	0	0×2	
sin-sonda	scrum1307-negarse-con-envios.test.mjs	2	11073	11073	28	0	0	0×2	
sin-sonda	scrum817-orden-del-detalle-del-trabajo.test.mjs	2	11069	11069	611	0	0	0×2	
sin-sonda	scrum673-arranque-no-produce-veredicto.test.mjs	2	11063	11063	37	0	0	0×2	
sin-sonda	scrum940-el-censo-de-suelos.test.mjs	2	11049	11049	283	0	0	0×2	
sin-sonda	scrum498-cifra-derivada.test.mjs	2	11043	11043	159	0	0	0×2	
sin-sonda	scrum368-residuo-btn-sm.test.mjs	2	11037	11037	1018	0	0	0×2	
sin-sonda	scrum182-arbol-movido.test.mjs	2	10992	10992	66	0	0	0×2	
sin-sonda	scrum207-emision-auditada.test.mjs	2	10990	10990	139	0	0	0×2	
sin-sonda	scrum1226-firma-no-baja-el-estado.test.mjs	2	10970	10970	238	0	0	0×2	
sin-sonda	scrum699-tabla-en-su-carril.test.mjs	2	10918	10918	544	0	0	0×2	
sin-sonda	scrum927-el-censo-de-los-censos.test.mjs	2	10894	10894	295	0	0	0×2	
sin-sonda	scrum1257-p8-detalle-receipt-sin-justificantes.test.mjs	2	10865	10865	1305	0	0	0×2	
sin-sonda	scrum767-portal-token.test.mjs	2	10843	10843	803	0	0	0×2	
sin-sonda	scrum1280-nombres-no-declarados.test.mjs	2	10838	10838	4447	0	0	0×2	
sin-sonda	scrum646-cortafuegos-defaultvat.test.mjs	2	10825	10825	1386	0	0	0×2	
sin-sonda	scrum824b-el-sha-que-parecia-un-numero.test.mjs	2	10814	10814	32	0	0	0×2	
sin-sonda	scrum730-ruta-desde-import-meta.test.mjs	2	10795	10795	3117	0	0	0×2	
sin-sonda	scrum1281-fixture-git-raiz-propia.test.mjs	2	10731	10731	1995	0	0	0×2	
sin-sonda	scrum1272-anulada-no-es-deuda.test.mjs	2	10714	10714	614	0	0	0×2	
sin-sonda	scrum471-node-modules-al-dia.test.mjs	2	10708	10708	60	0	0	0×2	
sin-sonda	scrum547-el-documento-que-nadie-mira.test.mjs	2	10665	10665	160	0	0	0×2	
sin-sonda	scrum1171-whatsapp-y-llamar-en-el-trabajo.test.mjs	2	10665	10665	584	0	0	0×2	
sin-sonda	scrum406-canal-prometido-existe.test.mjs	2	10639	10639	171	0	0	0×2	
sin-sonda	scrum1318-resend-dice-si-salio.test.mjs	2	10604	10604	152	0	0	0×2	
sin-sonda	scrum1212-correo-aceptado-sin-emitir-factura.test.mjs	2	10589	10589	70	0	0	0×2	
sin-sonda	scrum442-facturas-sin-justificantes.test.mjs	2	10583	10583	34	0	0	0×2	
sin-sonda	scrum1032-contacto-con-un-toque.test.mjs	2	10574	10574	577	0	0	0×2	
sin-sonda	scrum512-el-pago-no-se-olvida.test.mjs	2	10558	10558	40	0	0	0×2	
sin-sonda	scrum804f-la-rama-sin-slug.test.mjs	2	10554	10554	34	0	0	0×2	
sin-sonda	scrum592-concurrencia-serie.test.mjs	2	10550	10550	29	0	0	0×2	
sin-sonda	scrum804h-la-fase-con-corte.test.mjs	2	10549	10549	34	0	0	0×2	
sin-sonda	scrum665e-el-escritor-del-emisor.test.mjs	2	10518	10518	108	0	0	0×2	
sin-sonda	scrum1288-dinero-es-en-avisos-s1.test.mjs	2	10495	10495	619	0	0	0×2	
sin-sonda	scrum825-rama-justificante-retirada.test.mjs	2	10484	10484	1173	0	0	0×2	
sin-sonda	scrum1263-gancho-pre-push.test.mjs	2	10450	10450	589	0	0	0×2	
sin-sonda	scrum245-sin-listas-blancas.test.mjs	2	10449	10449	1306	0	0	0×2	
sin-sonda	scrum55-admin-fail-closed.test.mjs	2	10440	10440	756	0	0	0×2	
sin-sonda	scrum197-parse-cuenta.test.mjs	2	10439	10439	31	0	0	0×2	
sin-sonda	scrum901-banco-fiel-a-la-inicio.test.mjs	2	10433	10433	551	0	0	0×2	
sin-sonda	scrum247-productor-constante.test.mjs	2	10420	10420	1443	0	0	0×2	
sin-sonda	scrum373-avisos-facturas.test.mjs	2	10409	10409	430	0	0	0×2	
sin-sonda	scrum1049-resumen-trimestre.test.mjs	2	10400	10400	457	0	0	0×2	
sin-sonda	scrum795-el-portal-en-la-ficha.test.mjs	2	10380	10380	344	0	0	0×2	
sin-sonda	scrum283-censo-acciones-factura.test.mjs	2	10378	10378	604	0	0	0×2	
sin-sonda	scrum1022-importa-xlsx-real.test.mjs	2	10373	10373	401	0	0	0×2	
sin-sonda	whatsappPolicy.test.mjs	2	10363	10363	46	0	0	0×2	
sin-sonda	scrum68-evidencias-firma.test.mjs	2	10354	10354	387	0	0	0×2	
sin-sonda	flags.test.mjs	2	10331	10331	43	0	0	0×2	
sin-sonda	scrum285-censo-cobro-factura.test.mjs	2	10312	10312	467	0	0	0×2	
sin-sonda	scrum961b-el-nif-que-no-cuela.test.mjs	2	10278	10278	97	0	0	0×2	
sin-sonda	scrum416-ayuda-dentro.test.mjs	2	10263	10263	55	0	0	0×2	
sin-sonda	scrum3b-selector-bizum.test.mjs	2	10232	10232	52	0	0	0×2	
sin-sonda	scrum716b-el-job-le-da-main-al-vigia.test.mjs	2	10229	10229	30	0	0	0×2	
sin-sonda	scrum366-una-sola-escalera.test.mjs	2	10228	10228	210	0	0	0×2	
sin-sonda	scrum387-procedencia-aprobacion.test.mjs	2	10225	10225	2314	0	0	0×2	
sin-sonda	utils.test.mjs	2	10182	10182	35	0	0	0×2	
sin-sonda	scrum763-restaurar-el-arbol.test.mjs	2	10180	10180	6220	0	0	0×2	
sin-sonda	scrum345-rotulo-y-destino.test.mjs	2	10153	10153	86	0	0	0×2	
sin-sonda	scrum332-comparativa-anclas.test.mjs	2	10152	10152	41	0	0	0×2	
sin-sonda	scrum429-cliente-privado.test.mjs	2	10147	10147	384	0	0	0×2	
sin-sonda	scrum152-guard-paquete-completo.test.mjs	2	10108	10108	111	0	0	0×2	
sin-sonda	scrum819-el-menu-deja-rastro.test.mjs	2	10090	10090	440	0	0	0×2	
sin-sonda	scrum648-verde-que-no-sabe.test.mjs	2	10084	10084	352	0	0	0×2	
sin-sonda	scrum126-send-outcome.test.mjs	2	10068	10068	27	0	0	0×2	
sin-sonda	scrum1279-la-firma-ve-las-clausulas.test.mjs	2	10035	10035	418	0	0	0×2	
sin-sonda	scrum221-export-fiscal-auditado.test.mjs	2	9998	9998	547	0	0	0×2	
sin-sonda	scrum401-anular-no-borra-el-cobro.test.mjs	2	9984	9984	528	0	0	0×2	
sin-sonda	scrum1302g-foto-con-diez.test.mjs	2	9980	9980	736	0	0	0×2	
sin-sonda	scrum1219-plantilla-sin-condiciones.test.mjs	2	9976	9976	3818	0	0	0×2	
sin-sonda	scrum297-fuentes-selladas.test.mjs	2	9949	9949	501	0	0	0×2	
sin-sonda	scrum1282-contexto-nombres-de-hoy.test.mjs	2	9934	9934	42	0	0	0×2	
sin-sonda	scrum300-direccion-sugerida.test.mjs	2	9918	9918	568	0	0	0×2	
sin-sonda	scrum262-telefonos-de-prueba.test.mjs	2	9908	9908	816	0	0	0×2	
sin-sonda	scrum153c-ciclo-anulacion.test.mjs	2	9899	9899	152	0	0	0×2	
sin-sonda	scrum843-el-ancla-que-no-caduca.test.mjs	2	9848	9848	347	0	0	0×2	
sin-sonda	scrum414-url-a-mano.test.mjs	2	9830	9830	2512	0	0	0×2	
sin-sonda	scrum767-cura-concurrencia.test.mjs	2	9824	9824	34	0	0	0×2	
sin-sonda	scrum1267-alta-albaran-idempotente.test.mjs	2	9824	9824	3769	0	0	0×2	
sin-sonda	scrum1199-avisos-alta-cliente.test.mjs	2	9820	9820	1064	0	0	0×2	
sin-sonda	scrum569-agents-es-puntero.test.mjs	2	9813	9813	32	0	0	0×2	
sin-sonda	scrum1196-cloudflare-encargado.test.mjs	2	9809	9809	79	0	0	0×2	
sin-sonda	scrum224b-sello-build.test.mjs	2	9808	9808	35	0	0	0×2	
sin-sonda	scrum928-guards-entrada-recuento-con-color.test.mjs	2	9775	9775	131	0	0	0×2	
sin-sonda	scrum718-escaner-contra-parser.test.mjs	2	9770	9770	895	0	0	0×2	
sin-sonda	scrum1165-verifactu-xml-solo-en-fiscal.test.mjs	2	9755	9755	693	0	0	0×2	
sin-sonda	scrum1175b-firmas-en-su-paso.test.mjs	2	9749	9749	36	0	0	0×2	
sin-sonda	scrum1093f-albarannumber-zona-merchant.test.mjs	2	9680	9680	144	0	0	0×2	
sin-sonda	scrum1180-editor-clausulas-excluidas.test.mjs	2	9671	9671	3025	0	0	0×2	
sin-sonda	scrum1161-alta-sin-correo.test.mjs	2	9600	9600	905	0	0	0×2	
sin-sonda	scrum1277-aviso-importe-aceptado.test.mjs	2	9565	9565	567	0	0	0×2	
sin-sonda	scrum1275-la-fila-abre-la-factura.test.mjs	2	9555	9555	436	0	0	0×2	
sin-sonda	zz1405-rojo-suelto.test.mjs	2	9536	9536	33	0	0	1×2	
sin-sonda	scrum1333-carrera-del-encolado-postgres.test.mjs	2	9532	9532	495	0	0	0×2	
sin-sonda	scrum1147-resumen-del-servidor.test.mjs	2	9504	9504	557	0	0	0×2	
sin-sonda	scrum128-send-endpoints-fail-closed.test.mjs	2	9487	9487	843	0	0	0×2	
sin-sonda	scrum665b-el-esquema-declara.test.mjs	2	9399	9399	296	0	0	0×2	
sin-sonda	scrum1271-pendiente-tras-parcial.test.mjs	2	9365	9365	514	0	0	0×2	
sin-sonda	scrum1233d-texto-aprobado-local.test.mjs	2	9340	9340	413	0	0	0×2	
sin-sonda	registroBuilder.test.mjs	2	9313	9313	38	0	0	0×2	
sin-sonda	scrum1130-demo-llega-a-firmado.test.mjs	2	9309	9309	369	0	0	0×2	
sin-sonda	scrum98-public-access-fail-closed.test.mjs	2	9253	9253	1080	0	0	0×2	
sin-sonda	scrum198-consumidores-xml.test.mjs	2	9235	9235	1251	0	0	0×2	
sin-sonda	scrum653c-firmas-sin-coletilla.test.mjs	2	9234	9234	51	0	0	0×2	
sin-sonda	scrum447-byte-invisible-en-patrones.test.mjs	2	9220	9220	325	0	0	0×2	
sin-sonda	verifactu.test.mjs	2	9198	9198	88	0	0	0×2	
sin-sonda	scrum374-direccion-sin-escritores.test.mjs	2	9194	9194	246	0	0	0×2	
sin-sonda	scrum243-tenencia-lectura.test.mjs	2	9190	9190	2058	0	0	0×2	
sin-sonda	scrum334-correo-sin-consentimiento.test.mjs	2	9119	9119	62	0	0	0×2	
sin-sonda	scrum285-cobro-a-factura.test.mjs	2	9088	9088	26	0	0	0×2	
sin-sonda	scrum1202-sin-accept-publico.test.mjs	2	9087	9087	402	0	0	0×2	
sin-sonda	scrum620-servidor-que-no-arranca.test.mjs	2	9070	9070	292	0	0	0×2	
sin-sonda	scrum1078-precios-del-parte-solo-admin.test.mjs	2	9034	9034	304	0	0	0×2	
sin-sonda	scrum1294-a9-leccion-en-a10.test.mjs	2	9024	9024	119	0	0	0×2	
sin-sonda	scrum846-instrumentos-con-caso-conocido.test.mjs	2	8984	8984	413	0	0	0×2	
sin-sonda	scrum396-referencia-justificante.test.mjs	2	8975	8975	587	0	0	0×2	
sin-sonda	scrum793-condicion-en-el-where.test.mjs	2	8965	8965	441	0	0	0×2	
sin-sonda	scrum514-leeme-multilinea.test.mjs	2	8919	8919	88	0	0	0×2	
sin-sonda	scrum1043-quien-me-debe-servidor.test.mjs	2	8904	8904	298	0	0	0×2	
sin-sonda	scrum324-aviso-simplificado-ui.test.mjs	2	8869	8869	333	0	0	0×2	
sin-sonda	locales.test.mjs	2	8858	8858	41	0	0	0×2	
sin-sonda	scrum761-sembrador-columnas-derivadas.test.mjs	2	8836	8836	1627	0	0	0×2	
sin-sonda	scrum285-bloque-cobro.test.mjs	2	8829	8829	34	0	0	0×2	
sin-sonda	scrum132-iva-unidad.test.mjs	2	8819	8819	34	0	0	0×2	
sin-sonda	scrum299-copy-factura-publico.test.mjs	2	8817	8817	665	0	0	0×2	
sin-sonda	scrum441-paidvia-sin-copia.test.mjs	2	8814	8814	2295	0	0	0×2	
sin-sonda	scrum980b-pestana-trabajos.test.mjs	2	8795	8795	882	0	0	0×2	
sin-sonda	scrum1247-rotulo-ia-no-nombra-proveedor.test.mjs	2	8789	8789	71	0	0	0×2	
sin-sonda	scrum380-primaria-tactil.test.mjs	2	8783	8783	58	0	0	0×2	
sin-sonda	scrum242-backup-codec.test.mjs	2	8779	8779	83	0	0	0×2	
sin-sonda	scrum824b-el-mas-antiguo-no-es-el-primero.test.mjs	2	8761	8761	135	0	0	0×2	
sin-sonda	scrum172-cobertura-tenancy.test.mjs	2	8758	8758	38	0	0	0×2	
sin-sonda	scrum538-skills-no-prometen-ficheros.test.mjs	2	8753	8753	37	0	0	0×2	
sin-sonda	scrum821b-las-capturas-que-ya-existian.test.mjs	2	8735	8735	36	0	0	0×2	
sin-sonda	pdfs.test.mjs	2	8711	8711	462	0	0	0×2	
sin-sonda	scrum1349-no-se-empuja-con-una-mutacion-puesta.test.mjs	2	8706	8706	214	0	0	0×2	
sin-sonda	scrum302-sin-callejones.test.mjs	2	8674	8674	695	0	0	0×2	
sin-sonda	scrum809b-paywall-sin-banco.test.mjs	2	8656	8656	393	0	0	0×2	
sin-sonda	scrum293-censo-or-numerico.test.mjs	2	8639	8639	41	0	0	0×2	
sin-sonda	scrum560-patron-fetch-servidor.test.mjs	2	8620	8620	824	0	0	0×2	
sin-sonda	scrum1221-banco-fallo-visible.test.mjs	2	8609	8609	837	0	0	0×2	
sin-sonda	scrum1274-presupuesto-desde-el-trabajo.test.mjs	2	8602	8602	2844	0	0	0×2	
sin-sonda	scrum242-runbook-no-se-declara-probado.test.mjs	2	8589	8589	30	0	0	0×2	
sin-sonda	scrum1312-boton-email-recibo-gateado.test.mjs	2	8586	8586	311	0	0	0×2	
sin-sonda	scrum236-equipo-sin-asignar.test.mjs	2	8574	8574	31	0	0	0×2	
sin-sonda	scrum212-copy-sin-claim-fiscal.test.mjs	2	8549	8549	458	0	0	0×2	
sin-sonda	scrum135-gasto-tenencia.test.mjs	2	8543	8543	63	0	0	0×2	
sin-sonda	scrum822-el-arbol-con-punto.test.mjs	2	8531	8531	1888	0	0	0×2	
sin-sonda	scrum205-fallo-de-sellado-no-entrega.test.mjs	2	8517	8517	2174	0	0	0×2	
sin-sonda	scrum214-semaforo-sin-llamadores.test.mjs	2	8508	8508	1066	0	0	0×2	
sin-sonda	scrum541-comparativa-a11y.test.mjs	2	8499	8499	41	0	0	0×2	
sin-sonda	scrum1309-banner-mail-sent-gateado.test.mjs	2	8496	8496	292	0	0	0×2	
sin-sonda	scrum902-botones-del-parte-con-estilo.test.mjs	2	8475	8475	531	0	0	0×2	
sin-sonda	scrum234-censo-reserva-serie.test.mjs	2	8441	8441	1873	0	0	0×2	
sin-sonda	scrum139-total-protagonista.test.mjs	2	8424	8424	80	0	0	0×2	
sin-sonda	scrum207-conciliacion.test.mjs	2	8354	8354	118	0	0	0×2	
sin-sonda	scrum236-embudo-misma-poblacion.test.mjs	2	8354	8354	117	0	0	0×2	
sin-sonda	scrum924-pay-mp-no-inventa-estado.test.mjs	2	8341	8341	176	0	0	0×2	
sin-sonda	scrum1051-isp-s2.test.mjs	2	8330	8330	251	0	0	0×2	
sin-sonda	scrum900-push-de-claude-con-la-app.test.mjs	2	8325	8325	134	0	0	0×2	
sin-sonda	scrum136-hub-equipo.test.mjs	2	8298	8298	59	0	0	0×2	
sin-sonda	scrum296-lector-tenencia.test.mjs	2	8269	8269	392	0	0	0×2	
sin-sonda	scrum952-respaldo-gemini-con-cupo.test.mjs	2	8255	8255	68	0	0	0×2	
sin-sonda	scrum245-tipo-obliga-declarar.test.mjs	2	8252	8252	10665	0	0	0×2	
sin-sonda	scrum130-card-charge-connect.test.mjs	2	8230	8230	24	0	0	0×2	
sin-sonda	scrum888b-descuento-redibuja.test.mjs	2	8229	8229	79	0	0	0×2	
sin-sonda	scrum917d-titulo-propio-en-la-lista.test.mjs	2	8225	8225	295	0	0	0×2	
sin-sonda	scrum1151-conteo-no-deducible.test.mjs	2	8220	8220	189	0	0	0×2	
sin-sonda	scrum806-el-pdf-del-portal.test.mjs	2	8150	8150	381	0	0	0×2	
sin-sonda	scrum844g-el-tipo-de-lo-recibido.test.mjs	2	8145	8145	24	0	0	0×2	
sin-sonda	scrum1163-whatsapp-cliente-solo-movil.test.mjs	2	8126	8126	543	0	0	0×2	
sin-sonda	scrum1249-descarga-recibidas-alcanzable.test.mjs	2	8092	8092	8565	0	0	0×2	
sin-sonda	scrum720b-el-nav-abre.test.mjs	2	8090	8090	1189	0	0	0×2	
sin-sonda	scrum1184-vista-previa-en-el-alta.test.mjs	2	8076	8076	962	0	0	0×2	
sin-sonda	scrum1035-cifras-del-cliente-todos-sus-documentos.test.mjs	2	8064	8064	319	0	0	0×2	
sin-sonda	scrum111-canario-zip.test.mjs	2	8064	8064	150	0	0	0×2	
sin-sonda	scrum389-censo-vat.test.mjs	2	8015	8015	1856	0	0	0×2	
sin-sonda	scrum1227-perfil-ida-y-vuelta.test.mjs	2	8010	8010	103	0	0	0×2	
sin-sonda	scrum743-cantidad-una-sola-forma.test.mjs	2	7970	7970	245	0	0	0×2	
sin-sonda	scrum1234-inter-autoalojada.test.mjs	2	7964	7964	54	0	0	0×2	
sin-sonda	node-p-capturado-sin-color.test.mjs	2	7955	7955	201	0	0	0×2	
sin-sonda	scrum1138-patch-customers.test.mjs	2	7920	7920	388	0	0	0×2	
sin-sonda	scrum829b-la-ref-rancia-se-poda.test.mjs	2	7916	7916	352	0	0	0×2	
sin-sonda	scrum1308-scripts-sin-nombre-de-test.test.mjs	2	7911	7911	299	0	0	0×2	
sin-sonda	scrum1215-revisiones-error-crear.test.mjs	2	7901	7901	661	0	0	0×2	
sin-sonda	scrum1141-nif-en-la-ficha-del-proveedor.test.mjs	2	7886	7886	622	0	0	0×2	
sin-sonda	scrum713c-trinquete-de-estilos-en-js.test.mjs	2	7862	7862	1489	0	0	0×2	
sin-sonda	scrum1187-detalle-con-textos-doc.test.mjs	2	7834	7834	82	0	0	0×2	
sin-sonda	scrum1172-botones-de-la-ficha-del-trabajo-44.test.mjs	2	7830	7830	34	0	0	0×2	
sin-sonda	scrum176b-force-por-identidad.test.mjs	2	7720	7720	41	0	0	0×2	
sin-sonda	scrum696-censo-del-arbol.test.mjs	2	7645	7645	6671	0	0	0×2	
sin-sonda	vat.test.mjs	2	7629	7629	27	0	0	0×2	
sin-sonda	scrum128-frontend-census.test.mjs	2	7622	7622	55	0	0	0×2	
sin-sonda	scrum219-tx-tipado.test.mjs	2	7576	7576	783	0	0	0×2	
sin-sonda	scrum590-el-destino-pasa-por-el-resolvedor.test.mjs	2	7575	7575	1037	0	0	0×2	
sin-sonda	scrum1212b-correo-aceptado-sin-firma.test.mjs	2	7530	7530	331	0	0	0×2	
sin-sonda	scrum751-clave-duplicada-en-silencio.test.mjs	2	7527	7527	4331	0	0	0×2	
sin-sonda	scrum1196-fecha-de-la-politica.test.mjs	2	7500	7500	32	0	0	0×2	
sin-sonda	scrum341-condicion-precio-publicada.test.mjs	2	7500	7500	40	0	0	0×2	
sin-sonda	scrum814-carrera-del-tramo.gated.test.mjs	2	7452	7452	61	0	0	0×2	
sin-sonda	scrum275-message-en-superficie-publica.test.mjs	2	7388	7388	737	0	0	0×2	
sin-sonda	scrum420-barra-navegable-por-hash.test.mjs	2	7299	7299	38	0	0	0×2	
sin-sonda	scrum1179d-herramientas-no-red.test.mjs	2	7268	7268	40	0	0	0×2	
sin-sonda	scrum1179c-censo-clics-informativo.test.mjs	2	7249	7249	24	0	0	0×2	
sin-sonda	scrum113-migracion-fixtures.test.mjs	2	7248	7248	123	0	0	0×2	
sin-sonda	webhooks-idempotencia.test.mjs	2	7240	7240	461	0	0	0×2	
sin-sonda	scrum1001-sin-pago-la-pagina-lo-dice.test.mjs	2	7225	7225	473	0	0	0×2	
sin-sonda	scrum1162-asistente-avanza-cada-paso.test.mjs	2	7201	7201	524	0	0	0×2	
sin-sonda	scrum1306-consta-en-alguno.test.mjs	2	7197	7197	2341	0	0	0×2	
sin-sonda	scrum1022c-selector-ofrece-xlsx.test.mjs	2	7171	7171	130	0	0	0×2	
sin-sonda	scrum1179c-censo-accion-informativo.test.mjs	2	7135	7135	35	0	0	0×2	
sin-sonda	scrum242-scripts-no-prometen-documentos.test.mjs	2	7116	7116	516	0	0	0×2	
sin-sonda	scrum391-guards-declarados-presentes.test.mjs	2	7111	7111	355	0	0	0×2	
sin-sonda	scrum789-health-tiempo-del-select.test.mjs	2	7085	7085	207	0	0	0×2	
sin-sonda	scrum206b-quien-emite-sella.test.mjs	2	7007	7007	1839	0	0	0×2	
sin-sonda	scrum215-costura-de-test.test.mjs	2	7001	7001	1487	0	0	0×2	
sin-sonda	scrum339-microcopy-import.test.mjs	2	6975	6975	37	0	0	0×2	
sin-sonda	scrum254-sin-lectura-cross-merchant.test.mjs	2	6975	6975	423	0	0	0×2	
sin-sonda	scrum205-sql-a-mano-contra-schema.test.mjs	2	6970	6970	36	0	0	0×2	
sin-sonda	scrum388-centinela-main.test.mjs	2	6952	6952	2538	0	0	0×2	
sin-sonda	scrum858c-el-cierre-con-indice.test.mjs	2	6940	6940	252	0	0	0×2	
sin-sonda	scrum897-repintar-reemplaza.test.mjs	2	6931	6931	499	0	0	0×2	
sin-sonda	scrum151-motivo-sin-tramo.test.mjs	2	6928	6928	28	0	0	0×2	
sin-sonda	scrum241-backup-tablas.test.mjs	2	6880	6880	37	0	0	0×2	
sin-sonda	quoteNumber.test.mjs	2	6805	6805	117	0	0	0×2	
sin-sonda	scrum128-frontend-mira-sent.test.mjs	2	6776	6776	163	0	0	0×2	
sin-sonda	scrum163-base-url-guard.test.mjs	2	6690	6690	29	0	0	0×2	
sin-sonda	scrum342-dispute-package-quote-nulo.test.mjs	2	6671	6671	539	0	0	0×2	
sin-sonda	scrum1332-la-caida-no-tapa-lo-de-despues.test.mjs	2	6653	6653	2126	0	0	0×2	
sin-sonda	scrum923-fallback-cuenta-conectada.test.mjs	2	6582	6582	315	0	0	0×2	
sin-sonda	scrum888d-firma-con-descuentos.test.mjs	2	6507	6507	446	0	0	0×2	
sin-sonda	scrum1171-trabajo-numero-whatsapp.test.mjs	2	6292	6292	386	0	0	0×2	
sin-sonda	scrum1212c-ajuste-correo-aceptado-desde-whatsapp.test.mjs	2	6200	6200	302	0	0	0×2	
sin-sonda	scrum1093g-parte-numero-zona-merchant.test.mjs	2	6155	6155	353	0	0	0×2	
sin-sonda	scrum888d-detalle-con-descuento-global.test.mjs	2	6131	6131	104	0	0	0×2	
sin-sonda	scrum515-aviso-bizum-render.test.mjs	2	6096	6096	34	0	0	0×2	
sin-sonda	scrum1180-detalle-con-clausulas-excluidas.test.mjs	2	6041	6041	92	0	0	0×2	
sin-sonda	scrum109-expense-teammember.test.mjs	2	6032	6032	64	0	0	0×2	
sin-sonda	scrum597-las-dos-secciones-conviven.test.mjs	2	6016	6016	27	0	0	0×2	
sin-sonda	scrum201-citas-aeat.test.mjs	2	5946	5946	45	0	0	0×2	
sin-sonda	scrum106-trabajos-fecha.test.mjs	2	5932	5932	80	0	0	0×2	
sin-sonda	scrum178-emision-manual.test.mjs	2	5927	5927	77	0	0	0×2	
sin-sonda	scrum910-admin-sin-enlaces-undefined.test.mjs	2	5900	5900	20	0	0	0×2	
sin-sonda	scrum1317-productos-del-operario.test.mjs	2	5896	5896	459	0	0	0×2	
sin-sonda	scrum115-wa-fallo-registrado.test.mjs	2	5888	5888	67	0	0	0×2	
sin-sonda	scrum1057-duplicados-antes-de-id.test.mjs	2	5867	5867	280	0	0	0×2	
sin-sonda	scrum297-evidencias-postgres.test.mjs	2	5744	5744	1059	0	0	0×2	
sin-sonda	public-js-parsea.test.mjs	2	5744	5744	4343	0	0	0×2	
sin-sonda	scrum72-pdfs-privados.test.mjs	2	5692	5692	104	0	0	0×2	
sin-sonda	scrum66-tipo-operacion.test.mjs	2	5662	5662	117	0	0	0×2	
sin-sonda	scrum148-filtro-por-miembro.test.mjs	2	5658	5658	92	0	0	0×2	
sin-sonda	scrum343-cabecera-gastos-unica.test.mjs	2	5637	5637	512	0	0	0×2	
sin-sonda	scrum242-restauracion-cubre-todos-los-tipos.test.mjs	2	5630	5630	74	0	0	0×2	
sin-sonda	scrum124-r29-perfil-publico-sin-datos.test.mjs	2	5611	5611	29	0	0	0×2	
sin-sonda	scrum1215c-foto-oculta-en-firmado.test.mjs	2	5541	5541	312	0	0	0×2	
sin-sonda	scrum1179c-censo-tactil-informativo.test.mjs	2	5526	5526	25	0	0	0×2	
sin-sonda	scrum389-un-solo-iva.test.mjs	2	5511	5511	999	0	0	0×2	
sin-sonda	scrum1080-cobro-profesional.test.mjs	2	5443	5443	1387	0	0	0×2	
sin-sonda	scrum1215b-sin-lineas-cerrado.test.mjs	2	5422	5422	383	0	0	0×2	
sin-sonda	scrum283-microcopy-marcador.test.mjs	2	5397	5397	462	0	0	0×2	
sin-sonda	scrum199-fuente-unica-hijos.test.mjs	2	5380	5380	59	0	0	0×2	
sin-sonda	tenancy-permisos.test.mjs	2	5328	5328	65	0	0	0×2	
sin-sonda	scrum189-citas-con-destino.test.mjs	2	5276	5276	218	0	0	0×2	
sin-sonda	scrum225-mapa-tres-bd.test.mjs	2	5261	5261	30	0	0	0×2	
sin-sonda	scrum209-un-solo-desglose.test.mjs	2	5237	5237	446	0	0	0×2	
sin-sonda	scrum727-vistas-que-existen.test.mjs	2	5112	5112	1103	0	0	0×2	
sin-sonda	scrum974-firmado-sin-facturar-en-el-lunes.test.mjs	2	4959	4959	749	0	0	0×2	
sin-sonda	version.test.mjs	2	4821	4821	29	0	0	0×2	
sin-sonda	scrum238-postinstall-prisma.test.mjs	2	4797	4797	30	0	0	0×2	
sin-sonda	scrum227-toda-via-deja-rastro.test.mjs	2	4776	4776	43	0	0	0×2	
sin-sonda	owner.test.mjs	2	4676	4676	27	0	0	0×2	
sin-sonda	scrum92-login-operario.test.mjs	2	4636	4636	56	0	0	0×2	
sin-sonda	scrum85-pay-routes-token.test.mjs	2	4448	4448	88	0	0	0×2	
sin-sonda	scrum120-patch-job-roles.test.mjs	2	4447	4447	55	0	0	0×2	
sin-sonda	scrum74-recibo-token.test.mjs	2	4428	4428	82	0	0	0×2	
sin-sonda	scrum57-operario-propagacion.test.mjs	2	4417	4417	59	0	0	0×2	
sin-sonda	scrum50-bot-albaranes.test.mjs	2	4383	4383	89	0	0	0×2	
sin-sonda	scrum90-pay-bank-mp-token.test.mjs	2	4381	4381	55	0	0	0×2	
sin-sonda	scrum47-enviar-albaran-wa.test.mjs	2	4362	4362	60	0	0	0×2	
sin-sonda	scrum24-operarios-metrics.test.mjs	2	4273	4273	90	0	0	0×2	
sin-sonda	scrum158-montajes-admin-muestreados.test.mjs	2	4266	4266	31	0	0	0×2	
sin-sonda	scrum49-firma-remota.test.mjs	2	4258	4258	82	0	0	0×2	
sin-sonda	scrum25-export-zip.test.mjs	2	4223	4223	130	0	0	0×2	
sin-sonda	scrum73-verifactu-gate.test.mjs	2	4177	4177	53	0	0	0×2	
sin-sonda	scrum124-r29-no-borrado-facturas.test.mjs	2	4177	4177	847	0	0	0×2	
sin-sonda	a55-window-quote.test.mjs	2	4110	4110	90	0	0	0×2	
sin-sonda	scrum13-cobrado.test.mjs	2	4063	4063	403	0	0	0×2	
sin-sonda	scrum295-modelo-303-postgres.test.mjs	2	4040	4040	566	0	0	0×2	
sin-sonda	scrum1062-historial-whatsapp-cliente.test.mjs	2	4023	4023	384	0	0	0×2	
sin-sonda	scrum1059b-etiquetado-masivo-postgres.test.mjs	2	3978	3978	320	0	0	0×2	
sin-sonda	scrum221-export-fiscal-cero-bytes.test.mjs	2	3973	3973	79	0	0	0×2	
sin-sonda	scrum94-register-teammember.test.mjs	2	3973	3973	83	0	0	0×2	
sin-sonda	scrum296-libro-postgres.test.mjs	2	3964	3964	477	0	0	0×2	
sin-sonda	scrum967b-el-portal-en-el-envio.test.mjs	2	3959	3959	1125	0	0	0×2	
sin-sonda	scrum104-clientes-referenciados.test.mjs	2	3942	3942	56	0	0	0×2	
sin-sonda	scrum1014-sitios-del-cliente.test.mjs	2	3923	3923	388	0	0	0×2	
sin-sonda	scrum76-email-adjunto.test.mjs	2	3918	3918	123	0	0	0×2	
sin-sonda	scrum96-no-generated-docs-in-public.test.mjs	2	3912	3912	33	0	0	0×2	
sin-sonda	scrum22-operario-readpath.test.mjs	2	3908	3908	74	0	0	0×2	
sin-sonda	scrum131-resend-honesto.test.mjs	2	3907	3907	56	0	0	0×2	
sin-sonda	scrum127-paywall-bloquea.test.mjs	2	3902	3902	54	0	0	0×2	
sin-sonda	scrum116-recordatorio-candado.test.mjs	2	3873	3873	77	0	0	0×2	
sin-sonda	scrum234-carrera-serie.gated.test.mjs	2	3858	3858	85	0	0	0×2	
sin-sonda	scrum171a-consolidar-cliente.test.mjs	2	3852	3852	78	0	0	0×2	
sin-sonda	scrum692-guardado-parcial-en-base.test.mjs	2	3843	3843	397	0	0	0×2	
sin-sonda	scrum814-carrera-de-tramos-postgres.test.mjs	2	3841	3841	29	0	0	0×2	
sin-sonda	scrum124-r28-graph-facebook-guard.test.mjs	2	3838	3838	156	0	0	0×2	
sin-sonda	scrum980-historial-del-cliente.test.mjs	2	3833	3833	794	0	0	0×2	
sin-sonda	scrum51-job-sin-quote.test.mjs	2	3828	3828	58	0	0	0×2	
sin-sonda	scrum82-zip-verifactu.test.mjs	2	3822	3822	86	0	0	0×2	
sin-sonda	scrum1036-notas-del-cliente.test.mjs	2	3798	3798	311	0	0	0×2	
sin-sonda	scrum187-codeowners-zona-roja.test.mjs	2	3756	3756	24	0	0	0×2	
sin-sonda	scrum58-jobs-n1.test.mjs	2	3728	3728	78	0	0	0×2	
sin-sonda	scrum52-operario.test.mjs	2	3713	3713	427	0	0	0×2	
sin-sonda	scrum87-no-public-invoices.test.mjs	2	3702	3702	27	0	0	0×2	
sin-sonda	scrum25-exports.test.mjs	2	3628	3628	94	0	0	0×2	
sin-sonda	scrum129-n8n-guard.test.mjs	2	3517	3517	138	0	0	0×2	
sin-sonda	bot-suite.test.mjs	2	3461	3461	78	0	0	0×2	
