job	run	intento	conclusion	empezo	evento	cabeza	probado	arbol	node	tests	pass	fail	skipped	cancelled	lineas	suelo	total_suelo	margen	declarados	suelo_dijo
107654569830	36006110821	1	success	2026-09-24T13:30:22Z	pr	9ecbcac3ead2b50b60415c0cf15142b0280335e2	5b732301a93a50f845197f2723c35d5e39b64024	521854b4102c2dd274d17dd9fe2974df2e1eca10	24.21.0	8241	8148	0	93	0	8241	7746	8241	495	7985	[suelo de la tanda] ✅ suelo 7746 · total actual 8241 · marge
107659250172	36007466639	1	success	2026-09-24T13:42:09Z	push	902d11e6c546cdb4ce9bc8cce8b780acaab3b1f6	902d11e6c546cdb4ce9bc8cce8b780acaab3b1f6	521854b4102c2dd274d17dd9fe2974df2e1eca10	24.21.0	8241	8148	0	93	0	8241	7746	8241	495	7985	[suelo de la tanda] ✅ suelo 7746 · total actual 8241 · marge
107662454711	36008401140	1	failure	2026-09-24T13:50:03Z	pr	67f74e45ae93347b7bd36e25053ca74aa874827f	4bafda610a9accecef44bc3da0340f4fad71b6ae	61be2a98c5c958e0ad2ce5a1c4528ef1975ce466	24.21.0	8241	8147	1	93	0	8241	7746	8241	495	7985	[suelo de la tanda] ✅ suelo 7746 · total actual 8241 · marge
107669564689	36010475841	1	success	2026-09-24T14:07:22Z	pr	ead6e1331d30eaa106364a341f32dad902fbe565	4a69a903d159e5b3010c8f4a6ecc30dee12f6a4a	e86e996447262bc180f2d0a89bdc712f3d2b4e34	24.21.0	8236	8143	0	93	0	8236	7746	8236	490	7985	[suelo de la tanda] ✅ suelo 7746 · total actual 8236 · marge
107672560751	36011346585	1	success	2026-09-24T14:14:33Z	push	f80590410e03887ce016c7f58c1daf37825c78bc	f80590410e03887ce016c7f58c1daf37825c78bc	e86e996447262bc180f2d0a89bdc712f3d2b4e34	24.21.0	8227	8134	0	93	0	8227	7746	8227	481	7985	[suelo de la tanda] ✅ suelo 7746 · total actual 8227 · marge
107703831425	36020490785	1	cancelled	2026-09-24T15:28:54Z	pr	ca8029c4288c091763d2857781ecedaa2da95259	9497739784d88346654d7fe1ba67557a72281f4a	885a0960e411ea45c0938160c48be165effb2808	24.21.0						993					[suelo de la tanda] ⚠️ NO SUPE MIRAR: no encontré la línea `
107704558618	36020605258	1	failure	2026-09-24T15:30:35Z	pr	bd5c56db966e657715b86aaa6d8813cfb6cdc581	0ce5f22d816e01afaf7960a6cfd293e2d4d3d214	cbe216abbaa8d47f2d588c4d392967a446e5ce97	24.21.0	8246	8152	1	93	0	8246	7751	8246	495	7990	[suelo de la tanda] ✅ suelo 7751 · total actual 8246 · marge
107709240170	36022084862	1	success	2026-09-24T15:42:15Z	pr	465a4d5aacd0e6d4f345d36ee581f0b4c4fe2f24	f1695d2ad9bde66a7585fe751336d91d44607e0a	5b246b444877b1740f7e573596a6a9f331d7e6bc	24.21.0	8256	8163	0	93	0	8256	7760	8256	496	8000	[suelo de la tanda] ✅ suelo 7760 · total actual 8256 · marge
107713134976	36023239716	1	success	2026-09-24T15:51:32Z	push	a7e1aae69f41d9120d237c338832b8503319820c	a7e1aae69f41d9120d237c338832b8503319820c	5b246b444877b1740f7e573596a6a9f331d7e6bc	24.21.0	8256	8163	0	93	0	8256	7760	8256	496	8000	[suelo de la tanda] ✅ suelo 7760 · total actual 8256 · marge
107716598860	36024245098	1	success	2026-09-24T16:00:07Z	pr	bf72596bbd964cf03f45c2e2e825156acaf8f072	cbd017825823b74ff427977a6a472895c100aa3d	bb7bad64c0ef62fe4f6f701496da8eaa18f7c960	24.21.0	8263	8170	0	93	0	8263	7767	8263	496	8007	[suelo de la tanda] ✅ suelo 7767 · total actual 8263 · marge
107718429777	36024784076	1	cancelled	2026-09-24T16:04:33Z	pr	c0b0faa70d36a27b0b92414df8103333ffc67a7d	fc0a64327cea069837afe6caacbdfeef3d7a3f81	0f167ca5d9e3886c74393cfa1827a7eebea3bf91	24.21.0						6628					[suelo de la tanda] ⚠️ NO SUPE MIRAR: no encontré la línea `
107720097931	36025114423	1	success	2026-09-24T16:08:40Z	pr	0534748eead752b0ebb8b136d309406fcd47419c	502bb3dd9430151a6badcc12116dbb27c37496be	2348ba8fa253f19af281631e00275b2d95ec8a35	24.21.0	8264	8171	0	93	0	8264	7768	8264	496	8008	[suelo de la tanda] ✅ suelo 7768 · total actual 8264 · marge
107720455590	36025377848	1	success	2026-09-24T16:09:33Z	push	b77a3cb3cbd4583302edecaddc17c255fe02e74e	b77a3cb3cbd4583302edecaddc17c255fe02e74e	bb7bad64c0ef62fe4f6f701496da8eaa18f7c960	24.21.0	8263	8170	0	93	0	8263	7767	8263	496	8007	[suelo de la tanda] ✅ suelo 7767 · total actual 8263 · marge
107722953838	36026115894	1	success	2026-09-24T16:16:21Z	pr	f543524e19fdec7ae82d831a97d8071070ec49a3	371edc93eb8ee0bcf20ec9caa61c13848b1d8c6a	a4269053558063bc496a992ecc27d0d32e69da44	24.21.0	8276	8183	0	93	0	8276	7780	8276	496	8020	[suelo de la tanda] ✅ suelo 7780 · total actual 8276 · marge
107728750995	36026115894	2	success	2026-09-24T16:16:21Z	pr	f543524e19fdec7ae82d831a97d8071070ec49a3	371edc93eb8ee0bcf20ec9caa61c13848b1d8c6a	a4269053558063bc496a992ecc27d0d32e69da44	24.21.0	8276	8183	0	93	0	8276	7780	8276	496	8020	[suelo de la tanda] ✅ suelo 7780 · total actual 8276 · marge
107724990297	36026710408	1	success	2026-09-24T16:20:52Z	pr	96e960614bf6b6882061959dedf1c1e2f7f39067	dc5ca307dbc164df73a565c28889c73a12222b37	4e1dd58205162b2d61d527378df458e43dae113b	24.21.0	8271	8178	0	93	0	8271	7775	8271	496	8015	[suelo de la tanda] ✅ suelo 7775 · total actual 8271 · marge
107725966035	36026103521	1	success	2026-09-24T16:23:18Z	push	09f8ba9974964b9205936b9c3eb0ec70a8f0acb5	09f8ba9974964b9205936b9c3eb0ec70a8f0acb5	92112d7e09cae8e5d719299e7a6fa0e4adbda2e2	24.21.0	8271	8178	0	93	0	8271	7775	8271	496	8015	[suelo de la tanda] ✅ suelo 7775 · total actual 8271 · marge
107727307607	36027399000	1	success	2026-09-24T16:26:42Z	pr	7a98b2a98e6d5fa5738f57b6447903561c9c8586	1ac03deb9d6ab4f694162a330a0a9b9a6e97d067	4904d66c208af1a517f4e7d50d81d2c741f2cb2b	24.21.0	8233	8140	0	93	0	8233	7780	8233	453	8020	[suelo de la tanda] ✅ suelo 7780 · total actual 8233 · marge
107731379199	36028511500	1	success	2026-09-24T16:37:05Z	push	db771431612fb709939401c958e7c8fa51b295f5	db771431612fb709939401c958e7c8fa51b295f5	935aff4fde116841090c358247f689617c3b0341	24.21.0	8276	8183	0	93	0	8276	7780	8276	496	8020	[suelo de la tanda] ✅ suelo 7780 · total actual 8276 · marge
108003830497	36114048033	1	success	2026-09-25T08:38:46Z	pr	0e46d914be9f5bdddd93f443d70dec3fb3180de9	6ff88ff4a5d3b6a5a8e6cbe873ab2de4dad65eee	04c8956576446d69a90e366d56d5291a3d775c15	24.21.0	8276	8183	0	93	0	8276	7780	8276	496	8020	[suelo de la tanda] ✅ suelo 7780 · total actual 8276 · marge
108006369791	36114838555	1	success	2026-09-25T08:47:29Z	push	639a276ffbd6e4ce8ef89b7f8e81c72fad31c111	639a276ffbd6e4ce8ef89b7f8e81c72fad31c111	04c8956576446d69a90e366d56d5291a3d775c15	24.21.0	8276	8183	0	93	0	8276	7780	8276	496	8020	[suelo de la tanda] ✅ suelo 7780 · total actual 8276 · marge
108068467011	36134270625	1	failure	2026-09-25T12:19:32Z	pr	c47c5c9d837e71182b7c75ff3aa775d4ba6d1533	63029ba42172ac6daa594eed3d8e4f026d1d13b4	7ddaf2556a0ef93128db5f446e8524d3aa2795e7	24.21.0	8273	8175	5	93	0	8273	7781	8273	492	8021	[suelo de la tanda] ✅ suelo 7781 · total actual 8273 · marge
108069880304	36134703475	1	failure	2026-09-25T12:24:08Z	pr	ac4cf05f6d9ffdbc7743e678b2b5074273844b94	11d3674cbf93f81f7abb01a7f4139576b63b1097	7dccfab94c30374b2f19d3dd708220cc779aa00b	24.21.0	8277	8183	1	93	0	8277	7782	8277	495	8022	[suelo de la tanda] ✅ suelo 7782 · total actual 8277 · marge
108072781974	36135520794	1	success	2026-09-25T12:33:23Z	pr	1b81e76c2c51c6a5d4e4a769559c17ebca3bf3fa	0b137cf0eb78607b5a318aa3884e91653a40041c	74b517d8d7983c0db25f38be1cbdf9ac8974bbe4	24.21.0	8277	8184	0	93	0	8277	7781	8277	496	8021	[suelo de la tanda] ✅ suelo 7781 · total actual 8277 · marge
108074515691	36136127433	1	success	2026-09-25T12:38:53Z	pr	cab1e2bb34545a9d819e9be7d3627b2ca5d01603	5f2aef7d4a83c6d2b43889a3a1d6b859e9e8d04f	2c44d2dcc743cb9ae969a04828f4df200c84a09a	24.21.0	8272	8179	0	93	0	8272	7782	8272	490	8022	[suelo de la tanda] ✅ suelo 7782 · total actual 8272 · marge
108075640675	36136471571	1	success	2026-09-25T12:42:25Z	push	b2fd65171c57d4951195bdf43146a871cde079e1	b2fd65171c57d4951195bdf43146a871cde079e1	74b517d8d7983c0db25f38be1cbdf9ac8974bbe4	24.21.0	8269	8176	0	93	0	8269	7781	8269	488	8021	[suelo de la tanda] ✅ suelo 7781 · total actual 8269 · marge
108077012116	36136897626	1	success	2026-09-25T12:46:42Z	pr	63c5e26e45bcbc761abe7f8d84e5845754656926	4576e05f8a54b9c42527f15c1e2c734b5d8c93ce	b91c676fa1aebe435a1c93a2f733ee642c7efc41	24.21.0	8279	8186	0	93	0	8279	7783	8279	496	8023	[suelo de la tanda] ✅ suelo 7783 · total actual 8279 · marge
108079656758	36136728779	1	success	2026-09-25T12:54:49Z	push	607541ed710bec7148670a9b44a35638a745a2ec	607541ed710bec7148670a9b44a35638a745a2ec	b751ea0cbf77c575c9dc6c6232d13a6b052a6161	24.21.0	8279	8186	0	93	0	8279	7783	8279	496	8023	[suelo de la tanda] ✅ suelo 7783 · total actual 8279 · marge
108084217960	36137891936	1	success	2026-09-25T13:08:33Z	push	fbab05afa7c407575525743635814b8e0c845bee	fbab05afa7c407575525743635814b8e0c845bee	b91c676fa1aebe435a1c93a2f733ee642c7efc41	24.21.0	8279	8186	0	93	0	8279	7783	8279	496	8023	[suelo de la tanda] ✅ suelo 7783 · total actual 8279 · marge
108086565610	36139805618	1	success	2026-09-25T13:15:26Z	pr	4bf8fe6f48d5367c994218b067e233059b644b8e	e21a981810b5810ed3a068b7c7539f83eb27e4fb	85559c245ed2b110d61ca251f9d9b0c676a77745	24.21.0	8291	8198	0	93	0	8291	7794	8291	497	8035	[suelo de la tanda] ✅ suelo 7794 · total actual 8291 · marge
108089564314	36140708389	1	success	2026-09-25T13:24:07Z	push	c534eb0560e9df399730b67147a6d97414ddf5e3	c534eb0560e9df399730b67147a6d97414ddf5e3	85559c245ed2b110d61ca251f9d9b0c676a77745	24.21.0	8294	8201	0	93	0	8294	7794	8294	500	8035	[suelo de la tanda] ✅ suelo 7794 · total actual 8294 · marge
108103348734	36144858691	1	success	2026-09-25T14:02:42Z	pr	55ff13f23651a0b1608785f61b66af0fbfdbae03	81d99019ad977ae6835c6425bfc9e2fcfc70b477	99eb7e6df26b5cbc607c56669b846e15acb3d2eb	24.21.0	8294	8201	0	93	0	8294	7794	8294	500	8035	[suelo de la tanda] ✅ suelo 7794 · total actual 8294 · marge
108107270656	36146018103	1	success	2026-09-25T14:13:19Z	push	6bbe1b4d98e18fd3f5f2fdedd4823d1e24a951b5	6bbe1b4d98e18fd3f5f2fdedd4823d1e24a951b5	99eb7e6df26b5cbc607c56669b846e15acb3d2eb	24.21.0	8294	8201	0	93	0	8294	7794	8294	500	8035	[suelo de la tanda] ✅ suelo 7794 · total actual 8294 · marge
108111129816	36147180188	1	failure	2026-09-25T14:23:44Z	pr	5d9719a12c0e0c2c0710dc8f02420887bbb85327	79c5cebe67af9064f3e446e70102b96e50921c86	f12a31df23891719f1a542c00c705c5152089bef	24.21.0	8307	8210	4	93	0	8307	7813	8307	494	8054	[suelo de la tanda] ✅ suelo 7813 · total actual 8307 · marge
108114244624	36148110173	1	success	2026-09-25T14:32:04Z	pr	753fbe4abac1dc4ef77798cabe77d5a42216f355	4ef1d97b2ff9fec2a84c93f7a50e29adfe388c5d	61f89b8c8c109db5f7ff0ffd741c14aea5ec4eb8	24.21.0	8299	8206	0	93	0	8299	7799	8299	500	8040	[suelo de la tanda] ✅ suelo 7799 · total actual 8299 · marge
108117588493	36149113453	1	success	2026-09-25T14:41:01Z	push	c906a53ca45446e6dd9591f3295ad6060c13532c	c906a53ca45446e6dd9591f3295ad6060c13532c	61f89b8c8c109db5f7ff0ffd741c14aea5ec4eb8	24.21.0	8299	8206	0	93	0	8299	7799	8299	500	8040	[suelo de la tanda] ✅ suelo 7799 · total actual 8299 · marge
108118429514	36149361977	1	success	2026-09-25T14:43:15Z	pr	590139b278086c9b91f8364704759d8354f39166	c021d03d9959d7436d8a1a773e0fd3d34e5a6519	0f2eec79abcaff5911b6f8833913de47b0ac0585	24.21.0	8309	8216	0	93	0	8309	7818	8309	491	8059	[suelo de la tanda] ✅ suelo 7818 · total actual 8309 · marge
108122866675	36150352928	1	failure	2026-09-25T14:55:04Z	push	dac1f9d7f9cd5237778aa2cd3f9241bd2210855a	dac1f9d7f9cd5237778aa2cd3f9241bd2210855a	0f2eec79abcaff5911b6f8833913de47b0ac0585	24.21.0	8318	8224	1	93	0	8318	7818	8318	500	8059	[suelo de la tanda] ✅ suelo 7818 · total actual 8318 · marge
108126058725	36151631478	1	failure	2026-09-25T15:03:38Z	pr	78263627537ff418cf93c6746eebff6066dbadcf	e406328d20247bbf546fb95f17ccae3d8f7dde69	5931752398edcffff324519bdcdeccc2e0f5285a	24.21.0	8318	8224	1	93	0	8318	7818	8318	500	8059	[suelo de la tanda] ✅ suelo 7818 · total actual 8318 · marge
108127424850	36152039414	1	failure	2026-09-25T15:07:19Z	pr	dfe1c453c1de1dab258b9d31f710261049fc6e11	447d7c39a2f8f0bd6b8bccf1bb3086a2b9a6384d	77445a60e9881b1e57539e71167f8a91ce06d518	24.21.0	8297	8203	1	93	0	8297	7818	8297	479	8059	[suelo de la tanda] ✅ suelo 7818 · total actual 8297 · marge
108127884890	36152176419	1	failure	2026-09-25T15:08:34Z	pr	e81131c7c1daf081050ae6d398e20097480f09ed	04f4d78b05a44c045cc235cd2b667135a31376dd	9d7df0b51e9952b01d4a8a64e27cacf589a43acc	24.21.0	8322	8228	1	93	0	8322	7825	8322	497	8067	[suelo de la tanda] ✅ suelo 7825 · total actual 8322 · marge
108131942393	36153386070	1	success	2026-09-25T15:19:30Z	pr	2010ced5bf8f260c7d1298c27edb0475171320d1	ca82d10209ad451c7c1272e14c29acdaef7f542d	5e7027c30540faadad7e8a90310c7bfdcb4c2488	24.21.0	8318	8225	0	93	0	8318	7818	8318	500	8059	[suelo de la tanda] ✅ suelo 7818 · total actual 8318 · marge
108133283414	36153788990	1	failure	2026-09-25T15:23:04Z	pr	caffd4d842a514813f3e8897340efa64ffa09a2b	d7a505dae7ae93bcf7e70dad1aa58cb25cce9f15	8b7026ba0f65b8f75021ae5e6896690cf5d44da0	24.21.0	8327	8233	1	93	0	8327	7826	8327	501	8068	[suelo de la tanda] ✅ suelo 7826 · total actual 8327 · marge
108133301870	36153794012	1	failure	2026-09-25T15:23:08Z	pr	df5598b1000b812b62926350520220a0d428ef9e	11715716cf42be8b57dc9e0669e5c621fd1dde94	350a9dac8c5f61d4106c817c9efd7f0dfe79d760	24.21.0	8319	8225	1	93	0	8319	7819	8319	500	8060	[suelo de la tanda] ✅ suelo 7819 · total actual 8319 · marge
108133645166	36152039414	2	failure	2026-09-25T15:24:04Z	pr	dfe1c453c1de1dab258b9d31f710261049fc6e11	447d7c39a2f8f0bd6b8bccf1bb3086a2b9a6384d	77445a60e9881b1e57539e71167f8a91ce06d518	24.21.0	8318	8224	1	93	0	8318	7818	8318	500	8059	[suelo de la tanda] ✅ suelo 7818 · total actual 8318 · marge
108134562951	36154179077	1	failure	2026-09-25T15:26:40Z	pr	b6d65141b0faa2b286943722f9f67f6f1a8a143e	66cd33dbbcbbda9f7fbe650936d4e323e13db989	1539b48022ac5d437dcc0d9dc31a2c1b178d908d	24.21.0	8326	8232	1	93	0	8326	7825	8326	501	8067	[suelo de la tanda] ✅ suelo 7825 · total actual 8326 · marge
108135094919	36154339244	1	success	2026-09-25T15:30:14Z	push	4f4a6f3c6417f70e312eabee8468e73253ca95ae	4f4a6f3c6417f70e312eabee8468e73253ca95ae	5e7027c30540faadad7e8a90310c7bfdcb4c2488	24.21.0	8318	8225	0	93	0	8318	7818	8318	500	8059	[suelo de la tanda] ✅ suelo 7818 · total actual 8318 · marge
108139347978	36155629129	1	failure	2026-09-25T15:39:23Z	pr	243af334dc76a7ee24ab70d1d4ce52638d3e388e	33ad9ee894061cf0193fd529e32594a4d3f3bec0	24877ace3ba87d87c34b947cb15f3c45ca098fe9	24.21.0	8318	8223	2	93	0	8318	7818	8318	500	8059	[suelo de la tanda] ✅ suelo 7818 · total actual 8318 · marge
108140123620	36155866224	1	success	2026-09-25T15:41:28Z	pr	5062d088cf0ad2a16efeeb5a8d332708b3a7617b	c6c0f084329367e5e3819dc1c345f9c1d23489de	d369580b762991c2299d2879e5ab81f90a93e231	24.21.0	8319	8226	0	93	0	8319	7819	8319	500	8060	[suelo de la tanda] ✅ suelo 7819 · total actual 8319 · marge
108140974354	36156122079	1	success	2026-09-25T15:43:47Z	pr	0d8a3e196835ff3ba4fceb4ae01df9e056202e6c	4cd72124d40bd9dbc42f9c7ca10a504cba26961d	8229ec4187e8ba7cb0416cf77bac65c7f34de35a	24.21.0	8318	8225	0	93	0	8318	7818	8318	500	8059	[suelo de la tanda] ✅ suelo 7818 · total actual 8318 · marge
108141523315	36152176419	2	failure	2026-09-25T15:45:16Z	pr	e81131c7c1daf081050ae6d398e20097480f09ed	04f4d78b05a44c045cc235cd2b667135a31376dd	9d7df0b51e9952b01d4a8a64e27cacf589a43acc	24.21.0	8314	8220	1	93	0	8314	7825	8314	489	8067	[suelo de la tanda] ✅ suelo 7825 · total actual 8314 · marge
108142328373	36156536030	1	success	2026-09-25T15:47:26Z	pr	e2df95219bbc484582fe858e0d9fa8c35078b79f	dc79dd278b462f29622db271db057f7c9df0b713	f8473f179a8d863837cfeadef63a57c8fbcb6bf4	24.21.0	8321	8228	0	93	0	8321	7825	8321	496	8067	[suelo de la tanda] ✅ suelo 7825 · total actual 8321 · marge
108142905083	36156709771	1	success	2026-09-25T15:49:20Z	push	f7f2bccffbf5db152f6bfdbbdf24baa3d24018f0	f7f2bccffbf5db152f6bfdbbdf24baa3d24018f0	d369580b762991c2299d2879e5ab81f90a93e231	24.21.0	8319	8226	0	93	0	8319	7819	8319	500	8060	[suelo de la tanda] ✅ suelo 7819 · total actual 8319 · marge
108147947864	36157324241	1	success	2026-09-25T16:02:55Z	push	0bbc68056ca176d657a83d3c69f54e6e60aa16b3	0bbc68056ca176d657a83d3c69f54e6e60aa16b3	7dc8bb5e5e800b5b3e2096a189ab9b6d215a89ec	24.21.0	8327	8234	0	93	0	8327	7826	8327	501	8068	[suelo de la tanda] ✅ suelo 7826 · total actual 8327 · marge
108152844178	36159676452	1	success	2026-09-25T16:16:18Z	pr	ec905c7831aa6da2e3852453a88f373aca0491f7	338ca9869a2a931b6b9b28e2e730fd9079e86572	114b8044bc9008dab58b767a95b3391e060558a6	24.21.0	8327	8234	0	93	0	8327	7826	8327	501	8068	[suelo de la tanda] ✅ suelo 7826 · total actual 8327 · marge
108154321156	36160118479	1	success	2026-09-25T16:20:27Z	pr	978a24966d472f6ecd8a1b2755a0bd6af566270b	5d307d2e64cb1aef53e76a159f61f18370a09651	78e335b7478539911a6f259bfd0452264f5ad7c4	24.21.0	8318	8225	0	93	0	8318	7826	8318	492	8068	[suelo de la tanda] ✅ suelo 7826 · total actual 8318 · marge
108155072248	36160342546	1	success	2026-09-25T16:22:34Z	push	99ea4840a8e3171f7d5deba9dc8663174a7b1048	99ea4840a8e3171f7d5deba9dc8663174a7b1048	114b8044bc9008dab58b767a95b3391e060558a6	24.21.0	8327	8234	0	93	0	8327	7826	8327	501	8068	[suelo de la tanda] ✅ suelo 7826 · total actual 8327 · marge
108157786281	36161161600	1	success	2026-09-25T16:30:13Z	pr	62d735ac5560ba0b58904789acae2991064f5ac2	d8df955776378dc88cc111357df9322a2a42f27f	3342ba5255a367febbf21f4d4adfc5c9f9a77423	24.21.0	8319	8226	0	93	0	8319	7826	8319	493	8068	[suelo de la tanda] ✅ suelo 7826 · total actual 8319 · marge
108158786384	36161464843	1	success	2026-09-25T16:33:01Z	pr	d116e7a9217a1b82f0c16053271d1f20c67ca6f4	aff191f05ef579b82e6786afaa7d2c946b69a181	232fd79410fcd3e095e41d1f36a7179921acfb06	24.21.0	8327	8234	0	93	0	8327	7826	8327	501	8068	[suelo de la tanda] ✅ suelo 7826 · total actual 8327 · marge
108160429152	36160900019	1	success	2026-09-25T16:37:45Z	push	cab692d54fd183fb737d00365ee5dcdd3d6ea257	cab692d54fd183fb737d00365ee5dcdd3d6ea257	3e36b12bc78c7daecf736dd1c5c9d2a981960637	24.21.0	8318	8225	0	93	0	8318	7826	8318	492	8068	[suelo de la tanda] ✅ suelo 7826 · total actual 8318 · marge
108160763503	36162058943	1	failure	2026-09-25T16:38:41Z	pr	67a15a0a67c595925b06d7d547f4682b10cf5ccf	9a9f4f4ebc2dbaa9f3435c30fa6ba36c41ed15d7	74679208d5b3479723e8f4a1e8180d8af75a8bc4	24.21.0	8333	8239	1	93	0	8333	7832	8333	501	8074	[suelo de la tanda] ✅ suelo 7832 · total actual 8333 · marge
108161600043	36162310353	1	success	2026-09-25T16:41:42Z	pr	463b9d3311ff2c0ec3800a3ca6edf00dd663c196	03445badb3180fe60fb2d41f3e7682ee79c2bfb6	0bdf60350da090f97243f18952287c6c1ea3f8f5	24.21.0	8327	8234	0	93	0	8327	7826	8327	501	8068	[suelo de la tanda] ✅ suelo 7826 · total actual 8327 · marge
108161676562	36162332631	1	success	2026-09-25T16:41:45Z	pr	2dc44a1a632389403b41101bfbbfa3deb65a961a	3aa3a543d0f0297dc1d5fc7694e3674779c1f14e	02946c8842f40febfdb54df087cbe68f58eec432	24.21.0	8324	8231	0	93	0	8324	7826	8324	498	8068	[suelo de la tanda] ✅ suelo 7826 · total actual 8324 · marge
108162625379	36162620570	1	success	2026-09-25T16:45:16Z	pr	9357c644e4f15d327fd78a3bce648b4c356cf248	b8579c56377ee113819651956a52f84d9989353b	ad6d1e59e43b53038cd4e353431d51ec99c39877	24.21.0	8327	8234	0	93	0	8327	7826	8327	501	8068	[suelo de la tanda] ✅ suelo 7826 · total actual 8327 · marge
108164296386	36163121835	1	success	2026-09-25T16:48:58Z	pr	f365f56bcb1e1f72f52f14d032864a491ac5790b	683a3105318c85618fae6d9442e7b79d3253f563	147ad377491fa8c3a7c6f3b0e4b84473776f8bcb	24.21.0	8284	8191	0	93	0	8284	7826	8284	458	8068	[suelo de la tanda] ✅ suelo 7826 · total actual 8284 · marge
108165310934	36163313417	1	success	2026-09-25T16:51:35Z	push	88236ae828b24fcd59c5795f09442ba1e17b987e	88236ae828b24fcd59c5795f09442ba1e17b987e	93bd5ad6b68aebd8fab55cd9687e37c6890dac5d	24.21.0	8304	8211	0	93	0	8304	7826	8304	478	8068	[suelo de la tanda] ✅ suelo 7826 · total actual 8304 · marge
108166331263	36163745812	1	success	2026-09-25T16:54:41Z	pr	3d35c1324c38b02e75957901f0f94428e9220c50	7433620beffb77b74ef4650912c468287c14dc62	d0370a7c42f693d055343478acb9d6606c2d6ca3	24.21.0	8333	8240	0	93	0	8333	7832	8333	501	8074	[suelo de la tanda] ✅ suelo 7832 · total actual 8333 · marge
108167136624	36163984395	1	failure	2026-09-25T16:56:45Z	pr	f285a95087fe8dbdee32f80f9d4c3530d65540fb	26eb2fcf709a33649ca7447a604413448e646a8c	c7fab911666c7e2ded2c2280e74ea357cb270baf	24.21.0	8331	8235	3	93	0	8331	7830	8331	501	8072	[suelo de la tanda] ✅ suelo 7830 · total actual 8331 · marge
108167142117	36163835862	1	success	2026-09-25T16:56:46Z	pr	d4796587eae6685cd3be38a6d86a277497ab7e6a	2204338fa5bcf71bd9cc477842179b8e9c1cc124	47bd2429af43f97ba4ef23d1415e0a1d3b6db255	24.21.0	8327	8234	0	93	0	8327	7826	8327	501	8068	[suelo de la tanda] ✅ suelo 7826 · total actual 8327 · marge
108167589515	36164121430	1	success	2026-09-25T16:58:28Z	pr	e990cb2bc9c2a5d241a0220148cd05791df8e09f	fea98468e4416a41cbb44f7ff34351e3c216b2fc	c4af26a98a7c7f0891f519d9000a3014232aa0d9	24.21.0	8327	8234	0	93	0	8327	7826	8327	501	8068	[suelo de la tanda] ✅ suelo 7826 · total actual 8327 · marge
108168214326	36164306993	1	success	2026-09-25T17:02:18Z	pr	b22d9c0b8c1d3b02a3b5f556c7ea5c44d5633c5c	571eb0140b54da9905c98f9e981912b1ba095142	bfd97b414f51e014b8581881361341a3dff129c1	24.21.0	8338	8245	0	93	0	8338	7833	8338	505	8075	[suelo de la tanda] ✅ suelo 7833 · total actual 8338 · marge
108170255812	36164733144	1	success	2026-09-25T17:05:41Z	push	9e68407bdcb132a8b3b84a08df7b60a293374211	9e68407bdcb132a8b3b84a08df7b60a293374211	0f842758d45b3fe313097b30d158f88555a48d6e	24.21.0	8333	8240	0	93	0	8333	7832	8333	501	8074	[suelo de la tanda] ✅ suelo 7832 · total actual 8333 · marge
108172717764	36165676931	1	failure	2026-09-25T17:12:45Z	pr	c6d52c4e9da1e1202b589e579d69152214048af1	0a4b831fbc5a531aa55c2aeb0e174b3e67109889	bedc1647f692bf2167c6ed575b5d2239a0588a8b	24.21.0	8340	8243	4	93	0	8340	7843	8340	497	8085	[suelo de la tanda] ✅ suelo 7843 · total actual 8340 · marge
108174255693	36165652996	1	success	2026-09-25T17:17:07Z	push	f6814d23d2467de7f790e9bebb6e059a083f890c	f6814d23d2467de7f790e9bebb6e059a083f890c	32a78f711201b7f30bdef87bfd6cd6e3bf7fc109	24.21.0	8344	8251	0	93	0	8344	7839	8344	505	8081	[suelo de la tanda] ✅ suelo 7839 · total actual 8344 · marge
108175986269	36166668161	1	success	2026-09-25T17:22:05Z	pr	7809e6b17b82d69aa713f8de1b8cb0b5c3fa751e	3b7c89880d13ffd3dcdbcf5da6d318a1805a3e82	30616acd46096c13c0e76bbc0b2b5897af381650	24.21.0	8344	8251	0	93	0	8344	7839	8344	505	8081	[suelo de la tanda] ✅ suelo 7839 · total actual 8344 · marge
108178342588	36167385337	1	success	2026-09-25T17:28:58Z	pr	0528aac99cc8fd85b40dd597a3cb787d18152d77	fbe62c0452b2bd6eea75a40b0f377bdd78fcd142	619cbaa4f6365083355b3dabb44937b42956927e	24.21.0	8344	8251	0	93	0	8344	7839	8344	505	8081	[suelo de la tanda] ✅ suelo 7839 · total actual 8344 · marge
108178634601	36167452844	1	success	2026-09-25T17:29:49Z	push	9f6887236257bd7a3ce382bd6223a7edb8eed2c7	9f6887236257bd7a3ce382bd6223a7edb8eed2c7	30616acd46096c13c0e76bbc0b2b5897af381650	24.21.0	8317	8224	0	93	0	8317	7839	8317	478	8081	[suelo de la tanda] ✅ suelo 7839 · total actual 8317 · marge
108178955675	36167576824	1	success	2026-09-25T17:30:44Z	pr	f065c9c480edf8fc6cbb95f7edfd60a2f8fad121	a8e46e52c23f20a1def8cb1661f88d76d7539224	1478b89a413ebe9f14b947207098922dfa32b2dd	24.21.0	8335	8242	0	93	0	8335	7839	8335	496	8081	[suelo de la tanda] ✅ suelo 7839 · total actual 8335 · marge
108181084176	36168219448	1	failure	2026-09-25T17:36:49Z	pr	509b0fda9b56bf258b98949d641a591b53ae7a1a	621b312993a7019bbb605beab6e76d9bff603005	7a311ace01e5baa6799fbe3b999ccca5df322049	24.21.0	8291	8197	1	93	0	8291	7843	8291	448	8085	[suelo de la tanda] ✅ suelo 7843 · total actual 8291 · marge
108181890824	36168462396	1	failure	2026-09-25T17:39:13Z	pr	ab53cf80f58242cda62a7f4bc4652a34310cad55	dd18334b86601d5c1139d7d0fac09fcec6c8482f	23b604fe0e090144aee6d9f3de94ef5a50d3f889	24.21.0	8352	8258	1	93	0	8352	7847	8352	505	8089	[suelo de la tanda] ✅ suelo 7847 · total actual 8352 · marge
108182077551	36168517614	1	failure	2026-09-25T17:39:46Z	pr	5b8b963ee0dea7ac90119790cb126ad725dd1d87	3456c500d0c28cc17b81e8421c81841fdedd831f	de2c494b1dae5e927dc1bab2163db31eb0cc2489	24.21.0	8353	8256	4	93	0	8353	7848	8353	505	8090	[suelo de la tanda] ✅ suelo 7848 · total actual 8353 · marge
108183077276	36168390367	1	failure	2026-09-25T17:42:44Z	push	bf4d82c68cc74c390af36f92c90cdb915e8c31e8	bf4d82c68cc74c390af36f92c90cdb915e8c31e8	5ca042d4532ee2ab5db08ca14cb5cda0b099fadb	24.21.0	8344	8250	1	93	0	8344	7839	8344	505	8081	[suelo de la tanda] ✅ suelo 7839 · total actual 8344 · marge
108186724000	36169937709	1	failure	2026-09-25T17:53:23Z	pr	ebeed8a6d4158d64805497f5ed4c84c01775d738	a5a52f248f86e21a44a8c1edec3b5b7ade09266d	617154de459d84949c998dd623b672a62f2b64e6	24.21.0	8344	8250	1	93	0	8344	7839	8344	505	8081	[suelo de la tanda] ✅ suelo 7839 · total actual 8344 · marge
108186942106	36170001786	1	failure	2026-09-25T17:54:02Z	pr	96abcd7f4c95588cfcf755ec3b3ab65782aebb5e	2e88df6b6e831b4b5ffb7e2ce0fb17c53f97a4d3	1dddd245673b9ce1ca8b5fb1a435f494fa9f8c6a	24.21.0	8374	8280	1	93	0	8374	7868	8374	506	8111	[suelo de la tanda] ✅ suelo 7868 · total actual 8374 · marge
108187299745	36170110502	1	failure	2026-09-25T17:55:06Z	pr	7b3d2fde5e9de555a9ab10baa22d66b8d1c48c03	32c2f065e1943bd0bdbb1956993cdc22765d7a0e	0dd1557ea01c184e7f64c0697ae083df9d7f5e21	24.21.0	8344	8249	2	93	0	8344	7839	8344	505	8081	[suelo de la tanda] ✅ suelo 7839 · total actual 8344 · marge
108187460388	36170160480	1	failure	2026-09-25T17:55:34Z	pr	a168820e77da5b82979b180bac6fc4b4e9929740	bd2b15d74700d0a25e3972568f7b338ae19b1de0	62ac847b005849dd34cd35e932159db45bd3d333	24.21.0	8348	8253	2	93	0	8348	7843	8348	505	8085	[suelo de la tanda] ✅ suelo 7843 · total actual 8348 · marge
108188949103	36170610133	1	failure	2026-09-25T17:59:56Z	pr	4754a2cd45e30799f3893b0ebf94153bc5314bd5	678c60011a86c9d25cd44e6a4fd1f5a6b9929d7e	46ebf22f96da5b77889f932fac95c1648db24078	24.21.0	8350	8256	1	93	0	8350	7848	8350	502	8090	[suelo de la tanda] ✅ suelo 7848 · total actual 8350 · marge
108189500709	36170780264	1	failure	2026-09-25T18:01:31Z	pr	326929984f95b1052e8513f01a5c3bc2211b83aa	e9cbc7b91b6af6d614bbe9a9099ac2ef2350d2f7	0be8c3942c07556e4404af91e63c4d2012de2207	24.21.0	8343	8249	1	93	0	8343	7842	8343	501	8084	[suelo de la tanda] ✅ suelo 7842 · total actual 8343 · marge
108190243971	36171008437	1	success	2026-09-25T18:03:49Z	pr	41d4e33abf6e2b3450af58ad13603638b91d94e4	eadeb5409df3f1e1178df9c5ebd38416969732fb	b481e8d653f5d1d9de5742b0f307b1f70e36a07d	24.21.0	8346	8253	0	93	0	8346	7848	8346	498	8090	[suelo de la tanda] ✅ suelo 7848 · total actual 8346 · marge
108191081958	36171262944	1	failure	2026-09-25T18:06:13Z	pr	32da2be5350c9ccb78025513149c0da066725ddf	630a07ac1ed64573657d9acc1e7878b74dd29a35	65b5341ee5182a5e7d54a9cc3dfa893750c0a536	24.21.0	8326	8231	2	93	0	8326	7850	8326	476	8092	[suelo de la tanda] ✅ suelo 7850 · total actual 8326 · marge
108191149769	36171283812	1	cancelled	2026-09-25T18:07:14Z	pr	4adda5ad1105709a5e91f025b9b8429c983f87fb	e1880d1d2b3dd782b707742291f7ac9d6b07d5ed	a13482adb37594cff2e827cb1e029d073439fffb	24.21.0						4009					[suelo de la tanda] ⚠️ NO SUPE MIRAR: no encontré la línea `
108191350996	36171344411	1	failure	2026-09-25T18:07:41Z	pr	c20d306426fa6819f9b044fff2bb8ed5a037b210	7aaf45e817c3115502f1bec59adaf3c4077d709d	1553881a37735b61a280163f1f88e699fdbccfbb	24.21.0	8373	8279	1	93	0	8373	7868	8373	505	8111	[suelo de la tanda] ✅ suelo 7868 · total actual 8373 · marge
108191585134	36171412632	1	failure	2026-09-25T18:08:21Z	pr	618728566769142d69cd22b65bf4f37ca7762a3f	bce89b7e8ba4bb3c7037096727fb7d9a05ca14be	465b7c27a03e04e906d3faaeb1e7a8336011c4d7	24.21.0	8356	8261	2	93	0	8356	7848	8356	508	8090	[suelo de la tanda] ✅ suelo 7848 · total actual 8356 · marge
108192326948	36171558822	1	failure	2026-09-25T18:15:03Z	pr	9afc5281bf1c935b6e247a79a2f46654cd70dc2b	d3c17cf9801b01ccde359fc8cf160e6296fae45f	4eb7ab18deb0cc7fa8d9dd35b5851f6ebebd86b6	24.21.0	8336	8242	1	93	0	8336	7842	8336	494	8084	[suelo de la tanda] ✅ suelo 7842 · total actual 8336 · marge
108193544610	36172001450	1	success	2026-09-25T18:15:27Z	push	8fe2de5af2530ad29a6ea1ca80391e68957d372d	8fe2de5af2530ad29a6ea1ca80391e68957d372d	b481e8d653f5d1d9de5742b0f307b1f70e36a07d	24.21.0	8328	8235	0	93	0	8328	7848	8328	480	8090	[suelo de la tanda] ✅ suelo 7848 · total actual 8328 · marge
108193188773	36171736943	1	cancelled	2026-09-25T18:15:44Z	pr	50a102b057b93a8eb71886107e9645d1d2e5069a	5e13af2fadc33caca7cd061ab59871ab1d544dc6	a13482adb37594cff2e827cb1e029d073439fffb	24.21.0	8344	8251	0	93	0	8344	7839	8344	505	8081	[suelo de la tanda] ✅ suelo 7839 · total actual 8344 · marge
108193470609	36171979510	1	failure	2026-09-25T18:16:08Z	pr	a947caed3c4a94076952f772a6cb3d1f6cebd8d1	102ee2b0b41d0a96831a61eaf411dd68e97f0a76	337da25816551333dce0fc40c52f8b5ae24cd233	24.21.0	8344	8234	17	93	0	8344	7839	8344	505	8081	[suelo de la tanda] ✅ suelo 7839 · total actual 8344 · marge
108194729493	36172361635	1	success	2026-09-25T18:20:13Z	pr	ccaf534a24585fe3d3635d0ebfbcd21c25633a24	8791bd8a67a71aec087bb080b21fc8da9e0cfe4e	31e2d0548064dba5f871aeae7e0dec40b323b968	24.21.0	8335	8242	0	93	0	8335	7848	8335	487	8090	[suelo de la tanda] ✅ suelo 7848 · total actual 8335 · marge
108194458413	36172279850	1	success	2026-09-25T18:22:22Z	pr	40bf6758609351fce4635219cb6b564f66687178	cc1ebe9667ed70d8e81695a56bb8d8ccb48eacbb	b364946c0c8b0bd589ec7b9cce9bf830d3e79682	24.21.0	8353	8260	0	93	0	8353	7848	8353	505	8090	[suelo de la tanda] ✅ suelo 7848 · total actual 8353 · marge
108196605438	36172933502	1	success	2026-09-25T18:23:33Z	pr	cbcc3f6faf0f3a401d80af78dbdad0044e1c6f72	2e857bfa1604a2c442a1eddd15ef0f7ee2794124	4e65ac6d7570bb34c02c437a7fddb6e1760dd7b7	24.21.0	8353	8260	0	93	0	8353	7848	8353	505	8090	[suelo de la tanda] ✅ suelo 7848 · total actual 8353 · marge
108197242248	36172999730	1	success	2026-09-25T18:26:13Z	pr	051f1097dd28b9792a1ce1876501e447a72c356e	b4eb4907faa9b0646e5826a6431ec6657d3b2209	884b9d61215eb5dd16c7027a36725900e75204cf	24.21.0	8349	8256	0	93	0	8349	7848	8349	501	8090	[suelo de la tanda] ✅ suelo 7848 · total actual 8349 · marge
108198025461	36173369889	1	failure	2026-09-25T18:27:56Z	pr	1c41f8c04a65ef3a9c8c60ae0f0b5c0e21350f30	354088beac60b28dc1405f01fe3b55fd492eab72	a443655a43a570472c5303b9b2b5c8b32cc5937c	24.21.0	8360	8252	15	93	0	8360	7857	8360	503	8100	[suelo de la tanda] ✅ suelo 7857 · total actual 8360 · marge
108200806360	36174221999	1	cancelled	2026-09-25T18:33:56Z	pr	cb41ebdb769840a454d05e0eac06ccf251a390fc	5f15148e17204f08b0f53f500da1833d314b47fb	15238f84cba1391293d64e10fe591e3084652262	24.21.0	8361	8268	0	93	0	8361	7856	8361	505	8098	[suelo de la tanda] ✅ suelo 7856 · total actual 8361 · marge
108201932295	36174303940	1	success	2026-09-25T18:37:13Z	push	ad6e1a5f98fba838b970f084e0a85ba5ae65ea37	ad6e1a5f98fba838b970f084e0a85ba5ae65ea37	0dfce3c2cd148787abd3ac5e3fda3ef1e6f42ffe	24.21.0	8305	8212	0	93	0	8305	7848	8305	457	8090	[suelo de la tanda] ✅ suelo 7848 · total actual 8305 · marge
108203526983	36175058359	1	success	2026-09-25T18:41:51Z	pr	ee3521916c87d5ace9cb96e42476f83195af738c	63e84335bc3dbb2940d8a3706fb42fe495f79274	adce7101b299c08b2d33ddaa4cff0139a53fdee0	24.21.0	8383	8290	0	93	0	8383	7877	8383	506	8120	[suelo de la tanda] ✅ suelo 7877 · total actual 8383 · marge
108203639769	36175093434	1	failure	2026-09-25T18:42:15Z	pr	24067bf8f6ae520befb2eccc78554311aba7a931	04181f6b50aefb5e9682b1119f2e80ad9f48855f	a8196053ceac99cef91fd5cc3d8dcbcc98315c2c	24.21.0	8325	8231	1	93	0	8325	7848	8325	477	8090	[suelo de la tanda] ✅ suelo 7848 · total actual 8325 · marge
108203616319	36175082418	1	success	2026-09-25T18:42:17Z	pr	4830e1e09351af8b430904d7c17090ce70f6fc17	d0c57182bce1196a8d2686830d90b495a0a995d5	be282d177998e7e4565b2eb85038fadea20dd7d9	24.21.0	8357	8264	0	93	0	8357	7852	8357	505	8094	[suelo de la tanda] ✅ suelo 7852 · total actual 8357 · marge
108203618164	36175086467	1	success	2026-09-25T18:49:47Z	pr	f7b8a1f4afd3a920f2164cc6978a5557f333c661	7c92706c93982a9193d487027d3c124110b54e59	dde50a6f59876bd9ae437cc4afbf4480f3fb97ac	24.21.0	8362	8269	0	93	0	8362	7857	8362	505	8099	[suelo de la tanda] ✅ suelo 7857 · total actual 8362 · marge
108203672928	36175103591	1	failure	2026-09-25T18:50:32Z	pr	87fb3a591b1bd4f5f0456cceb78a3a07b203968e	f970970afec23e3a6bd04963c2721a8689b0b1cc	5d7c0e22c0d070e340708d08bd4d0b6af034b9d8	24.21.0	8341	8247	1	93	0	8341	7858	8341	483	8101	[suelo de la tanda] ✅ suelo 7858 · total actual 8341 · marge
108203698146	36175110990	1	success	2026-09-25T18:51:58Z	pr	0d6ca4e25acba0a05ca692a9654eeb52ae59c7ce	c846657cee51a0668f9ca13f25994291522451ac	7a96dbec276164a96c2ed54aaf6085af6dde2cd7	24.21.0	8365	8272	0	93	0	8365	7857	8365	508	8099	[suelo de la tanda] ✅ suelo 7857 · total actual 8365 · marge
108203997557	36175079034	1	success	2026-09-25T18:52:23Z	pr	e559563cd78dff886d5c653899826cbf25bed97c	eb6578721cc1f792c82d50d13832e66f29a96863	95fc8ad388f3812b3f6d4860726d2df2d0de10f6	24.21.0	8361	8268	0	93	0	8361	7856	8361	505	8098	[suelo de la tanda] ✅ suelo 7856 · total actual 8361 · marge
108203983466	36175118751	1	failure	2026-09-25T18:55:36Z	pr	3e22d7a4d33e3ae9f31fd4830736cc8ee935fbee	241795e26a724f3d6cae094e024dff150bf56b7e	792d8ed9fd3bbfe4030ae594aa6469b5ba283253	24.21.0	8363	8255	15	93	0	8363	7857	8363	506	8100	[suelo de la tanda] ✅ suelo 7857 · total actual 8363 · marge
108206534639	36175869339	1	success	2026-09-25T18:56:29Z	push	e528628e30fc65357153e9159a43f1fdf2eafea0	e528628e30fc65357153e9159a43f1fdf2eafea0	be282d177998e7e4565b2eb85038fadea20dd7d9	24.21.0	8355	8262	0	93	0	8355	7852	8355	503	8094	[suelo de la tanda] ✅ suelo 7852 · total actual 8355 · marge
108203656342	36175098459	1	success	2026-09-25T18:59:13Z	pr	ea2551d5f0ca20901c3fd01f215453a19fe637e6	3f3760d6bcf7863791d2f957a82c376a2bb79745	e02957de466cb9fc1d31251f01e5d69a709d9f9b	24.21.0	8352	8259	0	93	0	8352	7851	8352	501	8093	[suelo de la tanda] ✅ suelo 7851 · total actual 8352 · marge
108203713366	36175115052	1	failure	2026-09-25T19:01:17Z	pr	96106baa99818061c4556e2f76d93fef62d3df03	2fdb6ce6a01c24dd834390fd046b29b362ac7988	a1315960cdd4fd033edaa6f1a01ff7e2fd2d2363	24.21.0	8353	8244	16	93	0	8353	7848	8353	505	8090	[suelo de la tanda] ✅ suelo 7848 · total actual 8353 · marge
108203899175	36175169995	1	failure	2026-09-25T19:03:29Z	pr	2c06eec087d0a5adafb315c178fd041eb6f44f88	d09ec929d11c1ec28fdd042b587852eee12f35bf	dcb791c26cd888f78aa76eef6d7e2137114fc226	24.21.0	8353	8247	13	93	0	8353	7848	8353	505	8090	[suelo de la tanda] ✅ suelo 7848 · total actual 8353 · marge
108207660284	36176315164	1	failure	2026-09-25T19:03:39Z	pr	f35eb4b95a7b76937beb50ae2c0a83a77dfc74a6	6a83fc30e01936ec2e3505e49f40dd39fb2529dc	5d3d481cd2d3eaaac68dbc1ce38b43c2120b7854	24.21.0	8386	8280	13	93	0	8386	7884	8386	502	8127	[suelo de la tanda] ✅ suelo 7884 · total actual 8386 · marge
108210693982	36177236939	1	success	2026-09-25T19:06:38Z	pr	e3cd20075387e4b58e3d7faa1c81d1d947f86f54	651879a71318a2532e3a128db4b5fc844454676e	d01bb247f18134efc53d66b6682afbccda781f1e	24.21.0	8416	8323	0	93	0	8416	7906	8416	510	8150	[suelo de la tanda] ✅ suelo 7906 · total actual 8416 · marge
108213158664	36177982388	1	success	2026-09-25T19:09:57Z	pr	fe03f07f4feed467b2583198255005ce407da209	019d3d54fce66684035c207376fb06d110425f38	a7c30c52be28ef2d0f770fa39e4a1504c8bfcbf8	24.21.0	8419	8326	0	93	0	8419	7909	8419	510	8153	[suelo de la tanda] ✅ suelo 7909 · total actual 8419 · marge
108214343730	36177663108	1	success	2026-09-25T19:13:25Z	push	cbd6a2b43039b506953be1ca19fafcef05d3d20d	cbd6a2b43039b506953be1ca19fafcef05d3d20d	5178f29d2f4c37f5765e680a00bcdd9da23efa83	24.21.0	8413	8320	0	93	0	8413	7909	8413	504	8153	[suelo de la tanda] ✅ suelo 7909 · total actual 8413 · marge
108219038530	36178960449	1	success	2026-09-25T19:27:25Z	push	18738bc0b44b0a7554bf82e2abbcba8608c9c8cf	18738bc0b44b0a7554bf82e2abbcba8608c9c8cf	1b810cc63b4d3d09d72b542bdf618346806d0650	24.21.0	8416	8323	0	93	0	8416	7909	8416	507	8153	[suelo de la tanda] ✅ suelo 7909 · total actual 8416 · marge
108220730916	36180300421	1	success	2026-09-25T19:32:28Z	pr	73412bf2945b1eb24e16d54b5b97a4b61f7167cb	3dd5ccca0212d15b82ce3b51c43cd43ff9f817a0	4ebf22008ba2d0294da5dbd33154c1bb6dc52f61	24.21.0	8419	8326	0	93	0	8419	7909	8419	510	8153	[suelo de la tanda] ✅ suelo 7909 · total actual 8419 · marge
108223726673	36181200560	1	success	2026-09-25T19:41:23Z	push	e3b563e0319050c5446afe94f07908d7aac7de69	e3b563e0319050c5446afe94f07908d7aac7de69	4ebf22008ba2d0294da5dbd33154c1bb6dc52f61	24.21.0	8419	8326	0	93	0	8419	7909	8419	510	8153	[suelo de la tanda] ✅ suelo 7909 · total actual 8419 · marge
108226531075	36182054495	1	success	2026-09-25T19:49:56Z	pr	65f6f4bbce51c42c65370d3a60c20e21f4e1ad95	a9c051f4a816c2e64378edcdd71dfef30319d8e4	57fed2ef22446a8c6c2f068b5fc169c01056b4cf	24.21.0	8427	8334	0	93	0	8427	7917	8427	510	8161	[suelo de la tanda] ✅ suelo 7917 · total actual 8427 · marge
108228944155	36182791176	1	success	2026-09-25T19:57:18Z	pr	7627dc8737227d407d807a145e7c632a1ec70c3f	c7d2b6a5ea4fb28f08ab8a06bafea6026588a7d9	c79bb2a4bf1aa3e80bc9868d5d7708523a55d140	24.21.0	8419	8326	0	93	0	8419	7909	8419	510	8153	[suelo de la tanda] ✅ suelo 7909 · total actual 8419 · marge
108229441094	36182940382	1	success	2026-09-25T19:58:50Z	push	bd3d26e74b25e0537e18524617366123b4593eda	bd3d26e74b25e0537e18524617366123b4593eda	57fed2ef22446a8c6c2f068b5fc169c01056b4cf	24.21.0	8419	8326	0	93	0	8419	7917	8419	502	8161	[suelo de la tanda] ✅ suelo 7917 · total actual 8419 · marge
108233702796	36183751800	1	success	2026-09-25T20:11:30Z	push	032afc9ccd2fca0e160af40fcbf1acc0bcf43e0d	032afc9ccd2fca0e160af40fcbf1acc0bcf43e0d	b829d28c0b1b77ce460163d6a205fcb53d5d5ba6	24.21.0	8417	8324	0	93	0	8417	7917	8417	500	8161	[suelo de la tanda] ✅ suelo 7917 · total actual 8417 · marge
108349868950	36222355107	1	failure	2026-09-26T05:58:35Z	pr	f36e0c84ac59d7016b2521ce8ac8db8034fc0b31	49d88e1a4ed04345d94eaf68a023408634a87771	59b890a32b9fbcf6aedae246aa1d8bb95741f7a0	24.21.0	8430	8324	13	93	0	8430	7920	8430	510	8164	[suelo de la tanda] ✅ suelo 7920 · total actual 8430 · marge
108349874506	36222357096	1	failure	2026-09-26T05:58:37Z	pr	7acb0f60ddd6f7619b7dcf8ca21e249309102148	a8becf73df80e21830d587bb61331fcc1c6745e1	d8f613d303549d5f714ca7ba55eb99b5d81aff57	24.21.0	8424	8318	13	93	0	8424	7917	8424	507	8161	[suelo de la tanda] ✅ suelo 7917 · total actual 8424 · marge
108349881003	36222359363	1	failure	2026-09-26T05:58:54Z	pr	4cfa2fc8ee0a09606cb029edc08bee14db2636e3	fb3b2a686f866b196bcefb09ea0d6ffad3530349	dd8c5c7c782688e8b62789903f7e6bdbc7c543a0	24.21.0	8432	8324	15	93	0	8432	7926	8432	506	8171	[suelo de la tanda] ✅ suelo 7926 · total actual 8432 · marge
108349885949	36222361139	1	failure	2026-09-26T05:59:03Z	pr	7005fa0bf34f30991ca5294ccbbf5640fba61901	fb924ad106f47afc964a4ace542193f90f0c4a7f	8a34f0a870b163f7a3ed9d81c39dc1f6f11350dd	24.21.0	8398	8289	16	93	0	8398	7917	8398	481	8161	[suelo de la tanda] ✅ suelo 7917 · total actual 8398 · marge
108349889051	36222362215	1	failure	2026-09-26T06:00:08Z	pr	a2f92f2a094f9fb227294044e7458cd69cbbf2c1	4b30dd25b6ebb7039e7d456a1cd3c5560f2f1284	cf08004b6368be986db69b979e8c836851104960	24.21.0	8438	8344	1	93	0	8438	7927	8438	511	8172	[suelo de la tanda] ✅ suelo 7927 · total actual 8438 · marge
108351039758	36222780501	1	cancelled	2026-09-26T06:07:33Z	pr	e16d4648b75e3efe667c21ce24e51eb2232f7aec	659112a487db9a20b7bad1dc21ce2489b9ee7c58	da492808a6c69f503b29af709f35842f6d6c79be	24.21.0						2907					[suelo de la tanda] ⚠️ NO SUPE MIRAR: no encontré la línea `
108351292094	36222859122	1	success	2026-09-26T06:08:53Z	pr	9ca0f36352b1cb564079f3426525c4e46f944923	d011b8d63bd3e424e2aa3ef827b36ee5c1c333ef	e3b3e090fef43bbf29edaa80538931c1decfd4bd	24.21.0	8430	8337	0	93	0	8430	7920	8430	510	8164	[suelo de la tanda] ✅ suelo 7920 · total actual 8430 · marge
108353727982	36222859122	2	success	2026-09-26T06:08:53Z	pr	9ca0f36352b1cb564079f3426525c4e46f944923	d011b8d63bd3e424e2aa3ef827b36ee5c1c333ef	e3b3e090fef43bbf29edaa80538931c1decfd4bd	24.21.0	8430	8337	0	93	0	8430	7920	8430	510	8164	[suelo de la tanda] ✅ suelo 7920 · total actual 8430 · marge
108351604515	36222915276	1	cancelled	2026-09-26T06:11:06Z	pr	11ed701254c42aa29d793c779cdb188d5861810e	7cf45f405996f2c0c60e69a585e5254c62df5d60	517432578a3a6c0b725a2bff0ceee8cd409d582e	24.21.0						8152					[suelo de la tanda] ⚠️ NO SUPE MIRAR: no encontré la línea `
108352234730	36223213787	1	success	2026-09-26T06:15:35Z	pr	ef9b056f148bd95f327640cbcff0f2c9d796af67	fc78437d6051c75afa0cf85e2f41e6aa459a3e50	0dc30b0b17504ab34d57429e424c707a15b6ede4	24.21.0	8422	8329	0	93	0	8422	7917	8422	505	8161	[suelo de la tanda] ✅ suelo 7917 · total actual 8422 · marge
108352354919	36223255035	1	success	2026-09-26T06:16:25Z	pr	c152ffb0c61c61b7b3d210111fd056df5f5c5767	40dd146363338d4e616bbf8f3cf948db390220f5	ceaedb38304f9d153f74c453b65a7adc82e4c33f	24.21.0	8427	8334	0	93	0	8427	7917	8427	510	8161	[suelo de la tanda] ✅ suelo 7917 · total actual 8427 · marge
108352545657	36223322013	1	success	2026-09-26T06:17:48Z	push	52e67c9e95b2bcaca8f8f2fcad14d201e168517f	52e67c9e95b2bcaca8f8f2fcad14d201e168517f	e3b3e090fef43bbf29edaa80538931c1decfd4bd	24.21.0	8430	8337	0	93	0	8430	7920	8430	510	8164	[suelo de la tanda] ✅ suelo 7920 · total actual 8430 · marge
108352556918	36223325763	1	failure	2026-09-26T06:19:00Z	pr	ebe00a4ca9cd1d5964bd08dfedd94ba76891caa0	84a41248d19e525c81eef4ebfb8d58b2103fda06	284505e474d6f97599320797d1ace711744738b3	24.21.0						3679					[suelo de la tanda] 🔴 LA TANDA ESTÁ 7817 TEST(S) POR DEBAJO
108352566827	36223313984	1	success	2026-09-26T06:21:21Z	pr	923a1579164557029ae6870586066defdcb7d71d	bd86c6f44ee44f41b864587975dd889fd8664e43	b06c441a065b174e6b03d0b40209b54af86bfe29	24.21.0	8413	8320	0	93	0	8413	7917	8413	496	8161	[suelo de la tanda] ✅ suelo 7917 · total actual 8413 · marge
108352797218	36223411090	1	failure	2026-09-26T06:25:17Z	pr	b9cd0afb5bcac1dbe3eddc5b1191fb510a5f6f39	bfa05ecefeeb88dcd7431f0030b106418944761c	64ac284092b5b63f9b94b30bf2ac85ceb5c3426e	24.21.0	8430	8335	2	93	0	8430	7920	8430	510	8164	[suelo de la tanda] ✅ suelo 7920 · total actual 8430 · marge
108353504249	36223667496	1	success	2026-09-26T06:27:40Z	pr	8df89673b243478ccbf879878ce41c3ec5e81582	e0bcb66a773b3566855fd0aff3cdef04a9764bcc	432d729c1dac85629de4cf472611233e878dc972	24.21.0	8441	8348	0	93	0	8441	7930	8441	511	8175	[suelo de la tanda] ✅ suelo 7930 · total actual 8441 · marge
108354450702	36223925739	1	success	2026-09-26T06:31:35Z	push	5b79374ef1d4ea9a3a30f5262f2f02a992d698ce	5b79374ef1d4ea9a3a30f5262f2f02a992d698ce	a03ebbd98aa7235cf90997accf89c05ed25c9afa	24.21.0	8407	8314	0	93	0	8407	7920	8407	487	8164	[suelo de la tanda] ✅ suelo 7920 · total actual 8407 · marge
108355661223	36224457997	1	failure	2026-09-26T06:40:25Z	pr	0d1fbf7df9e4c98ff178c127f52c8b5d3db10a7f	8e4a281136274dd7de591c3d8c3777cc2a1aa70d	940303ebed29364dfdf96455a6e3679e090e7870	24.21.0	8441	8347	1	93	0	8441	7930	8441	511	8175	[suelo de la tanda] ✅ suelo 7930 · total actual 8441 · marge
108355933220	36224555982	1	success	2026-09-26T06:42:26Z	pr	019024e14d83c096c0aa95fb67550cf679f2a6e4	262b1b5fbe193130cecfea4cac8aaae9394a1003	cf59a4f3558cdeeeea36f53fd0b2bb98d4c279c5	24.21.0	8451	8358	0	93	0	8451	7940	8451	511	8185	[suelo de la tanda] ✅ suelo 7940 · total actual 8451 · marge
108356363419	36224707706	1	success	2026-09-26T06:45:26Z	pr	afea949978a709cf06819f5b5bef0df084a06233	1809a0db6a2485d53ce03ae2af558edbbcfc8af5	42b14783463866a2ceabf78d9267065ecc1b5b62	24.21.0	8411	8318	0	93	0	8411	7930	8411	481	8175	[suelo de la tanda] ✅ suelo 7930 · total actual 8411 · marge
108358124911	36225327292	1	success	2026-09-26T06:58:00Z	pr	36600f6670deca9b18422daaeb9a3ffabc59c1f7	aae3045f96a79fcfd909be3e12ba05a8045bee95	8e0189ec661f0f6a03e0f3a00633e7b1c4df3969	24.21.0	8436	8343	0	93	0	8436	7940	8436	496	8185	[suelo de la tanda] ✅ suelo 7940 · total actual 8436 · marge
108358430574	36225433489	1	failure	2026-09-26T07:00:13Z	pr	373712265d064a3be0ec901a23e61b1f28f33bd8	dd27c22ccfcdc1a5b59d75f490289698e60eea00	a78f105afd33c0949f647a5a5d99ad95ccd0ac1c	24.21.0	8447	8352	2	93	0	8447	7940	8447	507	8185	[suelo de la tanda] ✅ suelo 7940 · total actual 8447 · marge
108360887065	36225767284	1	success	2026-09-26T07:16:54Z	push	2e897e0bff685bb07de7fd011e38f4a2ac3d1ce5	2e897e0bff685bb07de7fd011e38f4a2ac3d1ce5	8e0189ec661f0f6a03e0f3a00633e7b1c4df3969	24.21.0	8451	8358	0	93	0	8451	7940	8451	511	8185	[suelo de la tanda] ✅ suelo 7940 · total actual 8451 · marge
108364548275	36227613007	1	success	2026-09-26T07:42:49Z	pr	8957c34d03c1db2802f6e0fdfbc8c0928554ad7e	02c45315c3d4484a78636e118ad555af6d0d182b	ceaeac0301ca5920dee042009d67b2f3a1301bd5	24.21.0	8450	8357	0	93	0	8450	7940	8450	510	8185	[suelo de la tanda] ✅ suelo 7940 · total actual 8450 · marge
108365443916	36227934467	1	success	2026-09-26T07:49:11Z	push	942e90d1f84dd6d7fcf5fa92aad48f36758c2d87	942e90d1f84dd6d7fcf5fa92aad48f36758c2d87	ceaeac0301ca5920dee042009d67b2f3a1301bd5	24.21.0	8445	8352	0	93	0	8445	7940	8445	505	8185	[suelo de la tanda] ✅ suelo 7940 · total actual 8445 · marge
108400245733	36240603489	1	success	2026-09-26T12:01:07Z	pr	2502bd1aaa8339b73f892ee09463752d8fc338d0	6490970b26b3ed6a68d68f8d4c4b9a3dfbf36ced	6b74c10b16bc840d1aed2928cc094b2f27ae9b31	24.21.0	8429	8336	0	93	0	8429	7941	8429	488	8186	[suelo de la tanda] ✅ suelo 7941 · total actual 8429 · marge
108400297438	36240622031	1	failure	2026-09-26T12:01:27Z	pr	62a58b01f1b0e3f4af7ce68da24f981351e4b6a3	c3d1fbc93382193010c7b84c2b3d9ab1f0c9ab59	8bbaf9f10007719b55e41ab808a516b153b46386	24.21.0	8451	8345	13	93	0	8451	7940	8451	511	8185	[suelo de la tanda] ✅ suelo 7940 · total actual 8451 · marge
108400535536	36240707259	1	success	2026-09-26T12:03:05Z	pr	e80b1103312c61637202bd8685c5718b32e43b1d	e51eb2c8b6b3e7190d893f88431f4009d16f9564	ca2f9d695f646fa201598c3b718a9c694864aa81	24.21.0	8416	8323	0	93	0	8416	7943	8416	473	8188	[suelo de la tanda] ✅ suelo 7943 · total actual 8416 · marge
108401345887	36240998162	1	cancelled	2026-09-26T12:08:41Z	pr	79243455fccbe3d4dcb7eb4b0d0c99a8a61ccd18	a21d8d43bf7a8da6cc09990bd38afb8ffb9b957d	2c875a7baad64ada1063c68a4c89257e47bae3ad	24.21.0						3997					[suelo de la tanda] ⚠️ NO SUPE MIRAR: no encontré la línea `
108401473639	36241042880	1	success	2026-09-26T12:09:35Z	pr	f73e546dd79180059ae5932c734e9b6cd5ef4b08	a554d0dc1a6d967f49e48eeebad2083297a47fdd	2419a509edb90c95e75828dff26eaf47a0929452	24.21.0	8432	8339	0	93	0	8432	7945	8432	487	8190	[suelo de la tanda] ✅ suelo 7945 · total actual 8432 · marge
108401563926	36241076579	1	success	2026-09-26T12:10:28Z	push	75b25818e8e293c32e4536d813ddd793b1d2d525	75b25818e8e293c32e4536d813ddd793b1d2d525	6b74c10b16bc840d1aed2928cc094b2f27ae9b31	24.21.0	8452	8359	0	93	0	8452	7941	8452	511	8186	[suelo de la tanda] ✅ suelo 7941 · total actual 8452 · marge
108401682468	36241107250	1	success	2026-09-26T12:11:28Z	pr	e35e84d019c477c3990c12b8cf2526ac19517055	fbe2b1369cc1513960b6eafaecd4f05ca2b2e5bd	0cf7986e9b811c90e573f9fd64be9896a5f31f90	24.21.0	8455	8362	0	93	0	8455	7944	8455	511	8189	[suelo de la tanda] ✅ suelo 7944 · total actual 8455 · marge
108401744002	36241116592	1	failure	2026-09-26T12:11:29Z	pr	a07cce85369cc39da9e7c98f01f2c1ab90daa29e	d893ac634e00a000c4eeed5578b6763cf3e6c071	5ce4aefa35367a341a25bc17dc0c548428dd9e97	24.21.0	8459	8364	2	93	0	8459	7948	8459	511	8193	[suelo de la tanda] ✅ suelo 7948 · total actual 8459 · marge
108402251643	36241322291	1	failure	2026-09-26T12:15:37Z	pr	d05d9aa60dfbc68f8ea1b794c393b7cb114e0930	06eb91272b8d506fa21b756dae9e21e23b6330f3	296dd63a7c6c9bdb98ad39cde1446d5d97cbe311	24.21.0	8460	8354	13	93	0	8460	7949	8460	511	8194	[suelo de la tanda] ✅ suelo 7949 · total actual 8460 · marge
108403304235	36241693802	1	failure	2026-09-26T12:22:11Z	pr	e5f3de2f001fde9c5f22ff3012671eeccda3c89e	860ab53c434c31f30ca2807364514fb4575109b4	8750497f4ac857465b548163eafb5a297d677c3e	24.21.0	8477	8381	3	93	0	8477	7956	8477	521	8202	[suelo de la tanda] ✅ suelo 7956 · total actual 8477 · marge
108403740088	36241611216	1	success	2026-09-26T12:25:10Z	push	c3031d8929b268ed37a13b7674f81785aa61a9ed	c3031d8929b268ed37a13b7674f81785aa61a9ed	1b55243f2569b30db0d0665961f95b49b73b3a20	24.21.0	8460	8367	0	93	0	8460	7949	8460	511	8194	[suelo de la tanda] ✅ suelo 7949 · total actual 8460 · marge
108403894246	36241908378	1	success	2026-09-26T12:26:15Z	pr	ef8910910a626455c94054de1a87cfebbbc262d0	e36da4f18be007242e21a4d4f268b386f9502db5	e8134389ac26aa3d62dca34b8c4ba0426069d60b	24.21.0	8464	8371	0	93	0	8464	7953	8464	511	8198	[suelo de la tanda] ✅ suelo 7953 · total actual 8464 · marge
108404113985	36241989268	1	failure	2026-09-26T12:27:49Z	pr	a04164c0ff182063d0f3e92e0416f0b74468ebf5	5d12792bef5dda375880ef66b81c7767b4d9912d	24ebf5e0bd1af8928381678b1604024dd297c1f8	24.21.0	8468	8365	6	97	0	8468	7956	8468	512	8202	[suelo de la tanda] ✅ suelo 7956 · total actual 8468 · marge
108404836176	36242252212	1	success	2026-09-26T12:32:42Z	pr	a0f454f3b327fce56a7297a469e808522c6f7b01	a1ab2bd0ae880eafef72d0ef7cef055d4468005f	e9e2ab537d96fb5b64f061765719232362d94e6d	24.21.0	8453	8360	0	93	0	8453	7953	8453	500	8198	[suelo de la tanda] ✅ suelo 7953 · total actual 8453 · marge
108404872034	36242265804	1	success	2026-09-26T12:34:10Z	pr	b7ba3f1a17b12f2db57b852e1204b44ddd64aa57	8390ec6b8fb2bace35b18bd04059ef21e24a6f4a	54e50c3c8abb61bb16ee011b993100081d03ac2b	24.21.0	8465	8372	0	93	0	8465	7954	8465	511	8199	[suelo de la tanda] ✅ suelo 7954 · total actual 8465 · marge
108405048573	36242329649	1	failure	2026-09-26T12:35:35Z	pr	4198016909295cc4c684343257117f362b1ed623	fe92c8a4c5baedf4cf23d12ba3cdaeb165beb71c	9e34ae0826639b59252a6225fce4e8f54858161e	24.21.0	8462	8368	1	93	0	8462	7951	8462	511	8196	[suelo de la tanda] ✅ suelo 7951 · total actual 8462 · marge
108405501558	36242493795	1	success	2026-09-26T12:40:06Z	pr	333c2ce619d34e17486cf9d3253c6e51d2f4f8f2	44442643fbe2f4b8451a9f1ec2129c6c721a2324	5c0215c0c1d1feb9760a5f7b12710338061a774e	24.21.0	8486	8392	0	94	0	8486	7960	8486	526	8206	[suelo de la tanda] ✅ suelo 7960 · total actual 8486 · marge
108405594873	36242361627	1	success	2026-09-26T12:41:24Z	push	056d757bf3dbddd91115eec05245e79e1fb800db	056d757bf3dbddd91115eec05245e79e1fb800db	e8134389ac26aa3d62dca34b8c4ba0426069d60b	24.21.0	8464	8371	0	93	0	8464	7953	8464	511	8198	[suelo de la tanda] ✅ suelo 7953 · total actual 8464 · marge
108406117950	36242710708	1	success	2026-09-26T12:43:08Z	pr	727d935bd1dc94dcaea8132ac17680bb9d5fdc82	ab6952d90d4e7920b1eb2d391a59fc06f9e45714	f3118dfd1c1c3f1afce87f06f73b4c797c5b084e	24.21.0	8468	8375	0	93	0	8468	7956	8468	512	8202	[suelo de la tanda] ✅ suelo 7956 · total actual 8468 · marge
108406383646	36242806503	1	cancelled	2026-09-26T12:47:20Z	pr	a73b51251c5ee7ad400cda0dc11489b740334121	259ff7dd6cd7abd0464553f0e2cf7079990d0e7c	81bfc60c2a0ea545c629190ed6e3162df6cb6144	24.21.0						4141					[suelo de la tanda] ⚠️ NO SUPE MIRAR: no encontré la línea `
108406728182	36242930389	1	success	2026-09-26T12:47:49Z	pr	b64d5ef1f6f9c3ab0c2dd49534b1861168b77af1	0286770e6c39ee84665497b2040e1861b4c37975	dcc5194a416f688c4e9d908d8da8c824bc8709ec	24.21.0	8473	8380	0	93	0	8473	7961	8473	512	8207	[suelo de la tanda] ✅ suelo 7961 · total actual 8473 · marge
108406211621	36242743804	1	success	2026-09-26T12:48:52Z	pr	0c28123ff97ada41d71328b10b4db5aebf178a6b	ab22f805380a571ca6e4a569293342723168f18d	165e661ebd027eacd4d223ecb56bb8a9be09b6a2	24.21.0	8464	8371	0	93	0	8464	7956	8464	508	8202	[suelo de la tanda] ✅ suelo 7956 · total actual 8464 · marge
108406897028	36242991318	1	success	2026-09-26T12:50:54Z	pr	cb229c98656055affa3bbd58518cd8421e45004d	f605307a98aad648b27b1a3f48cb72f964fc487d	69d791cd6038064fd4bfcc51f843dce010ef0c5f	24.21.0	8475	8382	0	93	0	8475	7963	8475	512	8209	[suelo de la tanda] ✅ suelo 7963 · total actual 8475 · marge
108407592352	36243201410	1	failure	2026-09-26T12:51:32Z	pr	7f39dbcd27cb26e72e041ece9a04fc788ff43244	731bb1ca2befc6d6900c37b4a442e47fae115008	ae96f6875f7b17da7bba151cccbb7b55e7d99639	24.21.0	8503	8404	1	98	0	8503	7977	8503	526	8223	[suelo de la tanda] ✅ suelo 7977 · total actual 8503 · marge
108407629082	36243253008	1	success	2026-09-26T12:53:07Z	pr	17a23d3e814b6f3fcd2b9c6124f610f688b8fbe1	2a835b2920474a237a99d5af44ae5d2819a4da5a	f0fda3cd1319f17d740138c8785bd152ec9c7524	24.21.0	8498	8404	0	94	0	8498	7972	8498	526	8218	[suelo de la tanda] ✅ suelo 7972 · total actual 8498 · marge
108407576437	36243233829	1	success	2026-09-26T12:56:08Z	pr	cc4780022f154b5c2884d0223b501f24f19abc9f	52a8018cbf4f1da349acd7e4b078ed4207bc0e3b	0c6538fc966f40fbbe84065ca0f5ee7015804387	24.21.0	8495	8401	0	94	0	8495	7969	8495	526	8215	[suelo de la tanda] ✅ suelo 7969 · total actual 8495 · marge
108407691118	36243276566	1	success	2026-09-26T13:00:07Z	pr	0a793246aaeb891df2cb733ffc268c0b8f50c1e2	5cfe1ebd2714f1161f3dbc7d3fb8fb593e882f8f	8ce9fbf5ceb5b0867245650b39fadfafb33ecea1	24.21.0	8470	8376	0	94	0	8470	7971	8470	499	8217	[suelo de la tanda] ✅ suelo 7971 · total actual 8470 · marge
108408140242	36243261600	1	success	2026-09-26T13:01:18Z	push	c5dd40fbd61f275c736f535d0afb2b4cdf6a5808	c5dd40fbd61f275c736f535d0afb2b4cdf6a5808	8f223852cfdce33ad4f7990ee14cf003421a345f	24.21.0	8495	8401	0	94	0	8495	7969	8495	526	8215	[suelo de la tanda] ✅ suelo 7969 · total actual 8495 · marge
108408370369	36243526152	1	success	2026-09-26T13:03:32Z	pr	3edfa0b0f5017b1da53986bc710b316e34f557d0	86c3c9a9e2c9671edd64668ee92994e8bed77fff	92fc476c8a2701a0ce0f49902897d325004e84d0	24.21.0	8489	8395	0	94	0	8489	7969	8489	520	8215	[suelo de la tanda] ✅ suelo 7969 · total actual 8489 · marge
108408443123	36243552100	1	success	2026-09-26T13:07:36Z	pr	8951398e4d5c456eeae60db08487dcffd58d2302	377088a7c3d95f8b24fff318145049a95d68c8e0	7efaec8bf616a3c04d5263e33ddb2825e146762f	24.21.0	8509	8415	0	94	0	8509	7983	8509	526	8229	[suelo de la tanda] ✅ suelo 7983 · total actual 8509 · marge
108409247737	36243789625	1	success	2026-09-26T13:08:43Z	pr	92c69aced29d0e255526beeed850d39917598b12	8884711bc900f16fd295d052a459e973a4b471c9	ee24f200c558c55631885c92819747aaa0d6c18c	24.21.0	8505	8407	0	98	0	8505	7979	8505	526	8225	[suelo de la tanda] ✅ suelo 7979 · total actual 8505 · marge
108409113605	36243801473	1	failure	2026-09-26T13:09:34Z	pr	9f625c0315d7086c493f517bdd6731f9603d9798	3f8b631ef4edb9ccca38210695811ff57040428a	039b7760d6dbc61a63364164d2d0a5e3e6f551a0	24.21.0	8497	8387	16	94	0	8497	7971	8497	526	8217	[suelo de la tanda] ✅ suelo 7971 · total actual 8497 · marge
108410181328	36244188569	1	success	2026-09-26T13:12:07Z	pr	808f7be0753f069c4d8d602772c1f71d19a49746	cdef969642db3ff671acf537da210ea800baede7	7f75bfd1ba1e9975b936cc80887afc3580fc3e6d	24.21.0	8502	8408	0	94	0	8502	7976	8502	526	8222	[suelo de la tanda] ✅ suelo 7976 · total actual 8502 · marge
108411028557	36244493722	1	success	2026-09-26T13:15:09Z	pr	4c77eec1e7f67b018b49be606216c0c8f9ce7851	5775b95400b81713c4aec264dd52560952a25da7	8284eb63143e941bdfb5365ad153bfcb489fc83f	24.21.0	8511	8417	0	94	0	8511	7985	8511	526	8231	[suelo de la tanda] ✅ suelo 7985 · total actual 8511 · marge
108411836091	36244739465	1	success	2026-09-26T13:19:26Z	push	cbb85e0294392c2fc25961e1c817b67e6f0604fb	cbb85e0294392c2fc25961e1c817b67e6f0604fb	1e993e74af0dbe486eedaeaa9f8dfa0b77d1335f	24.21.0	8524	8426	0	98	0	8524	7997	8524	527	8244	[suelo de la tanda] ✅ suelo 7997 · total actual 8524 · marge
108412886542	36245155932	1	failure	2026-09-26T13:26:16Z	pr	7e50b9376141d40e0ab05ed95d3dca39077991b1	7e4264eafed290c760d37038a7bdea7395252531	54a9d5e6669a1b2a854ff41b89848479ced52e47	24.21.0	8544	8441	5	98	0	8544	8017	8544	527	8264	[suelo de la tanda] ✅ suelo 8017 · total actual 8544 · marge
108413221840	36245278171	1	success	2026-09-26T13:28:28Z	pr	f3902e0e70013f9b03ab7a6f380467e34c3772f2	59e80554f96dad03886ef51293d710f4d1302aba	8c8502d220196b570235ca02117c742d99fc8e3e	24.21.0	8533	8435	0	98	0	8533	8006	8533	527	8253	[suelo de la tanda] ✅ suelo 8006 · total actual 8533 · marge
108413285188	36245300965	1	cancelled	2026-09-26T13:28:53Z	pr	ac2eb5d5e721f3cd8cb013e957506393d8469fa3	c91012ea39aa50ccf39022e6fd7ffb963aa5e451	fcf4fb7844bda4afdeb6ee80ec5f1299633cd8f2	24.21.0						6583					[suelo de la tanda] ⚠️ NO SUPE MIRAR: no encontré la línea `
108413656681	36245441390	1	failure	2026-09-26T13:31:12Z	pr	9f2bd1459508776e19503163072e1b3563d67ffa	c760594d8c1217ce54c99773babcf447e9c97e58	f659fe096c23fbe59e4662f2db49c786eacb6c42	24.21.0	8533	8434	1	98	0	8533	8006	8533	527	8253	[suelo de la tanda] ✅ suelo 8006 · total actual 8533 · marge
108413718823	36245075781	1	success	2026-09-26T13:31:37Z	push	ef07945b3adc00de4d6009db3021188d4b8219be	ef07945b3adc00de4d6009db3021188d4b8219be	3cd88893d53fcb28ec38ce4d0cd4d345bfca9954	24.21.0	8533	8435	0	98	0	8533	8006	8533	527	8253	[suelo de la tanda] ✅ suelo 8006 · total actual 8533 · marge
108414116462	36245543818	1	success	2026-09-26T13:34:15Z	pr	815cd7178e38f722b0f43f167ea60cb4353e184e	bd22b7041584bea59372ac39919b5e159db1dfe2	fcf4fb7844bda4afdeb6ee80ec5f1299633cd8f2	24.21.0	8533	8435	0	98	0	8533	8006	8533	527	8253	[suelo de la tanda] ✅ suelo 8006 · total actual 8533 · marge
108414797613	36245856046	1	success	2026-09-26T13:38:47Z	pr	73ede15825498596935e6a9c71ff198338eaffc9	1168c44d21a15733a318c7e62b1823399146dcb3	8986142d1eedb85a4a66693ad232690960e12fc5	24.21.0	8533	8435	0	98	0	8533	8006	8533	527	8253	[suelo de la tanda] ✅ suelo 8006 · total actual 8533 · marge
108414978265	36245921357	1	failure	2026-09-26T13:40:09Z	pr	65b5b498d682810e250ae483ddba7787841d7dc0	b22e9a100e0bd705cd5e1a168a7edf439b39e7a5	a5da4d1e970e5d29371448db3f966d4fdf38ca6b	24.21.0	8537	8421	18	98	0	8537	8010	8537	527	8257	[suelo de la tanda] ✅ suelo 8010 · total actual 8537 · marge
108415139573	36245981371	1	failure	2026-09-26T13:42:44Z	pr	bbc91b408eb8ca77c4806ebf3bffd2b83ab9ac67	96b35d07a63d3e1905391edb3bc32135217549f4	2117788a6dcf12ad4071c2a64832545acefe84cb	24.21.0	8533	8419	16	98	0	8533	8006	8533	527	8253	[suelo de la tanda] ✅ suelo 8006 · total actual 8533 · marge
108415862526	36246236356	1	success	2026-09-26T13:45:53Z	push	37bda5dbc6991cc33a54ee7248020be30d2f977f	37bda5dbc6991cc33a54ee7248020be30d2f977f	6c8db559488cd175de8983c18b881ab37c945ec0	24.21.0	8533	8435	0	98	0	8533	8006	8533	527	8253	[suelo de la tanda] ✅ suelo 8006 · total actual 8533 · marge
108649424902	36329795850	1	failure	2026-09-27T15:30:24Z	pr	58e77e6a70df2cdcc12797ce5dce5a9dfe45758d	f3c68f0210625dc61cfd487ad2588d161f7d13a2	dc28b6409094c7f57659e10807fd308912608748	24.21.0	8533	8434	1	98	0	8533	8006	8533	527	8253	[suelo de la tanda] ✅ suelo 8006 · total actual 8533 · marge
108649437366	36329800919	1	failure	2026-09-27T15:30:28Z	pr	d5a5b9b915586cd665e41b5f06e9ffe1cf850aec	a97bd204e7a075ef1f6f8bdb278d78f73a37da8b	3adc1053d32f63c0ded77ddf25b3056db31de454	24.21.0	8532	8417	18	97	0	8532	8010	8532	522	8257	[suelo de la tanda] ✅ suelo 8010 · total actual 8532 · marge
108649443801	36329803177	1	failure	2026-09-27T15:30:41Z	pr	298b08eb16a462be5b75256ebf93203ced6a720e	efbe04882cb4f4e4bf6bf71a7b2d061e51ad6b8d	61dfb057aafad0e65675ed139f3055a3f336f25d	24.21.0	8524	8410	16	98	0	8524	8006	8524	518	8253	[suelo de la tanda] ✅ suelo 8006 · total actual 8524 · marge
108649456040	36329807785	1	failure	2026-09-27T15:30:46Z	pr	18a3b0166493c0305dcd4acff3ff3ef6829c0cac	152de6779834c37d27927c80ed6acebec76f4b73	849aadb6c1027332ef42ea4829cf019685eb6c52	24.21.0	8544	8441	5	98	0	8544	8017	8544	527	8264	[suelo de la tanda] ✅ suelo 8017 · total actual 8544 · marge
108652197209	36330795320	1	success	2026-09-27T15:46:40Z	pr	1126abd70983a577f93847e0a095e2f8b64b1a5d	0a6786d8b447e757830e7a71b2e1c84ffe8983fe	d3096c0a5f2a3f6cd5534396e48e4091fa5bcd55	24.21.0	8549	8451	0	98	0	8549	8016	8549	533	8263	[suelo de la tanda] ✅ suelo 8016 · total actual 8549 · marge
108652522208	36330911371	1	cancelled	2026-09-27T15:48:40Z	pr	4676ab909e005ba2013d9395473e374e30fc7cf7	18da93c5f5083cd0df9d495a0911b58a946a7fbf	1badb859ab49cd32e827f79e3e220ff8a16150af	24.21.0						6047					[suelo de la tanda] ⚠️ NO SUPE MIRAR: no encontré la línea `
108652868653	36331037313	1	success	2026-09-27T15:51:17Z	pr	2d0ec6dc8a2411372cc3734d7c4e71026b5ae455	62aec8668bf6d11729897591491766c31d3a994d	7580b75fde97515bf9042e2c46b63ffdecf96992	24.21.0	8533	8435	0	98	0	8533	8006	8533	527	8253	[suelo de la tanda] ✅ suelo 8006 · total actual 8533 · marge
108652974203	36331074488	1	success	2026-09-27T15:51:29Z	pr	4882bf82f0080bacb5d208569f7d9661c8551806	ef253a5b63af2aaf58220102e59512cf43094f11	1f84029afca4936591c1f6305c27cc1e4fd4b01b	24.21.0	8532	8434	0	98	0	8532	8010	8532	522	8257	[suelo de la tanda] ✅ suelo 8010 · total actual 8532 · marge
108653416031	36331170617	1	success	2026-09-27T15:53:56Z	pr	5ff01fea781394772104d96f42389929b6e0b0ee	55b5fc88e05c6c0c9488835290e3a75fd6c98665	c8a9aab2c9d0c5c7c082a9540bed9a8f9324f63e	24.21.0	8490	8392	0	98	0	8490	8006	8490	484	8253	[suelo de la tanda] ✅ suelo 8006 · total actual 8490 · marge
108653668529	36331314638	1	success	2026-09-27T15:55:22Z	push	a399c71be2709abafaed10ee7a2af18b6e486a31	a399c71be2709abafaed10ee7a2af18b6e486a31	d3096c0a5f2a3f6cd5534396e48e4091fa5bcd55	24.21.0	8484	8386	0	98	0	8484	8016	8484	468	8263	[suelo de la tanda] ✅ suelo 8016 · total actual 8484 · marge
108654242833	36331514849	1	success	2026-09-27T15:59:24Z	pr	f0ff43dfac58d6149e78648dc02b612cfab6a2ee	c1314755ec63362e4cc58c12a91a002262ab4f34	60a2e4571b1b32b09c4b9d7eba76379d4518192b	24.21.0	8552	8454	0	98	0	8552	8019	8552	533	8266	[suelo de la tanda] ✅ suelo 8019 · total actual 8552 · marge
108654765966	36331703927	1	success	2026-09-27T16:01:52Z	pr	25778815b0ddb28fa1e752f59d157f71e5c7b580	063bf763b3ac6d7a9388daf7f29ff8d51ec720d5	675c75d9ee9c8c65989fd80aeb7216a609a8f189	24.21.0	8522	8424	0	98	0	8522	8019	8522	503	8267	[suelo de la tanda] ✅ suelo 8019 · total actual 8522 · marge
108655336590	36331907518	1	success	2026-09-27T16:05:38Z	pr	4c4be0f9e4fb257fbc1833362b89071036d15a15	6049b87446f56f4a54f7d43c4ce9327ce522544b	ab3b099b407149b338d8de3c0c3e69def66733c3	24.21.0	8553	8455	0	98	0	8553	8019	8553	534	8267	[suelo de la tanda] ✅ suelo 8019 · total actual 8553 · marge
108656038138	36332154663	1	success	2026-09-27T16:09:03Z	pr	5cb43c1cc7fbe2b4656ca1c1f7cc08c09c7ce2b9	895d6fcea68f99180ee01dc919379f86c82b28a9	b201df9050033813430d68271074a5522c12b265	24.21.0	8558	8460	0	98	0	8558	8024	8558	534	8272	[suelo de la tanda] ✅ suelo 8024 · total actual 8558 · marge
108656174461	36332085204	1	success	2026-09-27T16:09:50Z	push	e264c23476ec7f69a96365f57f3e19dfd4a752c8	e264c23476ec7f69a96365f57f3e19dfd4a752c8	d8705d660e94fb1ab2fbb263cd1c1cae14ba905a	24.21.0	8542	8444	0	98	0	8542	8022	8542	520	8270	[suelo de la tanda] ✅ suelo 8022 · total actual 8542 · marge
108656554910	36332338065	1	success	2026-09-27T16:12:08Z	pr	4b135681dc4722e775599b1e15039ad23802efd9	de59e941558460f34c0eda2ccf72b521d662c10c	b0a24b9758283e434de7c1527436cfc583c2b99b	24.21.0	8567	8469	0	98	0	8567	8033	8567	534	8281	[suelo de la tanda] ✅ suelo 8033 · total actual 8567 · marge
108657088971	36332527598	1	success	2026-09-27T16:15:02Z	pr	9d502169a61924cd3918357e1f0b3df4c2ec5cfc	c3c0e1c6f09febb85ddd252e3d1f006449872aa0	3789928a6f99a3ad18a9e3c6e94ba190b01b31fd	24.21.0	8562	8464	0	98	0	8562	8025	8562	537	8273	[suelo de la tanda] ✅ suelo 8025 · total actual 8562 · marge
108657389515	36332637911	1	success	2026-09-27T16:17:15Z	pr	cbc8acee18ddf337004762b86e2f1e8d693b7529	50d20f854e24dfaa9b3214d2c49b50856024faf5	d278bad13679b657bf716ae1d223f135e852111c	24.21.0	8556	8458	0	98	0	8556	8022	8556	534	8270	[suelo de la tanda] ✅ suelo 8022 · total actual 8556 · marge
108658219086	36332928278	1	success	2026-09-27T16:21:34Z	pr	89a3ad979c154889d71fa0b994ccdddf1102ca7b	5c48f309d9142cb31be1d5552e5eb53a46543483	bc8c57263e64dcf3d577291050d1808cceb9e59d	24.21.0	8575	8477	0	98	0	8575	8039	8575	536	8287	[suelo de la tanda] ✅ suelo 8039 · total actual 8575 · marge
108658673196	36332901463	1	success	2026-09-27T16:23:59Z	push	f9d6379b91584da925445df4af60f3bdda44a224	f9d6379b91584da925445df4af60f3bdda44a224	a6713d394daf92347a4dde40547476eef24d51d0	24.21.0	8553	8455	0	98	0	8553	8035	8553	518	8283	[suelo de la tanda] ✅ suelo 8035 · total actual 8553 · marge
108659224787	36333285850	1	success	2026-09-27T16:27:07Z	pr	b02fe3efe1544b4b9f12aa9be5a1856305e668ea	9ece41bb2b9632fab587035808b0c2d4446e8569	5f4a88221ee45d2564dac3b9c9b5cc6bed8273e2	24.21.0	8572	8474	0	98	0	8572	8038	8572	534	8286	[suelo de la tanda] ✅ suelo 8038 · total actual 8572 · marge
108659401482	36333348465	1	success	2026-09-27T16:28:10Z	pr	9a897b0b57322a2c86d48249ac16ea77fdc87c81	f7903fe19c722b2571e6aa999e537c426e1d7642	d2d5b93a32fcbf6fb57019a63962d57a8f254edc	24.21.0	8562	8464	0	98	0	8562	8041	8562	521	8289	[suelo de la tanda] ✅ suelo 8041 · total actual 8562 · marge
108660905434	36333883438	1	success	2026-09-27T16:36:50Z	pr	3283086cb2b7e8c6fe4a9f65f3050568eae1257c	cde035b790d1e085c302c652face5855b979ab10	26ebd2dad6b0f590be83afd0010ea92c071619b1	24.21.0	8593	8495	0	98	0	8593	8048	8593	545	8296	[suelo de la tanda] ✅ suelo 8048 · total actual 8593 · marge
108661170008	36333766133	1	success	2026-09-27T16:38:23Z	push	0af96be9c111d37aa9b1c3067fc23befbebe2f8e	0af96be9c111d37aa9b1c3067fc23befbebe2f8e	bb6e61a177b491b36a41fef9c58b3ea0a5f08ce4	24.21.0	8586	8488	0	98	0	8586	8045	8586	541	8293	[suelo de la tanda] ✅ suelo 8045 · total actual 8586 · marge
108661416084	36334062123	1	failure	2026-09-27T16:39:49Z	pr	f46372b6654ff7ec1b4a6c8973f5a176c160adf8	b0cb166ad1dd49bf326428c8f7b572c5602810ad	924180313ba2e60020e73fe61910b6b1577840df	24.21.0	8603	8504	1	98	0	8603	8056	8603	547	8305	[suelo de la tanda] ✅ suelo 8056 · total actual 8603 · marge
108663083850	36334654923	1	success	2026-09-27T16:49:31Z	pr	0c0385284877db3eacdf89cbff50d2ac7767b9e4	6bb3961836df1b9aed753f52e65212f576886795	57a34edb5261f7c9d5e8909fbc6fd7a02e59ed26	24.21.0	8593	8495	0	98	0	8593	8048	8593	545	8296	[suelo de la tanda] ✅ suelo 8048 · total actual 8593 · marge
108663136062	36334674306	1	success	2026-09-27T16:49:49Z	pr	570085a97e8184225d5d9f50273e1bc70452890a	fbfa617ae08af467a22f22f4ce69e70ecee05eca	b6e24557a976e384ad41a29f6cb17c1525965060	24.21.0	8593	8495	0	98	0	8593	8051	8593	542	8299	[suelo de la tanda] ✅ suelo 8051 · total actual 8593 · marge
108663205312	36334698774	1	success	2026-09-27T16:50:14Z	pr	e802fe78fe32e1fe915a48eae190313e299c0ebc	4a99be1afa07b39d1d167d43e0d61cb6a3f75f99	3cef59ea8daffe5ea0b3dd17dd46dc16b119bb7c	24.21.0	8599	8501	0	98	0	8599	8053	8599	546	8302	[suelo de la tanda] ✅ suelo 8053 · total actual 8599 · marge
108663606366	36334417172	1	failure	2026-09-27T16:52:36Z	push	63e33e92c5c7f1f535513e7a52b7126707a34247	63e33e92c5c7f1f535513e7a52b7126707a34247	26ebd2dad6b0f590be83afd0010ea92c071619b1	24.21.0	8593	8494	1	98	0	8593	8048	8593	545	8296	[suelo de la tanda] ✅ suelo 8048 · total actual 8593 · marge
108663701565	36334876809	1	failure	2026-09-27T16:53:53Z	pr	de0ff2177862a4d34c7518d40b5ed9b85e1ee025	fc177f9981596451ea5776a70ddb75bb04976b5b	6669ec036a157022cc1d53ba4c41b7cacf65f3ac	24.21.0	8600	8499	3	98	0	8600	8055	8600	545	8304	[suelo de la tanda] ✅ suelo 8055 · total actual 8600 · marge
108665039567	36335352422	1	success	2026-09-27T17:01:07Z	pr	866644a0dc281bd6c0116ea9818cd803d28bf365	eafe42fa3210d92528fedc2500682b1779a1db9f	2eac06a04107ee3208fff2afa31c05baca2ea317	24.21.0	8618	8520	0	98	0	8618	8068	8618	550	8317	[suelo de la tanda] ✅ suelo 8068 · total actual 8618 · marge
108665541460	36335532691	1	success	2026-09-27T17:03:55Z	pr	1bd06413441cc0c8ab959f6d822fe09b43db6b1a	64fb94c795562b73b1151307341f079641c01460	6a72823604aa24452b2d86668a94bfb454f7e220	24.21.0	8606	8508	0	98	0	8606	8060	8606	546	8309	[suelo de la tanda] ✅ suelo 8060 · total actual 8606 · marge
108665830619	36335229839	1	success	2026-09-27T17:05:34Z	push	f888a039731b376fae68cda1c065699d6565725a	f888a039731b376fae68cda1c065699d6565725a	20da647974102aa6e9da31bba0978e70702f4738	24.21.0	8588	8490	0	98	0	8588	8056	8588	532	8305	[suelo de la tanda] ✅ suelo 8056 · total actual 8588 · marge
108665950934	36335644631	1	cancelled	2026-09-27T17:06:14Z	pr	b129c7a4581f0057750107c8bc4f3f6879b142b2	98d910aa67bb36c47071dd7cce5c7b3d8e8ed0c2	96424f1f0cdcd92df665a1d1721b4677bcf155c0	24.21.0						153					[suelo de la tanda] ⚠️ NO SUPE MIRAR: no encontré la línea `
108666218192	36335736680	1	success	2026-09-27T17:07:46Z	pr	4fb6d376680da7eac2703a6e22c6502365c5c4d7	bdb0a801b080d548e9fc75b37556842958c33769	dd8cd9bfeb073e74bad3ee15cdc0f2e7263ee4c3	24.21.0	8577	8479	0	98	0	8577	8064	8577	513	8313	[suelo de la tanda] ✅ suelo 8064 · total actual 8577 · marge
108667663102	36336296102	1	failure	2026-09-27T17:16:07Z	pr	d53125f372c39ecd90669987f31890d7566c016d	4ca6b0a8066625ae9517fb8c628a246dbd16eb19	247fdbcfb2e41ccdfeddab2b537d0d1b4468640c	24.21.0	8634	8533	3	98	0	8634	8084	8634	550	8333	[suelo de la tanda] ✅ suelo 8084 · total actual 8634 · marge
108667910627	36336384330	1	success	2026-09-27T17:17:32Z	pr	3337547945c644c4a2e8401d103aa5539cafc05c	de1676542b72c9c150c65e1b29c9062118d8f201	df28ee22de0e15f49836c1b9714bd58fc3347955	24.21.0	8618	8520	0	98	0	8618	8084	8618	534	8333	[suelo de la tanda] ✅ suelo 8084 · total actual 8618 · marge
108668313247	36336215768	1	success	2026-09-27T17:19:49Z	push	f0eac753c14885d78b754fdd578579e2b80223e2	f0eac753c14885d78b754fdd578579e2b80223e2	ed5a1cdc18bc8528114b2035dcc092ec5d6c53a6	24.21.0	8630	8532	0	98	0	8630	8080	8630	550	8329	[suelo de la tanda] ✅ suelo 8080 · total actual 8630 · marge
108669980320	36337120218	1	success	2026-09-27T17:29:23Z	pr	3bc6bf6b622480181a1c7eb80e960f0a57e52155	b7d654cb340e43b30c564e43f61108e0d2bfbfef	fe00e2d4dfdc5e1f47a7865cff41a40e2143b469	24.21.0	8644	8546	0	98	0	8644	8093	8644	551	8343	[suelo de la tanda] ✅ suelo 8093 · total actual 8644 · marge
108670088064	36337141231	1	success	2026-09-27T17:29:59Z	pr	1920b6b1c9f0c116f18c1dd5e968936d1a32b0b3	21c561dca2284ea9b5613d9a956c5b52e76dd76f	6f50783fc8faa97ed002df20210c0dab31b4f61a	24.21.0	8638	8540	0	98	0	8638	8087	8638	551	8337	[suelo de la tanda] ✅ suelo 8087 · total actual 8638 · marge
108670679753	36336787101	1	success	2026-09-27T17:33:17Z	push	0a10475c144763982b7b9d535bbaa14718843ee8	0a10475c144763982b7b9d535bbaa14718843ee8	df28ee22de0e15f49836c1b9714bd58fc3347955	24.21.0	8634	8536	0	98	0	8634	8084	8634	550	8333	[suelo de la tanda] ✅ suelo 8084 · total actual 8634 · marge
108671183818	36337548690	1	success	2026-09-27T17:36:09Z	pr	473a128a2d686d19de357350df2bbfcab46b4421	a1a5dd7a5d0386bf9a0d42f9c3c92b4a2656a677	56d4ca251fe3f80073ec1e4d240df7da9e82c991	24.21.0	8637	8539	0	98	0	8637	8086	8637	551	8336	[suelo de la tanda] ✅ suelo 8086 · total actual 8637 · marge
108672296837	36337946948	1	success	2026-09-27T17:42:39Z	pr	9a24dcd142583e5a1fd9890f55b543834c21ed41	9eb2b32efc42d0bf5b5dcc569916f0811fe80e51	c739227ed2c91afdf9c732b5b32c28b64c2dd306	24.21.0	8655	8557	0	98	0	8655	8104	8655	551	8354	[suelo de la tanda] ✅ suelo 8104 · total actual 8655 · marge
108673143125	36337996102	1	failure	2026-09-27T17:47:36Z	push	95cd703f7bd502e62679d0c1a63209ae581ffd57	95cd703f7bd502e62679d0c1a63209ae581ffd57	c8acbd80c71937d6e8944f689fc09a8ca208b759	24.21.0	8646	8547	1	98	0	8646	8100	8646	546	8350	[suelo de la tanda] ✅ suelo 8100 · total actual 8646 · marge
108673569311	36338400250	1	failure	2026-09-27T17:50:06Z	pr	a175fc428091b52bf352eb6ed94db7dd0a536b31	c98b54a0100ff6851cf2a6dde98e5b1bbc3d4c3c	15e9298fbdff60174dd4ddc5ef40a8d4afeddad6	24.21.0	8665	8566	1	98	0	8665	8114	8665	551	8364	[suelo de la tanda] ✅ suelo 8114 · total actual 8665 · marge
108673604350	36338413437	1	success	2026-09-27T17:50:25Z	pr	a4fc2da8435d1ea920d53cf072c1c652e222250e	41443cd9a5c85542b33cc6beac3a31c009a9ceee	97b79b9a431d2b29c3c6648bd46b2c9a82feba85	24.21.0	8632	8534	0	98	0	8632	8109	8632	523	8359	[suelo de la tanda] ✅ suelo 8109 · total actual 8632 · marge
108674838242	36338850704	1	success	2026-09-27T17:57:36Z	pr	3594c34e2a13d44ac49b3c97d191ae8529ae7d96	9ad3b526b6764d58889b0ba521817f1721cda411	43a946790deb8fc73c01f0ad6f3d58da012bd8d2	24.21.0	8626	8528	0	98	0	8626	8107	8626	519	8357	[suelo de la tanda] ✅ suelo 8107 · total actual 8626 · marge
108675017006	36338913529	1	cancelled	2026-09-27T17:58:39Z	pr	404a580eb02aa45a849aa15b8be5865a2df603c0	8304d0011a0ae49e969906cdf2aa42e4fe96e330	8012e71deaf942c543e7b75ef4c326550b8839da	24.21.0						381					[suelo de la tanda] ⚠️ NO SUPE MIRAR: no encontré la línea `
108675275949	36338977347	1	success	2026-09-27T18:00:13Z	pr	7d9ce611c6c4b840e0e1bb98c434be2a70ef1a07	98a741e26f38896c6c174e9ccb4410c7fd4a7276	e6f75e714b8d22b9f5ca00fd450f6e902b4866ca	24.21.0	8659	8561	0	98	0	8659	8116	8659	543	8366	[suelo de la tanda] ✅ suelo 8116 · total actual 8659 · marge
108675678571	36338872828	1	success	2026-09-27T18:02:23Z	push	8f68b3e5f28c846868207e67db05420e82a20ff3	8f68b3e5f28c846868207e67db05420e82a20ff3	97b79b9a431d2b29c3c6648bd46b2c9a82feba85	24.21.0	8660	8562	0	98	0	8660	8109	8660	551	8359	[suelo de la tanda] ✅ suelo 8109 · total actual 8660 · marge
108675756522	36339175721	1	success	2026-09-27T18:02:49Z	pr	247b3e67778e52d99711b803104932328873745e	8f8569cb4288334ea2d5ff4bf422e3e981626084	99bea4d0d37f83c052af319549ae4d8564dd9969	24.21.0	8660	8562	0	98	0	8660	8109	8660	551	8359	[suelo de la tanda] ✅ suelo 8109 · total actual 8660 · marge
108675899756	36339227714	1	success	2026-09-27T18:07:38Z	pr	8c0ede75213071954c342e3a819ad76b000f2a8d	d62fed6f12edfcb8abb6963e97acce329f24ffe4	c26dda0e2baa85ff335fa62ab3f50d06e0dab675	24.21.0	8667	8569	0	98	0	8667	8116	8667	551	8366	[suelo de la tanda] ✅ suelo 8116 · total actual 8667 · marge
108678266884	36340047517	1	success	2026-09-27T18:16:57Z	push	7ba1ad5f2a87e7752894f790a5256b20a65f9ed5	7ba1ad5f2a87e7752894f790a5256b20a65f9ed5	bd9d05ef7586870b2c474cae32306816893330c7	24.21.0	8668	8570	0	98	0	8668	8122	8668	546	8373	[suelo de la tanda] ✅ suelo 8122 · total actual 8668 · marge
108956394707	36430869593	1	success	2026-09-28T13:45:22Z	pr	6b911b8e456cd2bc073db79301071df63dc4de2e	87cc61c3703e8c3ffb2b072b2f07809b4aacd144	9f583c82bc252c2493a18d1ab6db5a08922769f9	24.21.0	8670	8572	0	98	0	8670	8122	8670	548	8373	[suelo de la tanda] ✅ suelo 8122 · total actual 8670 · marge
108957825311	36431284988	1	success	2026-09-28T13:48:47Z	pr	bb3319ec020ee8467562e14988bb31e0534a003e	e2f19a7257540586d20caa320a60311d56f17d88	a1997e681edc2bfb4c4421fd14bf7d1a436dd5b7	24.21.0	8677	8579	0	98	0	8677	8125	8677	552	8376	[suelo de la tanda] ✅ suelo 8125 · total actual 8677 · marge
108958097363	36431364677	1	success	2026-09-28T13:49:26Z	pr	4426a0e69ff8469bf27608b5db7bbb4560bb1073	9978a2dbf0145f87c162ee239b6a578aed036ca8	8c3580ab2d9db3c07280df8b0b4ed816e353601e	24.21.0	8678	8580	0	98	0	8678	8126	8678	552	8377	[suelo de la tanda] ✅ suelo 8126 · total actual 8678 · marge
108959826628	36431866495	1	success	2026-09-28T13:53:40Z	pr	3d5f04fdeaf65056e7fab065387c8277e789d0e5	c15b2a163028e51555207c4323a6c88d83b3dff6	4e9097efba24db0922ebe803efc523064145ff52	24.21.0	8688	8590	0	98	0	8688	8128	8688	560	8379	[suelo de la tanda] ✅ suelo 8128 · total actual 8688 · marge
108960496521	36432073469	1	success	2026-09-28T13:55:26Z	push	dedc9292d6c139261d6e5969b42ca62842a6abdc	dedc9292d6c139261d6e5969b42ca62842a6abdc	9f583c82bc252c2493a18d1ab6db5a08922769f9	24.21.0	8674	8576	0	98	0	8674	8122	8674	552	8373	[suelo de la tanda] ✅ suelo 8122 · total actual 8674 · marge
108961331125	36432315544	1	success	2026-09-28T13:57:12Z	pr	71a9fd8eb7f9ed142cc707b297cee69d30a7cd05	1cf11bfcf8e4d85e9c84e930b22ac7dad1826f80	7a873f1d9e28c4e36a5df1601cebb5c56b5d4e49	24.21.0	8671	8573	0	98	0	8671	8122	8671	549	8373	[suelo de la tanda] ✅ suelo 8122 · total actual 8671 · marge
108962584830	36432675344	1	success	2026-09-28T14:00:12Z	pr	4916f377b02c6664147aae3dd74bd4c065a447ee	580e2eb43b2347976e594aa8c7fd8f3a85338366	2ea5ae2a0db848e1b80f34dd9c6e1e2e4b96d72c	24.21.0	8679	8581	0	98	0	8679	8127	8679	552	8378	[suelo de la tanda] ✅ suelo 8127 · total actual 8679 · marge
108962507007	36432651216	1	success	2026-09-28T14:00:13Z	pr	956d7ad379936ea2cfa18300c7b6979c759340ca	2b9f9369656ea1d223fb0f7fa6c7a9c2cc7b29c5	ef594d09ab748b489d217bdd15561b24d008b6de	24.21.0	8678	8580	0	98	0	8678	8126	8678	552	8377	[suelo de la tanda] ✅ suelo 8126 · total actual 8678 · marge
108964474878	36433226257	1	failure	2026-09-28T14:05:09Z	pr	1ee719faa15f06ec0ec1fc78881d9cb15745560e	12701d081fed59f8784ac6d83f8675277a0ed200	a55352049919635aebf6154bd3becf6e8fd96b3f	24.21.0	8669	8570	1	98	0	8669	8139	8669	530	8390	[suelo de la tanda] ✅ suelo 8139 · total actual 8669 · marge
108966584115	36433519012	1	success	2026-09-28T14:09:31Z	push	3a7529131dc5e06a6044287a0cc3c88d60232c4c	3a7529131dc5e06a6044287a0cc3c88d60232c4c	3fe39ed2b55070bdc87beb830f3d6df8793b4dd2	24.21.0	8695	8597	0	98	0	8695	8135	8695	560	8386	[suelo de la tanda] ✅ suelo 8135 · total actual 8695 · marge
108970559273	36435015759	1	success	2026-09-28T14:18:46Z	pr	3719ad280ef7d2eeba45cf6ece812b26e816bbb7	152266288cab6b7a932158cb971176a07d6d4fb4	00c4ba3498816f09c6089eea142b48c93076ee95	24.21.0	8673	8575	0	98	0	8673	8138	8673	535	8389	[suelo de la tanda] ✅ suelo 8138 · total actual 8673 · marge
108970643540	36435040197	1	success	2026-09-28T14:18:58Z	pr	2e2cd5151284f51d01be0b288148123faf3edbaf	bde021e8d7f9409c1403f1614b3afbe7bfd2b60a	eccc2cd14b2dae6932c88e9ea782341542feb0a8	24.21.0	8702	8604	0	98	0	8702	8142	8702	560	8393	[suelo de la tanda] ✅ suelo 8142 · total actual 8702 · marge
108972219162	36435492795	1	failure	2026-09-28T14:22:37Z	pr	3aa1b85cf41e1391d6be6d7b3789f839b3162322	c67e2835d0d69f7ab58430302b79675ea779a70a	372f8067ffc93647d4cc9803256d90fe1fde889f	24.21.0	8701	8602	1	98	0	8701	8142	8701	559	8393	[suelo de la tanda] ✅ suelo 8142 · total actual 8701 · marge
108972219934	36435493489	1	success	2026-09-28T14:22:48Z	pr	95213d015b623efe48a31d668b3a9d6886b60bfd	8e253752366da5bd252140190cb12352c7aa09f9	da057fbefff8621801918118f43397934a0ea485	24.21.0	8681	8583	0	98	0	8681	8138	8681	543	8389	[suelo de la tanda] ✅ suelo 8138 · total actual 8681 · marge
108972332194	36435525839	1	success	2026-09-28T14:23:59Z	pr	ca13b01276e396aa869cffcdaae43c8861fb7c86	bf1a687e69f6ce0ea66cf7b531ce04782f9861f3	e21ad73fae0d8348acda6b2f7e176dcedbca6233	24.21.0	8703	8605	0	98	0	8703	8143	8703	560	8394	[suelo de la tanda] ✅ suelo 8143 · total actual 8703 · marge
108973977225	36436004407	1	success	2026-09-28T14:28:21Z	pr	8c8dff6aad65b705235e66d18b0f6336e10eb50f	24b0d89b970886d97614bdc77f20fc55c3f0bcd5	81dcd4efe6ba12416d1a6b28f076f1a54ecdb61c	24.21.0	8708	8610	0	98	0	8708	8148	8708	560	8399	[suelo de la tanda] ✅ suelo 8148 · total actual 8708 · marge
108972862378	36433962378	1	success	2026-09-28T14:29:37Z	push	29b492b0c2f246941e5c514d682887c18fd19494	29b492b0c2f246941e5c514d682887c18fd19494	523be3c1c84c8d88fb974973f1c240d9b987bb09	24.21.0	8691	8593	0	98	0	8691	8138	8691	553	8389	[suelo de la tanda] ✅ suelo 8138 · total actual 8691 · marge
108975929217	36436573779	1	cancelled	2026-09-28T14:33:09Z	pr	0b4bf5903f743f52ac881dbe46381e9aee811555	ddabdc93162ed6d11e15391f4be61964dc743f65	c6c02e9b09b469e42c34640e4dd1a5d3e7602509	24.21.0						1538					[suelo de la tanda] ⚠️ NO SUPE MIRAR: no encontré la línea `
108976057910	36436610650	1	cancelled	2026-09-28T14:35:00Z	pr	39497e0f9c1f86f60ddd7f1559ae0fb630da68ff	b87756695a357d46c01605d62d50375c346f40ff	79621754943564f236f6e1a6d751826b41dd446b	24.21.0	8711	8613	0	98	0	8711	8150	8711	561	8402	[suelo de la tanda] ✅ suelo 8150 · total actual 8711 · marge
108977678902	36436913689	1	cancelled	2026-09-28T14:35:54Z	pr	44bf4251ab8767e2cb1418d804cd73f778b908f2	c419b495b6b173c449eb1c4e6541f7fa908ae6bf	ddd71a986fbf6b61f7279abd57268a247c96dedf	24.21.0						3027					[suelo de la tanda] ⚠️ NO SUPE MIRAR: no encontré la línea `
108976448092	36436723894	1	cancelled	2026-09-28T14:35:54Z	pr	59c5a76c09dbbbb289ad0e9a2c98620b2fd31c36	8e8a5e3ff3f2b2bf6d4a3cabe2aa976028b0e9a8	5aafe23e5204b8aa3aa1f3a11cc356047e9aa9da	24.21.0						722					[suelo de la tanda] ⚠️ NO SUPE MIRAR: no encontré la línea `
108977879923	36437146051	1	cancelled	2026-09-28T14:36:18Z	pr	60b45952df7472d175c25158fe184629be894e33	9a4cc4d679853a718caa481b75a59baf10dcd5a0	ff08bade236daca7d0c03c67f1a94c9fcb537d0a	24.21.0						722					[suelo de la tanda] ⚠️ NO SUPE MIRAR: no encontré la línea `
108979168765	36437381265	1	success	2026-09-28T14:38:39Z	pr	d13a28a813a4e8a2cab1497175b51fc7646d1f6d	dd11a8f732436ca4c2d394f34b22290e955d16d8	815edce886107b0abeb52ec4a19cc5a32e74008e	24.21.0	8721	8623	0	98	0	8721	8160	8721	561	8412	[suelo de la tanda] ✅ suelo 8160 · total actual 8721 · marge
108979318617	36437435720	1	success	2026-09-28T14:39:00Z	pr	fcef60cdc08668598a19b56bca30cd6e1777e143	34f20ad8848dce77f045a5b32158287a9f6f005d	2e162614ea1ec1dc02dee8f2ec65d98cb36ad256	24.21.0	8723	8625	0	98	0	8723	8158	8723	565	8410	[suelo de la tanda] ✅ suelo 8158 · total actual 8723 · marge
108979538403	36437208578	1	failure	2026-09-28T14:41:07Z	pr	305d5c4f36fa97324ea63f7a0a5ebc18df4d6519	75a92ad7a55b82d70c4c5cce67f5a2ad68588a8c	e87b431c7a05b3eed025878ac970ff597c7eaa36	24.21.0	8707	8608	1	98	0	8707	8147	8707	560	8398	[suelo de la tanda] ✅ suelo 8147 · total actual 8707 · marge
108980636824	36437945149	1	success	2026-09-28T14:43:43Z	pr	2ee6c5ca734d7f635c74221879770de016861c67	048c346da0c0b0203b83f99f6337046ce5a030c0	332ccad61c117dd2931844e0bdcbab8428d6c00f	24.21.0	8720	8622	0	98	0	8720	8160	8720	560	8412	[suelo de la tanda] ✅ suelo 8160 · total actual 8720 · marge
108980653651	36437950738	1	success	2026-09-28T14:44:12Z	pr	9c71b91004c4ae5412a814fc1e885195f8eacad9	0c18ad8440ca01737e7973689bd31933c4860e3c	7c5aaa5d5784cfcd30073a62a14631dd63da66b7	24.21.0	8722	8624	0	98	0	8722	8160	8722	562	8412	[suelo de la tanda] ✅ suelo 8160 · total actual 8722 · marge
108980512626	36437379781	1	success	2026-09-28T14:45:29Z	push	cd78b8264d042dc01afe1ee714b002278f25e0a1	cd78b8264d042dc01afe1ee714b002278f25e0a1	337aee3366f87aaa6be1ef0159f7b3772b9e1055	24.21.0	8713	8615	0	98	0	8713	8156	8713	557	8408	[suelo de la tanda] ✅ suelo 8156 · total actual 8713 · marge
108981954831	36438140653	1	success	2026-09-28T14:48:38Z	pr	dc09103c880990303c0c335a8426eed6afbc573a	194fa927cfc98b63cb339b59e2e6fee2b4e55d6b	142b0b193c95372822d53f37d3e40896ad296f17	24.21.0	8726	8628	0	98	0	8726	8165	8726	561	8417	[suelo de la tanda] ✅ suelo 8165 · total actual 8726 · marge
108986274565	36439580860	1	failure	2026-09-28T14:55:38Z	pr	ebd962f3acb0364d262935f4b03fe974aaa7da48	a9808a593e62c390f344e1301f7547698c472e99	9054e6ef1236bafa8bccb2ab4daa96012853c010	24.21.0	8745	8645	2	98	0	8745	8179	8745	566	8431	[suelo de la tanda] ✅ suelo 8179 · total actual 8745 · marge
108984635010	36439107373	1	success	2026-09-28T14:55:56Z	pr	fd9ffe38c87c354654dde48def0aa796cd794c6b	dfa223c71393d321e64cbaf76b167c4e0315ba80	b54ea41c5dc430f54f9055b10f0c599b9534ccb0	24.21.0	8727	8629	0	98	0	8727	8167	8727	560	8419	[suelo de la tanda] ✅ suelo 8167 · total actual 8727 · marge
108983747402	36438849872	1	success	2026-09-28T14:56:49Z	pr	f7cf071fb3dae896ed3f1a5629c0fa57430af9d2	77de34627df3657e03af9045ae0d0c4f4d873452	7a8421b783d9ffcf620ca858cf4f4cc95af1a61e	24.21.0	8728	8630	0	98	0	8728	8164	8728	564	8416	[suelo de la tanda] ✅ suelo 8164 · total actual 8728 · marge
108983509644	36438783362	1	failure	2026-09-28T14:58:13Z	pr	391a4c7f4fb1b02112c26acb3e717a7f28a05e43	f8fb36edff0998b165da8a3754b641dd13a58fe7	66a8a23086866da3a1747e19143fb3fdf2039175	24.21.0	8722	8623	1	98	0	8722	8160	8722	562	8412	[suelo de la tanda] ✅ suelo 8160 · total actual 8722 · marge
108983360313	36438739576	1	failure	2026-09-28T15:03:11Z	pr	ef73238e550d79cf1bd1c41aaa24bdd53fbe1884	4deeb54af0fae5ca304766faa5d950c0678da4d9	bc2b6a7976d90757832e7f3bad622320cf4eb640	24.21.0	8723	8623	2	98	0	8723	8162	8723	561	8414	[suelo de la tanda] ✅ suelo 8162 · total actual 8723 · marge
108983552023	36438794916	1	success	2026-09-28T15:03:12Z	pr	147225d2e6646c2b59f745645288be193a08ca5f	552347ef0db6448014f3a8aa08b9032bd9603e9f	9faec80be441523d6167b02e3329f00e6e556d8e	24.21.0	8702	8604	0	98	0	8702	8163	8702	539	8415	[suelo de la tanda] ✅ suelo 8163 · total actual 8702 · marge
108986725124	36439714455	1	failure	2026-09-28T15:04:55Z	pr	7c2bd6bc87fabb635e3581a0b0adad3e59feeea9	ed95f8af407383ec95017f77de52159594837525	cfa76c3ac6190a9c99e73788595fe67b68025016	24.21.0	8741	8642	1	98	0	8741	8175	8741	566	8427	[suelo de la tanda] ✅ suelo 8175 · total actual 8741 · marge
108989872002	36440442094	1	success	2026-09-28T15:05:30Z	pr	f41dcdbeed7e1311b547932e6f3e870fb6b31dd3	2eb6f33c4c58ae75f215dd902432f7872ccb7a66	491aed4f7e260ce868276aec6c384c249d0455c7	24.21.0	8745	8647	0	98	0	8745	8179	8745	566	8431	[suelo de la tanda] ✅ suelo 8179 · total actual 8745 · marge
108990376915	36440779269	1	success	2026-09-28T15:07:24Z	pr	778760b0903a67f388fa49ff64193950b370a172	1b4bc7b99f8aa30c887a86ac16461934cde264cf	e0354eb003718b43eb5aca790127a77af689b54b	24.21.0	8744	8646	0	98	0	8744	8178	8744	566	8430	[suelo de la tanda] ✅ suelo 8178 · total actual 8744 · marge
108990680737	36440866825	1	success	2026-09-28T15:09:02Z	pr	dc4444c039670581b2dd2ffd7d57d12701ebe7b9	6f7a6a182527dc19320ce81729fa4f5fab657682	84aca27e5aecbdc0914831ec011be500fb78dc4c	24.21.0	8741	8643	0	98	0	8741	8175	8741	566	8427	[suelo de la tanda] ✅ suelo 8175 · total actual 8741 · marge
108989921436	36439416778	1	success	2026-09-28T15:14:44Z	push	a59dc1e692bae683d2d035fe52534b5589d0c7b3	a59dc1e692bae683d2d035fe52534b5589d0c7b3	2e37c6ca35e19019c13d0846123be0792ebead3a	24.21.0	8707	8609	0	98	0	8707	8170	8707	537	8422	[suelo de la tanda] ✅ suelo 8170 · total actual 8707 · marge
108994670212	36442019502	1	failure	2026-09-28T15:16:32Z	pr	8ddea271504c412a391c2a573f91a17184d1857d	b094ce09ab324b3d3d4db658289cb020e3b16570	0ec20e4b3cd8bf4fbcbf4c61e659c1bb3cdcdc78	24.21.0	8750	8651	1	98	0	8750	8184	8750	566	8437	[suelo de la tanda] ✅ suelo 8184 · total actual 8750 · marge
108990541478	36440826861	1	success	2026-09-28T15:19:00Z	pr	647c5f516726ddc9ed1b0d5a9600bcb2894abb66	b9ee41516b064bb45df51855879af4f13cda2056	d4d87546351997fb09a20141a6ad6bd2dfabb4b9	24.21.0	8745	8647	0	98	0	8745	8179	8745	566	8431	[suelo de la tanda] ✅ suelo 8179 · total actual 8745 · marge
108992786002	36441480796	1	success	2026-09-28T15:19:18Z	pr	2df2a0bfb668296ec5589d7697ba7614102431e3	6dfb58150c0ee31c38d549389b93e8ab3634f6be	0f1a95ec3c30fb3bfcd6f93e47523cc9f1e5ac2b	24.21.0	8730	8632	0	98	0	8730	8181	8730	549	8434	[suelo de la tanda] ✅ suelo 8181 · total actual 8730 · marge
108992844501	36441496308	1	success	2026-09-28T15:22:35Z	pr	08c058c0083c31c0f8790d3fe25741fdb1264fc3	51036d8cb433a9e09da4bd16a89cd23372bbd745	990088918bed41b7ca81cd8f9ad8ae3960d71f38	24.21.0	8746	8648	0	98	0	8746	8181	8746	565	8434	[suelo de la tanda] ✅ suelo 8181 · total actual 8746 · marge
108989046017	36440393270	1	success	2026-09-28T15:23:49Z	pr	198eada08750a4e7a81613845cad01f44a6e961c	90eeb98bbf47e5d5a4bdc20b3ef07d084e4dc34d	04532f19b629335c79ab301d732341d48ea34379	24.21.0	8742	8644	0	98	0	8742	8175	8742	567	8427	[suelo de la tanda] ✅ suelo 8175 · total actual 8742 · marge
108994611574	36442000338	1	success	2026-09-28T15:24:31Z	pr	637b7c2f48936bbf8408a454f9c6c578230bfe91	9d78c1e526ab5b672d7d92a25a01e840ca6f9bc2	257c87fa6db822688abbc379a7f0387d564555be	24.21.0	8751	8653	0	98	0	8751	8181	8751	570	8434	[suelo de la tanda] ✅ suelo 8181 · total actual 8751 · marge
108990848836	36440917650	1	success	2026-09-28T15:29:32Z	pr	b1a801a9b152d7b7f83939d6e79f83b935b6f3b2	4e78d58b3bd4b46e01fd82b72367815fe0b375b4	83663671b21b55efade07ad9e6fbe41131fdf3cd	24.21.0	8745	8647	0	98	0	8745	8179	8745	566	8431	[suelo de la tanda] ✅ suelo 8179 · total actual 8745 · marge
108999330548	36443213663	1	failure	2026-09-28T15:29:39Z	pr	d3927c9e044c53adb95cb9f53b0fdd9ebd4e66e2	3be06616ea607484a8d45dd26a456aed600c7f9e	67e16cd1028655aac6071f52e4b38d6acd26456f	24.21.0	8771	8672	1	98	0	8771	8201	8771	570	8454	[suelo de la tanda] ✅ suelo 8201 · total actual 8771 · marge
108991890889	36441222580	1	success	2026-09-28T15:29:45Z	pr	336a2a26429385b81249679bb038ae92ff189e97	63e5eb033c235005937c72b75bf89e4800761a78	e3525434023575a716030b68c6c631cf823d5859	24.21.0	8748	8650	0	98	0	8748	8179	8748	569	8431	[suelo de la tanda] ✅ suelo 8179 · total actual 8748 · marge
108990035789	36440681665	1	success	2026-09-28T15:32:50Z	pr	7ede36fb0f0da523aed1dfd697a7dd273a212917	51b29936314fa39c358a8995c8362fdb046516b7	f4fcf3231e0a190e2457e3862a047ea8dcb67f44	24.21.0	8750	8652	0	98	0	8750	8178	8750	572	8430	[suelo de la tanda] ✅ suelo 8178 · total actual 8750 · marge
108998329091	36443056575	1	success	2026-09-28T15:38:04Z	pr	a0c9c1b9a2c1c84d2b86915d5056a5e45f088629	a5543a09ac6907c3af9cef77a16a2fbfe8c4c5b8	ad28aff06f0e7ff7355828809c2a00fbf0614dd1	24.21.0	8768	8670	0	98	0	8768	8198	8768	570	8451	[suelo de la tanda] ✅ suelo 8198 · total actual 8768 · marge
109001664921	36443970065	1	success	2026-09-28T15:43:28Z	push	3d57a7c0eca6dd630bca7391157ca41bd465e642	3d57a7c0eca6dd630bca7391157ca41bd465e642	3d70e85e6c81d0f68335d4071c89577404788aeb	24.21.0	8738	8640	0	98	0	8738	8197	8738	541	8450	[suelo de la tanda] ✅ suelo 8197 · total actual 8738 · marge
109002334975	36444255150	1	failure	2026-09-28T15:45:41Z	pr	09fbc9da3605c07fd71b9e55112fe96b910c9bed	95edd35fad68f9f29bd3cc60c9a8d4017675262f	11230d308b5901e552eb107dc6d14b85565945ce	24.21.0	8779	8677	4	98	0	8779	8209	8779	570	8462	[suelo de la tanda] ✅ suelo 8209 · total actual 8779 · marge
108996477188	36442513257	1	success	2026-09-28T15:47:09Z	pr	18002076269e968b025ea164777e0717e22d6ff2	a03f471fce1a5fb842c51590777633ffedcf4fd9	eb16a25e4a45325cd15cc17ba48b0d927e89808a	24.21.0	8769	8671	0	98	0	8769	8199	8769	570	8452	[suelo de la tanda] ✅ suelo 8199 · total actual 8769 · marge
108999415186	36443408057	1	success	2026-09-28T15:47:56Z	pr	de4d7f781a0ec254c532353172f088b588256848	479dda1fded30e116106ed21979ab36c4f035b38	39c9006b174459617063575f1a767f4b353ffdf3	24.21.0	8764	8666	0	98	0	8764	8198	8764	566	8451	[suelo de la tanda] ✅ suelo 8198 · total actual 8764 · marge
109000047211	36443591592	1	success	2026-09-28T15:50:29Z	pr	fa6065d81f3eb8f4140e9d955d8e624aa8cbb0e8	0c1f343d360a8ea40786ba41e164b9e5e25646db	8f13c7b4ae882238ac8e26296ec095a4a156193d	24.21.0	8767	8669	0	98	0	8767	8197	8767	570	8450	[suelo de la tanda] ✅ suelo 8197 · total actual 8767 · marge
109007240879	36445674666	1	failure	2026-09-28T15:53:19Z	pr	5fa7dc2f13ae46aef1d4a48c05b2b5ec0ccbcc8a	5e38094a749b97843223c22958509f7583aa17b8	6b0fe14f34fcf90c50cfb5174d4b2adbbe003790	24.21.0	8804	8702	4	98	0	8804	8229	8804	575	8483	[suelo de la tanda] ✅ suelo 8229 · total actual 8804 · marge
109001034036	36443877649	1	success	2026-09-28T15:54:24Z	pr	5fa199e148f10173b181200bf92176280bbaaec1	54fd1d0dcfc5f21714cb205fdd8473658cda7602	1769e2c30ff5c680d0c909533269e7480b79ae68	24.21.0	8769	8671	0	98	0	8769	8199	8769	570	8452	[suelo de la tanda] ✅ suelo 8199 · total actual 8769 · marge
108992228750	36441321886	1	success	2026-09-28T15:56:08Z	pr	74aec4a18bc247bcf4214bc72f58e7933724a32e	108eb736312b45a2bc824725de4d28b07d7fc4d3	aaac1b90aabedb592552920017d1056f02b928ba	24.21.0	8751	8653	0	98	0	8751	8181	8751	570	8434	[suelo de la tanda] ✅ suelo 8181 · total actual 8751 · marge
109005805382	36445255223	1	success	2026-09-28T15:57:39Z	pr	d99087b5792f00c1cd8ee404a05366cac2bf46e7	c104013ac87bbd61360192379b943ac57e85a42a	4f8c8c4533d6837bcf7a331985a9abc1c41b83a9	24.21.0	8754	8656	0	98	0	8754	8208	8754	546	8461	[suelo de la tanda] ✅ suelo 8208 · total actual 8754 · marge
108995722823	36442328364	1	success	2026-09-28T15:59:14Z	pr	a00aac73986400cc49e9ef5efffe17db44b86368	472afb5a2cd3367716421efbebf304d286f10f33	a5f35c7f3b9695ad2e1f8e8aed16d7b0593416e0	24.21.0	8783	8685	0	98	0	8783	8209	8783	574	8462	[suelo de la tanda] ✅ suelo 8209 · total actual 8783 · marge
109035655364	36442328364	2	success	2026-09-28T15:59:14Z	pr	a00aac73986400cc49e9ef5efffe17db44b86368	472afb5a2cd3367716421efbebf304d286f10f33	a5f35c7f3b9695ad2e1f8e8aed16d7b0593416e0	24.21.0	8783	8685	0	98	0	8783	8209	8783	574	8462	[suelo de la tanda] ✅ suelo 8209 · total actual 8783 · marge
109005829585	36445269339	1	failure	2026-09-28T16:01:11Z	pr	e8f13f2ebbc11e9325b4ba1af2fe293e53716ed2	bf55b5478f60011772e4a7289d11e1bf7913080a	daf7cb89cd6789ca913e2d88d58ea06e97356ef1	24.21.0	8778	8679	1	98	0	8778	8207	8778	571	8460	[suelo de la tanda] ✅ suelo 8207 · total actual 8778 · marge
109001455555	36443916358	1	failure	2026-09-28T16:02:52Z	pr	452053310e7adbc2856f49634ecdca0d5d2e00d4	bdd708e42db7177ed26626bb3a0987faf2130f79	288f5a964f157c10698a03d9983d0650ca7f3cdc	24.21.0	8766	8667	1	98	0	8766	8196	8766	570	8449	[suelo de la tanda] ✅ suelo 8196 · total actual 8766 · marge
108997467083	36442839912	1	success	2026-09-28T16:07:03Z	pr	1192115512746b5b2fcb5723f037553357a8a8ef	887d919dcefc03d2f13e630ae7e42c3b359f206f	7dd5e936668e9fb76aaa0e560a6f0b1ea734e608	24.21.0	8763	8665	0	98	0	8763	8193	8763	570	8446	[suelo de la tanda] ✅ suelo 8193 · total actual 8763 · marge
109008557195	36445879391	1	success	2026-09-28T16:11:37Z	pr	9fb4535b388953bcf04404a6f8b2d2a770084cca	567f34ca28b2b8d4c424c0578e99f10ad6e67536	0132387c3b3499e3e78b81b3cd693e8ee0bc6748	24.21.0	8753	8655	0	98	0	8753	8217	8753	536	8471	[suelo de la tanda] ✅ suelo 8217 · total actual 8753 · marge
109007746714	36445648789	1	success	2026-09-28T16:14:55Z	pr	b983ae4ae7c2b9c5b3b23f5d759b1baec74b3329	16616a26157e2ceea4fbf57c47dfcf1d1346d97d	d0d264670a6420183f422b0e2f17c4266c7e193f	24.21.0	8787	8689	0	98	0	8787	8213	8787	574	8467	[suelo de la tanda] ✅ suelo 8213 · total actual 8787 · marge
109006756693	36445535259	1	failure	2026-09-28T16:19:05Z	pr	e7a201140e5188d29bdcefba4c55ed8581f50bfd	0e06bc5368b06f0d34faa5b7bde989b47283ff4d	1c2f76f2bde2e2915493b4daab3c7c09bccf6e02	24.21.0	8794	8692	4	98	0	8794	8222	8794	572	8476	[suelo de la tanda] ✅ suelo 8222 · total actual 8794 · marge
109002152036	36444205114	1	success	2026-09-28T16:20:37Z	pr	18e84db32b39c8129fe10323e079e83beedfe6af	fc10af524ff427a5c16887ea8646fcd5dae0d264	e118c8585265ababb8a9dec33ce386c1b35de634	24.21.0	8772	8674	0	98	0	8772	8202	8772	570	8455	[suelo de la tanda] ✅ suelo 8202 · total actual 8772 · marge
109016419055	36448361065	1	success	2026-09-28T16:23:09Z	pr	85ab6e246a816fb443dffd23e67e2d77e462ae79	2739c015c5b346509b0a48d8cd0670922904eb7b	768fe8546322ff16b00c6960438b91e0992079ea	24.21.0	8816	8718	0	98	0	8816	8241	8816	575	8495	[suelo de la tanda] ✅ suelo 8241 · total actual 8816 · marge
109002546635	36444319534	1	success	2026-09-28T16:25:19Z	pr	06f27842717bedac9beecba544734d064d313c36	49b2e5632f35ceb69318f746b0bb755348e95ed7	e3d5f39961db279b25af8201049a7797ba46a969	24.21.0	8765	8667	0	98	0	8765	8197	8765	568	8450	[suelo de la tanda] ✅ suelo 8197 · total actual 8765 · marge
109022842621	36449882131	1	success	2026-09-28T16:28:51Z	push	0fa2140a431df06e942cc58ae6ef920c44a5417c	0fa2140a431df06e942cc58ae6ef920c44a5417c	b47ea41f495d7bda01351eecfedbdbe20bbfb14e	24.21.0	8788	8690	0	98	0	8788	8243	8788	545	8497	[suelo de la tanda] ✅ suelo 8243 · total actual 8788 · marge
109018787888	36448896714	1	success	2026-09-28T16:30:16Z	pr	a68e706fc9ee893e8ae89ee6900f183eeac686c5	8b021f2fb4343109a8991c94856d21e0646bdc93	973565668f584914bc1c2e367f00306f5cb73a4b	24.21.0	8792	8694	0	98	0	8792	8243	8792	549	8497	[suelo de la tanda] ✅ suelo 8243 · total actual 8792 · marge
109016784431	36448469767	1	failure	2026-09-28T16:30:26Z	pr	ec16ae80890b6bebbc5789130f0301749e4374ae	ce9f887dcf647bcc167a490b65962e775916dfa4	a90c72b34bdf5960a9b1be6715483a30727db507	24.21.0	8828	8726	4	98	0	8828	8252	8828	576	8507	[suelo de la tanda] ✅ suelo 8252 · total actual 8828 · marge
109008664689	36446094598	1	success	2026-09-28T16:31:33Z	pr	805b7231f20cc5c3c1628c4537d536f813fc2632	8c1a759052a75f59d03ab06a1371a488f1b0a15c	00e4ce995bb1e381ad341ba3ab728dd868c80221	24.21.0	8787	8689	0	98	0	8787	8213	8787	574	8466	[suelo de la tanda] ✅ suelo 8213 · total actual 8787 · marge
109027637600	36451654578	1	success	2026-09-28T16:37:36Z	pr	c686799d71eca7c4fb35a359e72bbfcad74b56f7	0e42e318adc4131929da3f269f905cf2fad449f2	93f8957b1d2a7332125165c623af915bca655b11	24.21.0	8844	8746	0	98	0	8844	8268	8844	576	8523	[suelo de la tanda] ✅ suelo 8268 · total actual 8844 · marge
109031376935	36452766440	1	success	2026-09-28T16:41:16Z	pr	0f19a6121d1a71f0c0ec873911af026a6f6ece0d	841fd18deb21b7ae467a20d124d1333f41fda493	0d766a0eeaf9b8b20cf8aed7017c34228d515645	24.21.0	8838	8740	0	98	0	8838	8262	8838	576	8517	[suelo de la tanda] ✅ suelo 8262 · total actual 8838 · marge
109031887307	36452914302	1	success	2026-09-28T16:42:26Z	pr	19ce792577b1da50f20f7095d22f1418aaf71570	4e3abdb92cc1b4b394db5596649f6a808fbb29fa	e4c2f3c631e8cf42e285e4ea79ff896413988935	24.21.0	8839	8741	0	98	0	8839	8263	8839	576	8518	[suelo de la tanda] ✅ suelo 8263 · total actual 8839 · marge
109032949696	36453231721	1	success	2026-09-28T16:46:35Z	pr	c755e07e033b13f354f3874d902640cbea5efcac	7d52e006a7300930f7da41542d3361ccc49d07a0	2e4b92a4348a1bd9962fe056d584e0a889679a2e	24.21.0	8841	8743	0	98	0	8841	8266	8841	575	8521	[suelo de la tanda] ✅ suelo 8266 · total actual 8841 · marge
109034558628	36453709606	1	success	2026-09-28T16:49:33Z	pr	649db38c60d0ff7ac789ad025b39f4493a893302	4a972c0c940febcb53c4f1dccdea96b233662927	56b5cf81e2c2a77b973493cc911765567137080b	24.21.0	8856	8758	0	98	0	8856	8279	8856	577	8535	[suelo de la tanda] ✅ suelo 8279 · total actual 8856 · marge
109034938772	36453478179	1	success	2026-09-28T16:51:56Z	push	72e196d672830908a46370b3d27c27af658fcdbf	72e196d672830908a46370b3d27c27af658fcdbf	d1fbea99f2b5c3a3b8fb23da0504c7be4491d4c3	24.21.0	8844	8746	0	98	0	8844	8268	8844	576	8523	[suelo de la tanda] ✅ suelo 8268 · total actual 8844 · marge
109036798499	36454360313	1	success	2026-09-28T16:55:01Z	pr	db94440c3c69e435b5b6237e2cc1ad79e3820cfb	d2ee384a61a04ad9489e9845989eb7c40038b5a6	1317ed59f05190776461ca4ae96f07bbad56c56c	24.21.0	8849	8751	0	98	0	8849	8273	8849	576	8528	[suelo de la tanda] ✅ suelo 8273 · total actual 8849 · marge
109035608974	36454005177	1	success	2026-09-28T16:57:16Z	pr	71aee0d0865ab903dfbab4a30856609bc2b80acf	6344dafe7e1de3389a9f4104e1c15e5bdbeeae9f	0d329f7984ffc9fe7aa629f763bbd0fc79341dfe	24.21.0	8857	8759	0	98	0	8857	8282	8857	575	8538	[suelo de la tanda] ✅ suelo 8282 · total actual 8857 · marge
109035300891	36453924248	1	success	2026-09-28T16:58:20Z	pr	42023df3eafedc0935bdd5ad7e87a934d533f2e8	45c67e73cdcb3fbf144959d3bb999b837e5d768b	85bf61e885554674a1100a1179aa1b1a968c7a70	24.21.0	8844	8746	0	98	0	8844	8268	8844	576	8523	[suelo de la tanda] ✅ suelo 8268 · total actual 8844 · marge
109035867603	36454085944	1	success	2026-09-28T16:59:48Z	pr	a49af405b572bc178f6a59360cce422b77394445	d4e75e90bc18b20ae4f81035414fbcadc18c3739	1cb94d79b4f2d6ebba90a24e73a388614fbf5fda	24.21.0	8840	8742	0	98	0	8840	8276	8840	564	8531	[suelo de la tanda] ✅ suelo 8276 · total actual 8840 · marge
109035859238	36454083815	1	success	2026-09-28T17:01:13Z	pr	4332772408d144528254a7bc1e4e35fb2e9fa2f1	10278dedbbac5c849d70a1dc3911a9f603499f43	4cd8a81277399bd9ebaa1fa55ccf156ae0b9c4cc	24.21.0	8860	8762	0	98	0	8860	8283	8860	577	8539	[suelo de la tanda] ✅ suelo 8283 · total actual 8860 · marge
109038641149	36454899158	1	failure	2026-09-28T17:04:02Z	pr	5ab94a0d88c2edae1bb5d9478a833143f00da1b6	ee337c7985662a4c361fbf0a1d98c22b65e98cdf	ff12a206cdc8a4c9b0aaa9db8d2dfbcc45ef0235	24.21.0	8871	8771	2	98	0	8871	8296	8871	575	8552	[suelo de la tanda] ✅ suelo 8296 · total actual 8871 · marge
109040953068	36455578311	1	success	2026-09-28T17:08:13Z	pr	59e4d7d8057ce8f6fd9dcd26c3cea730b67684c0	5c58aeeb82697d5370b832e891fd8e638b06620a	6a046cc8fa48c12c422bf3346e0e2e8ed6989c3c	24.21.0	8861	8763	0	98	0	8861	8284	8861	577	8540	[suelo de la tanda] ✅ suelo 8284 · total actual 8861 · marge
109042579197	36455926331	1	success	2026-09-28T17:09:47Z	push	3429c6a497d2aa6e5be9a874c245cdec61f8f794	3429c6a497d2aa6e5be9a874c245cdec61f8f794	6c7472c4d9678862876584546a7cf44584a7cf3c	24.21.0	8861	8763	0	98	0	8861	8284	8861	577	8540	[suelo de la tanda] ✅ suelo 8284 · total actual 8861 · marge
109042816961	36456132077	1	success	2026-09-28T17:11:57Z	pr	469b64462fb4a068ebcf5e7105a0663d3d1b225e	3544fc999945fc505e5d28bd119a9ea54e490547	40dd3ebe50b8c8f6ad30b7c42605b42d24b62179	24.21.0	8867	8769	0	98	0	8867	8290	8867	577	8546	[suelo de la tanda] ✅ suelo 8290 · total actual 8867 · marge
109049054916	36457602742	1	success	2026-09-28T17:25:11Z	push	0afa87cd95645317226f59bc379edae59a7bea44	0afa87cd95645317226f59bc379edae59a7bea44	baa1ade3672af45ac81108a9ae1b66fb16be2021	24.21.0	8825	8727	0	98	0	8825	8290	8825	535	8546	[suelo de la tanda] ✅ suelo 8290 · total actual 8825 · marge
109078700133	36466769679	1	failure	2026-09-28T18:39:47Z	pr	0a4152e9651bac6c10d3d689bca6c8dee56a9357	dda3d7edf5f0e476e320d33fb5a770a828b2697c	d89d230fae96ff3c84ab59483251303e64296dd4	24.21.0	8879	8780	1	98	0	8879	8302	8879	577	8558	[suelo de la tanda] ✅ suelo 8302 · total actual 8879 · marge
109079283183	36466942745	1	success	2026-09-28T18:41:17Z	pr	9606fb423347f804ad905e2ba1b84c9eeec27918	259e08a968e1f761822455928181e94bfe13c05a	05a1b777cd82f7550e93419fd1c16426e694fe65	24.21.0	8843	8745	0	98	0	8843	8290	8843	553	8546	[suelo de la tanda] ✅ suelo 8290 · total actual 8843 · marge
109079625090	36467043771	1	success	2026-09-28T18:42:08Z	pr	35a6e1636d1bbef74e366668302bd369ef421a7e	8f4a5b427985529083df2d6c75fff65903814d59	f191bea13225f2f5d2c6887513e7b1ad152de05c	24.21.0	8867	8769	0	98	0	8867	8290	8867	577	8546	[suelo de la tanda] ✅ suelo 8290 · total actual 8867 · marge
109079675444	36467057860	1	success	2026-09-28T18:42:16Z	pr	8897ec7075f479d4b559247df0ab6b9363400594	e00297005a37968fe1af2ddb892020da6eaa18db	5194b28da37c033c3ed502d3c23da6994086c2ee	24.21.0	8872	8774	0	98	0	8872	8309	8872	563	8565	[suelo de la tanda] ✅ suelo 8309 · total actual 8872 · marge
109080064324	36467176258	1	success	2026-09-28T18:43:30Z	pr	59a838a3e71a6a7cd12fadfa6787e250ee35108c	70f7a587fa0164518deddeb7c140dfe6405e5278	2ee4781fdc47aae7773b1eb43f5f701568c1c8c9	24.21.0	8867	8769	0	98	0	8867	8290	8867	577	8546	[suelo de la tanda] ✅ suelo 8290 · total actual 8867 · marge
109082989527	36468048224	1	success	2026-09-28T18:50:42Z	push	87c87bd4a7876455061aa497bc5fda86311c4d56	87c87bd4a7876455061aa497bc5fda86311c4d56	05a1b777cd82f7550e93419fd1c16426e694fe65	24.21.0	8849	8751	0	98	0	8849	8290	8849	559	8546	[suelo de la tanda] ✅ suelo 8290 · total actual 8849 · marge
109083756915	36468276785	1	success	2026-09-28T18:52:53Z	pr	9fc563f09719c03c9641d11251060440e3981040	cf630f90a88a26f8d27e9c17653dac21507f44cf	29fed953c223a918dd6d00e429b589e45c76a7bb	24.21.0	8888	8790	0	98	0	8888	8314	8888	574	8571	[suelo de la tanda] ✅ suelo 8314 · total actual 8888 · marge
109083752707	36468275323	1	success	2026-09-28T18:53:12Z	pr	2642546cb00892f476ae389f1d6a4c5ea4abcca9	0d53b6a6e7a55e8eca02049c411463b80bf48423	5ce8d3774e86c3805bbdd54560cf102f2e252c09	24.21.0	8889	8791	0	98	0	8889	8317	8889	572	8574	[suelo de la tanda] ✅ suelo 8317 · total actual 8889 · marge
109088249857	36469608403	1	success	2026-09-28T19:03:58Z	pr	4b7dd59344d22107d2d0ddf2872e887c2ae263c4	fa30909db66cfea564b8b699b657accf86551016	298cc1a5cdbee705ec8e5558cf4297a2ed7ae72d	24.21.0	8913	8815	0	98	0	8913	8327	8913	586	8584	[suelo de la tanda] ✅ suelo 8327 · total actual 8913 · marge
109088395982	36469498578	1	success	2026-09-28T19:04:20Z	push	86108d554ab5057ab58d1b707e0e4731524e4af2	86108d554ab5057ab58d1b707e0e4731524e4af2	e037b7f53767cfecdb62d998ca23b2ade352fb8f	24.21.0	8905	8807	0	98	0	8905	8323	8905	582	8580	[suelo de la tanda] ✅ suelo 8323 · total actual 8905 · marge
109094193967	36470727751	1	success	2026-09-28T19:19:00Z	push	7ddab7d83ed9cc6c7c4b18e9d780f641c56fe1a6	7ddab7d83ed9cc6c7c4b18e9d780f641c56fe1a6	298cc1a5cdbee705ec8e5558cf4297a2ed7ae72d	24.21.0	8913	8815	0	98	0	8913	8327	8913	586	8584	[suelo de la tanda] ✅ suelo 8327 · total actual 8913 · marge
109112675890	36476877029	1	failure	2026-09-28T20:06:46Z	pr	09cf7b0655a4bede44a58035481f7b1a5cd21058	4577b87386c144adfa8acca017fd4ebaa6800125	2a35f71b97a1aeeec793ed72f727c85220abb5bb	24.21.0	8917	8814	5	98	0	8917	8331	8917	586	8588	[suelo de la tanda] ✅ suelo 8331 · total actual 8917 · marge
109112688832	36476881262	1	success	2026-09-28T20:06:49Z	pr	66cb1e98fc7b88241b951c9f421155848600f48e	0e56f0e20a38b67e0f545e19126bbc5b73f2edcd	5769c47ad2d27c0671236a94b2765578a67721ae	24.21.0	8913	8815	0	98	0	8913	8327	8913	586	8584	[suelo de la tanda] ✅ suelo 8327 · total actual 8913 · marge
109115843070	36466769679	2	success	2026-09-28T20:15:02Z	pr	0a4152e9651bac6c10d3d689bca6c8dee56a9357	dda3d7edf5f0e476e320d33fb5a770a828b2697c	d89d230fae96ff3c84ab59483251303e64296dd4	24.21.0	8879	8781	0	98	0	8879	8302	8879	577	8558	[suelo de la tanda] ✅ suelo 8302 · total actual 8879 · marge
109116105662	36477906531	1	success	2026-09-28T20:15:31Z	pr	3569156ee8450d75f3225c1a001c2018f9fd1074	2206d902519a4d1d3b80dafe8aca5d6f98a72d1c	1f8cf89619a1204565dfcb09c4f310add6a4ce93	24.21.0	8913	8815	0	98	0	8913	8327	8913	586	8584	[suelo de la tanda] ✅ suelo 8327 · total actual 8913 · marge
109116562957	36478040582	1	success	2026-09-28T20:16:41Z	pr	4ff3d04c0eea48a021a855f235c9bd248642e2f5	35b4bc54ec69b70c58db7b003a279d7549290b49	5355a11b88ef96788e5aa9a0db0d9b3e7df2e61b	24.21.0	8894	8796	0	98	0	8894	8327	8894	567	8584	[suelo de la tanda] ✅ suelo 8327 · total actual 8894 · marge
109116755277	36478099847	1	success	2026-09-28T20:17:11Z	pr	960c04b973d34cc3606ff8ec366db3a71f1360c0	e361277355b90c0c38cd20fb2d6daec87e04f94a	21fbde43310dee448633dfc951839c853c4ba9a3	24.21.0	8913	8815	0	98	0	8913	8327	8913	586	8584	[suelo de la tanda] ✅ suelo 8327 · total actual 8913 · marge
109116800954	36478113498	1	success	2026-09-28T20:18:08Z	push	e5acad15ffbe6ce2bfbbb38b40987519b44b43f6	e5acad15ffbe6ce2bfbbb38b40987519b44b43f6	5769c47ad2d27c0671236a94b2765578a67721ae	24.21.0	8913	8815	0	98	0	8913	8327	8913	586	8584	[suelo de la tanda] ✅ suelo 8327 · total actual 8913 · marge
109118252482	36478551836	1	success	2026-09-28T20:24:29Z	pr	e3b1f6cb1425635262f52a290996ba11b6b4f01c	b004e478fe651e55c8eb487bc75402cab3d117d0	d02c3214f7be357d6e00fa4b1cbd5b1d77963812	24.21.0	8913	8815	0	98	0	8913	8327	8913	586	8584	[suelo de la tanda] ✅ suelo 8327 · total actual 8913 · marge
109123783523	36479839038	1	success	2026-09-28T20:35:08Z	push	f20e25d4ae8644a6440e166914355d049bce2017	f20e25d4ae8644a6440e166914355d049bce2017	8d7682aa42c10042f4783e8551e09dfd28c18952	24.21.0	8925	8827	0	98	0	8925	8339	8925	586	8596	[suelo de la tanda] ✅ suelo 8339 · total actual 8925 · marge
109124928758	36480581856	1	success	2026-09-28T20:38:04Z	pr	83640ed20b760cf0a86c00be022184d1299c126d	ca84a6975b9401f6750f44a80561cdd44fdb3018	643b753673943e79928f5e4523cb12f593cfc6f6	24.21.0	8922	8824	0	98	0	8922	8342	8922	580	8600	[suelo de la tanda] ✅ suelo 8342 · total actual 8922 · marge
109125322358	36480700251	1	failure	2026-09-28T20:39:06Z	pr	bb101a73d6ea3409c24e5ae68cfdeaad1933d058	df4801b71698b60504ce5e842dd3585e9d8ce499	b45c57dd06a9da7128baa2af086bd3065a2ba165	24.21.0	8928	8829	1	98	0	8928	8342	8928	586	8599	[suelo de la tanda] ✅ suelo 8342 · total actual 8928 · marge
109129066356	36481753567	1	success	2026-09-28T20:48:49Z	push	8a27dd4a85b731faea7f4902295cbec1c64ef870	8a27dd4a85b731faea7f4902295cbec1c64ef870	643b753673943e79928f5e4523cb12f593cfc6f6	24.21.0	8929	8831	0	98	0	8929	8342	8929	587	8600	[suelo de la tanda] ✅ suelo 8342 · total actual 8929 · marge
109129803193	36482046788	1	success	2026-09-28T20:50:45Z	pr	985c3c28cad9ab7466899c717f0a1c65591d5a88	1929a890c2239e30a3ed05bbe55f4bdb7777c520	704b0f7af29b9a5ab12966f8415990671a9026f1	24.21.0	8932	8834	0	98	0	8932	8346	8932	586	8604	[suelo de la tanda] ✅ suelo 8346 · total actual 8932 · marge
109131587510	36482588581	1	success	2026-09-28T20:55:24Z	pr	ddf1c1c21070afec195d887ae411231673ec3266	d28473495fa7c4a03e248bb69d26fbef8f5f3330	6f7214c51a5cdb497ff6c281e9703e6ee15248f1	24.21.0	8926	8828	0	98	0	8926	8345	8926	581	8603	[suelo de la tanda] ✅ suelo 8345 · total actual 8926 · marge
109134684774	36483004720	1	success	2026-09-28T21:03:34Z	push	244b30787df5d4b3c54d6592cd0a6b90c6631123	244b30787df5d4b3c54d6592cd0a6b90c6631123	704b0f7af29b9a5ab12966f8415990671a9026f1	24.21.0	8933	8835	0	98	0	8933	8346	8933	587	8604	[suelo de la tanda] ✅ suelo 8346 · total actual 8933 · marge
109136276862	36483993420	1	success	2026-09-28T21:07:46Z	pr	f931aaefe6918bdb6075ea9d7c46ac6bb9132144	987e77555611fc464ee362c00836a3144d80d3fe	b0514ca41392c3e980ab00e36ca7669bd91a1595	24.21.0	8910	8812	0	98	0	8910	8349	8910	561	8607	[suelo de la tanda] ✅ suelo 8349 · total actual 8910 · marge
109138111544	36484536688	1	failure	2026-09-28T21:12:37Z	pr	f597ee6a30732c25f711c8196f18fd72f554815c	5c2fc0fc98defe86f2c605f80667172047c7f17c	496ab976cbc174a82c44de749fa634a304a5d304	24.21.0	8944	8843	3	98	0	8944	8357	8944	587	8615	[suelo de la tanda] ✅ suelo 8357 · total actual 8944 · marge
109140330288	36485004021	1	success	2026-09-28T21:18:28Z	push	ee0687fd91c09561a46953f309f8c44310340c58	ee0687fd91c09561a46953f309f8c44310340c58	b0514ca41392c3e980ab00e36ca7669bd91a1595	24.21.0	8933	8835	0	98	0	8933	8349	8933	584	8607	[suelo de la tanda] ✅ suelo 8349 · total actual 8933 · marge
109141033683	36485418647	1	success	2026-09-28T21:20:22Z	pr	50024da521736fe32cc7dfd6f92934f779cf429c	4b6412e3b52e9861c800f62bd929401f436f1343	2355425b933f41df44b92f5701109a217414379f	24.21.0	8907	8809	0	98	0	8907	8349	8907	558	8607	[suelo de la tanda] ✅ suelo 8349 · total actual 8907 · marge
109142409738	36485715035	1	failure	2026-09-28T21:24:11Z	pr	08d1138f9a62231fd9ef8426c78e6c4a11b445bc	10117c2f5aa55a108fb30c4e5cca20781bcb2408	456b5ac756b073b725bf25df903f8f560b5cae1b	24.21.0	8945	8844	3	98	0	8945	8358	8945	587	8616	[suelo de la tanda] ✅ suelo 8358 · total actual 8945 · marge
109144907326	36486602611	1	success	2026-09-28T21:31:01Z	pr	c530a691087d7f419c7af82d48dedad13ba20f3e	b31ebf9866e55b02928a91c849840748511f872d	14b3173846e922e35386f0fe1ec4f23af52ee84e	24.21.0	8929	8831	0	98	0	8929	8349	8929	580	8607	[suelo de la tanda] ✅ suelo 8349 · total actual 8929 · marge
109144961772	36486618909	1	success	2026-09-28T21:31:08Z	pr	b8eb67b1b44430c5f971d12a742a826e7670feb7	5c2665933d293be7d888d0fa82aa56f6226499ad	f8b72c4a8244ac7c1b86513d652c43f099dd347e	24.21.0	8936	8838	0	98	0	8936	8349	8936	587	8607	[suelo de la tanda] ✅ suelo 8349 · total actual 8936 · marge
109145603934	36486227919	1	success	2026-09-28T21:32:52Z	push	3928cf10720e700b451e0f3eb893ab0743d764e0	3928cf10720e700b451e0f3eb893ab0743d764e0	2355425b933f41df44b92f5701109a217414379f	24.21.0	8936	8838	0	98	0	8936	8349	8936	587	8607	[suelo de la tanda] ✅ suelo 8349 · total actual 8936 · marge
109146919179	36487217298	1	success	2026-09-28T21:36:27Z	pr	2a60c46fa18c8ed6f19e09d7a724e656cd42f4bc	efa52b4dc55d44d60d93627df467bc3ba3e9776e	0195a4287f8b81a338ecf1b761f2ece77fdfabd3	24.21.0	8936	8838	0	98	0	8936	8349	8936	587	8607	[suelo de la tanda] ✅ suelo 8349 · total actual 8936 · marge
109150797932	36488235178	1	success	2026-09-28T21:47:23Z	push	4fd0b309c265b10d0f376e2fdea856ed99a7d2ba	4fd0b309c265b10d0f376e2fdea856ed99a7d2ba	ed7a959f91197fad30024b664a390e1f289095b5	24.21.0	8936	8838	0	98	0	8936	8349	8936	587	8607	[suelo de la tanda] ✅ suelo 8349 · total actual 8936 · marge
109152016913	36488764698	1	success	2026-09-28T21:50:52Z	pr	289d17c7036dc4bf83c66993bac6f2260c91e13c	52cc191fd6eb8bb6a684efb14f8f36dddd2cd9da	a9815bb1a6c59232d922f8a1c98fcb26c0e63fcf	24.21.0	8936	8838	0	98	0	8936	8349	8936	587	8607	[suelo de la tanda] ✅ suelo 8349 · total actual 8936 · marge
109152133626	36488800248	1	cancelled	2026-09-28T21:51:13Z	pr	8881e8b9f8502dd814dc7a6674411b737523f172	a714591892f744bf9f1cab44609be666be6464fd	970bbeec1aa915b7a047f8b4bf83dc9e6c45802a	24.21.0						3308					[suelo de la tanda] ⚠️ NO SUPE MIRAR: no encontré la línea `
109153119624	36488991981	1	failure	2026-09-28T21:54:05Z	pr	328144a16a9c21c414685acb559513c10220ee32	e04068294b4adff322d202d9b0a9f0f488e50c4c	9f8812281f34a106101b543fa06c546cc544f0d7	24.21.0	8923	8824	1	98	0	8923	8357	8923	566	8615	[suelo de la tanda] ✅ suelo 8357 · total actual 8923 · marge
109154137706	36489414899	1	failure	2026-09-28T21:57:06Z	pr	06a33a8251b804840e874a1fe78b46091907bffa	e79d99e90a7c52b1781563372f2914aebaa6a1b1	b0b340e1a36226f002567e5f518fd5012ba4a628	24.21.0	8941	8842	1	98	0	8941	8354	8941	587	8612	[suelo de la tanda] ✅ suelo 8354 · total actual 8941 · marge
109155184769	36489732289	1	success	2026-09-28T22:00:18Z	push	d216084a67b1f42e69b829e5829420562873e528	d216084a67b1f42e69b829e5829420562873e528	a9815bb1a6c59232d922f8a1c98fcb26c0e63fcf	24.21.0	8936	8838	0	98	0	8936	8349	8936	587	8607	[suelo de la tanda] ✅ suelo 8349 · total actual 8936 · marge
109158291201	36490687701	1	success	2026-09-28T22:09:33Z	pr	a771d413acb6fcd5c03bf9141e0d75b5dd71c453	be063d1fc94e8e23b390dc3a6368b82568e3fe93	69505d9e2fec5410091e6c246f79ed37a582f085	24.21.0	8941	8843	0	98	0	8941	8354	8941	587	8612	[suelo de la tanda] ✅ suelo 8354 · total actual 8941 · marge
109158535930	36490762491	1	success	2026-09-28T22:10:17Z	pr	f8180aac67666d978b5a30c7d3aa8448a9403d92	e25f6a04cefa1d747f517639a38617af681f6153	c186ed5c01c25d2dd4db3bcad50ce24002460d0d	24.21.0	8944	8846	0	98	0	8944	8357	8944	587	8615	[suelo de la tanda] ✅ suelo 8357 · total actual 8944 · marge
109159987011	36491209892	1	failure	2026-09-28T22:14:43Z	pr	8931af810c514c0a7e4086db4f09b028bab92ab6	0e5e24cb998a08af6bffb1c977803c9e4d4d3e8c	978ddb1c499e3dd108d807a1d2f5b6d83a131865	24.21.0	8909	8810	1	98	0	8909	8346	8909	563	8604	[suelo de la tanda] ✅ suelo 8346 · total actual 8909 · marge
109160784480	36491455402	1	success	2026-09-28T22:17:05Z	pr	2c8a63961b8f505858c59545464a9ddd35116d9f	8a3f4d5c1cb8af94be870ac67856583e84334f17	3d97f4fcdf700b6d88156f0d0760d413b284aaa2	24.21.0	8936	8838	0	98	0	8936	8349	8936	587	8607	[suelo de la tanda] ✅ suelo 8349 · total actual 8936 · marge
109161536252	36491681372	1	success	2026-09-28T22:19:23Z	push	0a0f6b79dea0f7f1f07fd69f57d317dffe79b999	0a0f6b79dea0f7f1f07fd69f57d317dffe79b999	c186ed5c01c25d2dd4db3bcad50ce24002460d0d	24.21.0	8944	8846	0	98	0	8944	8357	8944	587	8615	[suelo de la tanda] ✅ suelo 8357 · total actual 8944 · marge
109162339661	36491930354	1	success	2026-09-28T22:22:08Z	pr	558beb5590336a125b4ba7423b40a234a8201f7c	4c08e326b58e9867a695473200eac9806084a48c	d8f51d63d23f3e0a5195d71f6fe4117092fbbbeb	24.21.0	8930	8832	0	98	0	8930	8371	8930	559	8629	[suelo de la tanda] ✅ suelo 8371 · total actual 8930 · marge
109162942937	36492117943	1	failure	2026-09-28T22:24:16Z	pr	05ae0236a1846a5226760830229952e2d30aac70	53c77557f40e797301d36e96f43532e438097e21	7d8e0abe37af5c2d61f2ab03c72db400ee647f18	24.21.0	8959	8860	1	98	0	8959	8372	8959	587	8630	[suelo de la tanda] ✅ suelo 8372 · total actual 8959 · marge
109163736089	36492369524	1	failure	2026-09-28T22:27:02Z	pr	c57a330a72e3d27afc40921f6e29dba3e4ad7fa3	29025c85ac03678b26f9de84a070e4f00b2c2171	1faefad3d4ac3d975942be23119547950f37cb69	24.21.0	8955	8856	1	98	0	8955	8368	8955	587	8626	[suelo de la tanda] ✅ suelo 8368 · total actual 8955 · marge
109164782211	36492622126	1	success	2026-09-28T22:29:30Z	pr	f57b9fde23b3fcb6e2a0f2c43b2c59488b773958	d326051c6a2ae1bd2f6d58e27ea3312be940e3db	606a423b760fb1e47e65444cc5e536aa2baf398d	24.21.0	8946	8848	0	98	0	8946	8359	8946	587	8617	[suelo de la tanda] ✅ suelo 8359 · total actual 8946 · marge
109166255864	36492719124	1	success	2026-09-28T22:34:07Z	push	bb542f6d590658a6baf01218fcac5d9d3c641075	bb542f6d590658a6baf01218fcac5d9d3c641075	13203b9d839f432fa415e187351bd8fc1bc94402	24.21.0	8958	8860	0	98	0	8958	8371	8958	587	8629	[suelo de la tanda] ✅ suelo 8371 · total actual 8958 · marge
109168504773	36493799050	1	success	2026-09-28T22:40:42Z	pr	8abbcc10d023f2720c8e4773b6fcf93e86e2fab7	153800a300d08d9d7ce7fa97940f2e7383fb7d19	58840cdf4f6c667cfe297bda8726c741fa59fa33	24.21.0	8965	8867	0	98	0	8965	8377	8965	588	8636	[suelo de la tanda] ✅ suelo 8377 · total actual 8965 · marge
109170911615	36494542868	1	success	2026-09-28T22:48:37Z	push	b7880db80707af65480b90ae00c89a3959cef540	b7880db80707af65480b90ae00c89a3959cef540	58840cdf4f6c667cfe297bda8726c741fa59fa33	24.21.0	8960	8862	0	98	0	8960	8377	8960	583	8636	[suelo de la tanda] ✅ suelo 8377 · total actual 8960 · marge
109171242769	36494645539	1	failure	2026-09-28T22:50:19Z	pr	c80b2f8453255ace6b89c8667a7a9d4507c92321	14dde0e399a527f22ebc75793352801ad5659432	a57ae5b0f29d70a294b0e4d43185744777c1abd2	24.21.0	8965	8866	1	98	0	8965	8377	8965	588	8636	[suelo de la tanda] ✅ suelo 8377 · total actual 8965 · marge
109171966375	36494868159	1	failure	2026-09-28T22:52:06Z	pr	26a3f480acd6b4d9d28067a41a9031b09a6c483d	577020e17f33e86730e8351cb1bc8c1a836f94ce	8e64089a72a5de243c0b5e2d832143dbcdbffc98	24.21.0	8967	8868	1	98	0	8967	8383	8967	584	8642	[suelo de la tanda] ✅ suelo 8383 · total actual 8967 · marge
109172780547	36495119523	1	success	2026-09-28T22:54:52Z	pr	e6fe11b0b94e4d08082ea264218f0ff6c86231f5	f2d98de4d6266d9468409579d410c798affd40d4	47974c42dec4346a65a66239e0cf791d5aafc49e	24.21.0	8973	8875	0	98	0	8973	8385	8973	588	8644	[suelo de la tanda] ✅ suelo 8385 · total actual 8973 · marge
109175672580	36496019643	1	success	2026-09-28T23:04:35Z	push	a4e664cd5d130d330a0b391f0f34d0787020179c	a4e664cd5d130d330a0b391f0f34d0787020179c	47974c42dec4346a65a66239e0cf791d5aafc49e	24.21.0	8940	8842	0	98	0	8940	8385	8940	555	8644	[suelo de la tanda] ✅ suelo 8385 · total actual 8940 · marge
109176471306	36496273931	1	cancelled	2026-09-28T23:07:16Z	pr	6787a7f000cf0e07996d8577fe083392c0830017	b64eb9b32d885bd4e6c5e67ae7c616a1d375fa17	29dd17ea82de69a182ca334ea8d231e076e10a01	24.21.0	8944	8845	1	98	0	8944	8385	8944	559	8644	[suelo de la tanda] ✅ suelo 8385 · total actual 8944 · marge
109178721790	36496904219	1	success	2026-09-28T23:15:05Z	pr	65996e856e302861e5dce91b34eaaafc62d104db	9823bd55431b8e9be3cd17860ade31b1725e7e73	a06ff10d85f1e31c9fedb02dda77fe98a7002d49	24.21.0	8953	8855	0	98	0	8953	8385	8953	568	8644	[suelo de la tanda] ✅ suelo 8385 · total actual 8953 · marge
109181067748	36497716616	1	success	2026-09-28T23:23:13Z	push	837a9e5350cc9bd3849df0cfde4fd5ae3404556d	837a9e5350cc9bd3849df0cfde4fd5ae3404556d	a06ff10d85f1e31c9fedb02dda77fe98a7002d49	24.21.0	8973	8875	0	98	0	8973	8385	8973	588	8644	[suelo de la tanda] ✅ suelo 8385 · total actual 8973 · marge
109192484527	36501290501	1	success	2026-09-29T00:04:51Z	pr	4bf2d2e0c7e386bc53b01da82fd20d99bee01269	52f4d92b35f3a504a295862d2ab7e4990c2b4b63	1ebdb83d500c55ec48961fa2f08e39d5a0eb309a	24.21.0	8979	8881	0	98	0	8979	8391	8979	588	8650	[suelo de la tanda] ✅ suelo 8391 · total actual 8979 · marge
109195002168	36502072691	1	success	2026-09-29T00:14:11Z	push	ba1b096661db77f93aaaf52acdcfd7c9d99db9aa	ba1b096661db77f93aaaf52acdcfd7c9d99db9aa	1ebdb83d500c55ec48961fa2f08e39d5a0eb309a	24.21.0	8979	8881	0	98	0	8979	8391	8979	588	8650	[suelo de la tanda] ✅ suelo 8391 · total actual 8979 · marge
109332109897	36545908571	1	success	2026-09-29T08:56:28Z	pr	0645344e01634361469dcc3bc1c69f1fdc4b780c	782dbfeb395b2750208f5494230966a4e4fa3b76	fee13198bff4705b85e1e7679f44d677180e136a	24.21.0	8960	8862	0	98	0	8960	8394	8960	566	8653	[suelo de la tanda] ✅ suelo 8394 · total actual 8960 · marge
109332292086	36545963781	1	success	2026-09-29T08:57:00Z	pr	ca45b040fa3af1264f3ad20dd8587044ab29fa87	986dc123d32748ff84fdb28941f85396f978e5b2	715a9557f2adaccac0be13940151a827ed85e224	24.21.0	8982	8884	0	98	0	8982	8394	8982	588	8653	[suelo de la tanda] ✅ suelo 8394 · total actual 8982 · marge
109332095775	36545904068	1	success	2026-09-29T08:57:01Z	pr	d03a510e0fd1d416dc44847bc8c02a5eca82c2fe	3796f6ef78ad5841fce6d7b4d38919a8946d03c9	db15de68e6b375569505f85f73ee2faae96aa35f	24.21.0	8982	8884	0	98	0	8982	8394	8982	588	8653	[suelo de la tanda] ✅ suelo 8394 · total actual 8982 · marge
109332446577	36546010633	1	success	2026-09-29T08:57:30Z	pr	51d6600b88b84609e609eca9abacbec612ec0953	1df388a880ddfd2850758c09944b158ddcb80fec	6f2005913b2a2954b681a3e17d965d53b7168418	24.21.0	8982	8884	0	98	0	8982	8394	8982	588	8653	[suelo de la tanda] ✅ suelo 8394 · total actual 8982 · marge
109334680516	36546692440	1	failure	2026-09-29T09:03:43Z	pr	f2035127c3ec737fec070af7fda7917a4e22d7bb	3c94370435c3089c022f8d9059f767936ac47fde	8ad9c267e4d533733aec7c3776c13792635e396b	24.21.0	8958	8859	1	98	0	8958	8393	8958	565	8652	[suelo de la tanda] ✅ suelo 8393 · total actual 8958 · marge
109335763397	36547024875	1	success	2026-09-29T09:06:44Z	push	438d3e71bbf1410acec9e8eea19a5743ef74a0d0	438d3e71bbf1410acec9e8eea19a5743ef74a0d0	fee13198bff4705b85e1e7679f44d677180e136a	24.21.0	8982	8884	0	98	0	8982	8394	8982	588	8653	[suelo de la tanda] ✅ suelo 8394 · total actual 8982 · marge
109337332974	36547507483	1	success	2026-09-29T09:11:06Z	pr	9ecbb416eaa65ea86ee8d25b2c372f9d46d6036a	548a3136d04d717484f883e54af7d52326dcedb4	9f1b842f798fab57135554893bcd7f4abf630af4	24.21.0	8994	8896	0	98	0	8994	8406	8994	588	8665	[suelo de la tanda] ✅ suelo 8406 · total actual 8994 · marge
109339610606	36548201830	1	success	2026-09-29T09:17:30Z	pr	1b81aa0d6903fa4227d38e4636bc926e1234acd8	770720ac4519707635cdd4537384bbe6db4b89f4	b3b955ae08b4a1a1edebd849aed3b5c681cd7d9e	24.21.0	8953	8855	0	98	0	8953	8403	8953	550	8662	[suelo de la tanda] ✅ suelo 8403 · total actual 8953 · marge
109340245328	36548392380	1	failure	2026-09-29T09:19:14Z	pr	4acf1317357e6df541e22e159216f1c759119614	4eb7a0a4f75550182a44267617041a9f2142ab73	a7f37afa7d1c660ca11cc22a979a5f6514faaa66	24.21.0	8993	8894	1	98	0	8993	8405	8993	588	8664	[suelo de la tanda] ✅ suelo 8405 · total actual 8993 · marge
109340394776	36548437215	1	failure	2026-09-29T09:19:53Z	pr	dc8ea603cc7cf73f556a70c69f5398bfb1feb0a1	f229174d47604a42555d54b03a226ad132f7ceef	ba764607ac232ff2d551616d1841f66aefca2045	24.21.0	9004	8901	5	98	0	9004	8415	9004	589	8675	[suelo de la tanda] ✅ suelo 8415 · total actual 9004 · marge
109340645866	36548513634	1	success	2026-09-29T09:21:45Z	pr	b10183967feee5dbd31d5020e79edacc0b425b38	cae227eb958132f989a95765129b207ec14e188d	e697568b53b4daa0113d8d939443ee2c126d605e	24.21.0	8990	8892	0	98	0	8990	8402	8990	588	8661	[suelo de la tanda] ✅ suelo 8402 · total actual 8990 · marge
109341162280	36548634036	1	success	2026-09-29T09:22:06Z	push	bd2964d9a4ebfc48a38f8d34cacc1db250ebd144	bd2964d9a4ebfc48a38f8d34cacc1db250ebd144	9f1b842f798fab57135554893bcd7f4abf630af4	24.21.0	8994	8896	0	98	0	8994	8406	8994	588	8665	[suelo de la tanda] ✅ suelo 8406 · total actual 8994 · marge
109342084390	36548947670	1	success	2026-09-29T09:28:32Z	pr	d10d893eca7446516a11ad11f42d5e901befd12f	817e269f145af871a1b554dcce25534808ec9159	bfb2940aa911783f31a60a1dd3f66d4e02f2196b	24.21.0	8996	8898	0	98	0	8996	8415	8996	581	8675	[suelo de la tanda] ✅ suelo 8415 · total actual 8996 · marge
109344012504	36549529564	1	success	2026-09-29T09:30:28Z	pr	86bddb1a4d7a1799588d3f3398d101b88f780e8a	87a6bdfff6bb66a758789bc3880cb5da8773999d	20e4b2ce2756064fe59f930a86d746bba23f653f	24.21.0	9002	8904	0	98	0	9002	8412	9002	590	8672	[suelo de la tanda] ✅ suelo 8412 · total actual 9002 · marge
109344945053	36549810670	1	success	2026-09-29T09:32:34Z	pr	33dfcfc09ef1855c9fa684bee9ca5977757f9f2f	509ab0d8f4b8c9daeb98717757e4829cf68eca83	7abf7f21c9a30bcdad8d0f771d3c9d6b33a3d2da	24.21.0	8976	8878	0	98	0	8976	8418	8976	558	8678	[suelo de la tanda] ✅ suelo 8418 · total actual 8976 · marge
109345959478	36550120027	1	success	2026-09-29T09:35:43Z	pr	731c43ccfcf88a78aeb3911f4a34bd9eb7986515	a1df4c6963b0fbb085ff836ebbedb1543b707983	1cc68f7139d8b519ef64c38ba7834ba83f21d4fa	24.21.0	9005	8907	0	98	0	9005	8415	9005	590	8675	[suelo de la tanda] ✅ suelo 8415 · total actual 9005 · marge
109345960672	36550120426	1	success	2026-09-29T09:37:38Z	pr	ba4633714ed2f05dd8e0f999ddaa9e00bc57e896	09785572e48827ad19a1f40d55c6879b9fc1611f	faca1935808200426db043a1b2794d735cdcd33a	24.21.0	9016	8918	0	98	0	9016	8426	9016	590	8686	[suelo de la tanda] ✅ suelo 8426 · total actual 9016 · marge
109346975896	36550364413	1	success	2026-09-29T09:39:18Z	push	7a94abae5260c5953b4171860e9779dd428f6527	7a94abae5260c5953b4171860e9779dd428f6527	b2499d3401e44702124aec1e688728e32a05a5a4	24.21.0	9000	8902	0	98	0	9000	8420	9000	580	8680	[suelo de la tanda] ✅ suelo 8420 · total actual 9000 · marge
109347266160	36550514270	1	success	2026-09-29T09:44:12Z	pr	2a21a569991955cd6a462fd8f18b47bf79492c0a	8bd8807ba154df9022bd4c6724158e37cbe286a0	569b87f416bef634011fdb7447db47112d16b16d	24.21.0	9016	8918	0	98	0	9016	8426	9016	590	8686	[suelo de la tanda] ✅ suelo 8426 · total actual 9016 · marge
109348539443	36550900578	1	success	2026-09-29T09:44:31Z	pr	2da37c65c0ba1f164f47c37d1cf7e525bc93ad71	5625ee020b222a3adbb37983ed506ea8f1a80f7b	b934189c49f31d96316d4db3cdb46cafd294b40a	24.21.0	9018	8920	0	98	0	9018	8431	9018	587	8691	[suelo de la tanda] ✅ suelo 8431 · total actual 9018 · marge
109349976160	36551338230	1	success	2026-09-29T09:46:56Z	pr	849dadca60ffb600b290446eb5dfdb3c536c2686	486749f5b57b43783658cd50bfd0cb6701b25df8	c97acc3aefdc06afd102083f1cf1d9fe2d066e90	24.21.0	9031	8933	0	98	0	9031	8444	9031	587	8705	[suelo de la tanda] ✅ suelo 8444 · total actual 9031 · marge
109350180424	36551402001	1	success	2026-09-29T09:48:27Z	pr	eea5c589ff9a4571d87f51562d6b849f7c150ff5	28f3d0c9775373616846830c6d21efbeff502b0b	e651b703b6a663f024bdbaaef78f0686cd135fda	24.21.0	9026	8928	0	98	0	9026	8446	9026	580	8707	[suelo de la tanda] ✅ suelo 8446 · total actual 9026 · marge
109352622715	36552149130	1	failure	2026-09-29T09:54:11Z	pr	fb19799e6ced1833803b294216761def35225b4a	02231fccce608825ce7453028297bd7df0c974fa	021a011b71c62cf6fa20a32aa89cd0c8e78fc665	24.21.0	9024	8925	1	98	0	9024	8458	9024	566	8719	[suelo de la tanda] ✅ suelo 8458 · total actual 9024 · marge
109353279450	36552232372	1	success	2026-09-29T09:56:03Z	push	77051e2a50a735484ef08a113c3117114b71db87	77051e2a50a735484ef08a113c3117114b71db87	0e071fd0e5b77f9d9c1d1bcf6d2c4888b9a40707	24.21.0	9048	8950	0	98	0	9048	8457	9048	591	8718	[suelo de la tanda] ✅ suelo 8457 · total actual 9048 · marge
109353461158	36552404091	1	success	2026-09-29T09:57:33Z	pr	5ecbc63f0f8ab0ab6174caa90a8d14985b8159c7	f44c55d16b6e262ed4016ff4b4f48e5416e1d3c0	a896105cba35740a3d003c7d3ab169d13925d71a	24.21.0	9049	8951	0	98	0	9049	8462	9049	587	8723	[suelo de la tanda] ✅ suelo 8462 · total actual 9049 · marge
109354562291	36552736299	1	success	2026-09-29T09:59:44Z	pr	af6d80ed941211d7c57a85b205fb8f8a684caa80	75bed0793221ecf895a89cab835ab92de2f44d35	d0284451df094d37597019347d435e13c1af5652	24.21.0	9031	8933	0	98	0	9031	8462	9031	569	8723	[suelo de la tanda] ✅ suelo 8462 · total actual 9031 · marge
109355299292	36552965638	1	failure	2026-09-29T10:01:45Z	pr	06c88b40ff774565ddcd98c41bf9755a48d7145e	f85ca59d43e2521e3a2a8e9a98d266d51b9a3611	48e73446681a39cddf4d2709a4bf5ddc1e6bf7c3	24.21.0	9062	8963	1	98	0	9062	8471	9062	591	8732	[suelo de la tanda] ✅ suelo 8471 · total actual 9062 · marge
109357897651	36553767885	1	success	2026-09-29T10:09:12Z	pr	415faf39e37764e8fda6a48e43fdad81a5b5f877	c430ed7898ea75fd6276e3be8e4bb45dbb19c1ad	0a44e56687a0afc47ddb5ab11947be2d30286ac5	24.21.0	9060	8962	0	98	0	9060	8472	9060	588	8734	[suelo de la tanda] ✅ suelo 8472 · total actual 9060 · marge
109358333763	36553899919	1	success	2026-09-29T10:10:27Z	pr	b6822537bc29fc5ca926aac3786ab225eecc2450	9804673b7f0140f115d0c9f13710306c018aca15	cef782c19d51ae59666516df0b310a3e917561f6	24.21.0	9055	8957	0	98	0	9055	8464	9055	591	8725	[suelo de la tanda] ✅ suelo 8464 · total actual 9055 · marge
109358457315	36553597043	1	success	2026-09-29T10:10:49Z	push	fcc889928bd077ecd81776fded32ca83658e7cbb	fcc889928bd077ecd81776fded32ca83658e7cbb	11b7c3160c16899156001f360bc23c7298d0d89c	24.21.0	9055	8957	0	98	0	9055	8464	9055	591	8725	[suelo de la tanda] ✅ suelo 8464 · total actual 9055 · marge
109359340674	36554102618	1	success	2026-09-29T10:13:22Z	pr	fec392afc00044116d08635d3d5bf449c3630a84	a2f12dcb0d58d4fa5e78afb421da47c19dda6a2f	8e06a05b258d798a4d3a10e02d383076990330cc	24.21.0	9044	8946	0	98	0	9044	8475	9044	569	8737	[suelo de la tanda] ✅ suelo 8475 · total actual 9044 · marge
109362375943	36555141632	1	failure	2026-09-29T10:22:19Z	pr	05b3536fa7b7e79bac10d419a92f67063dcac415	327ff8eaeb9a81e40193fc50731d4de2f31bbc6f	5b5f5d941d5cb07afd1373539ee6bf9d114bdcff	24.21.0	9082	8983	1	98	0	9082	8490	9082	592	8752	[suelo de la tanda] ✅ suelo 8490 · total actual 9082 · marge
109363458813	36555039967	1	success	2026-09-29T10:25:30Z	push	8eaee4ac18dc8096cedc8a603aa99b372d0861bb	8eaee4ac18dc8096cedc8a603aa99b372d0861bb	b1a05854b96cb6d608070d8da991bbce5c76ab19	24.21.0	9079	8981	0	98	0	9079	8487	9079	592	8749	[suelo de la tanda] ✅ suelo 8487 · total actual 9079 · marge
109365294001	36556036696	1	success	2026-09-29T10:30:55Z	pr	ad6036fcc40cab9b7e3c56cd370632c3f3807faf	3ea187902d0fc672e23faf3f78c8945cd08d506c	5bf200edf8ccd1c88efa67c885a4ba185a40c3c9	24.21.0	9079	8981	0	98	0	9079	8490	9079	589	8752	[suelo de la tanda] ✅ suelo 8490 · total actual 9079 · marge
109367874778	36556826193	1	cancelled	2026-09-29T10:38:41Z	pr	bf8c69a37d6e3dd01f04fa6fbd9cd25acaf3f74c	c1133515070bb63f980705978c9c09b6ee64317b	dc5077e6a1b456e522fbde316bec1aab99900dfc	24.21.0						4680					[suelo de la tanda] ⚠️ NO SUPE MIRAR: no encontré la línea `
109368066590	36556885076	1	success	2026-09-29T10:39:17Z	pr	180e6f51883ea02b21b1292552b354e7b8b85cc0	f0eba3e42d6fdcc1acd910aecf06b771cc58d834	de6a37e40d5eeb8734763a965cda58e752d1e09d	24.21.0	9091	8993	0	98	0	9091	8499	9091	592	8761	[suelo de la tanda] ✅ suelo 8499 · total actual 9091 · marge
109369007049	36557170591	1	success	2026-09-29T10:42:04Z	push	9ef54f8a676a08c6e099be5f395937f5736bb333	9ef54f8a676a08c6e099be5f395937f5736bb333	5bf200edf8ccd1c88efa67c885a4ba185a40c3c9	24.21.0	9082	8984	0	98	0	9082	8490	9082	592	8752	[suelo de la tanda] ✅ suelo 8490 · total actual 9082 · marge
109369334316	36557272674	1	success	2026-09-29T10:43:03Z	pr	3a4b85a3b871beed549c614d06213f89887e3b0d	014a167fa24631e5b1b5e13795a6102779f0ee9f	d2fe3b4c1b2e7cebb2a57cb2f511249f32c23491	24.21.0	9082	8984	0	98	0	9082	8490	9082	592	8752	[suelo de la tanda] ✅ suelo 8490 · total actual 9082 · marge
109369455009	36557092784	1	success	2026-09-29T10:43:23Z	pr	f0330051bfe94af3307daddc8d21f0d33bd2d49d	7b100b48a4a981abec98153a966033fd8ed4fe9a	b8b51f4103f6d553c0eca34740fad823a8e0f8b6	24.21.0	9044	8946	0	98	0	9044	8490	9044	554	8752	[suelo de la tanda] ✅ suelo 8490 · total actual 9044 · marge
109369742301	36557398138	1	success	2026-09-29T10:44:45Z	pr	e682ee4630d17b613566bb7d41fca3bf372a4e23	b1f46ca21e0511a3afdb0f67c7b337001ef46864	0123761e8344f5cb5d776f27f935c6d84f218739	24.21.0	9088	8990	0	98	0	9088	8496	9088	592	8758	[suelo de la tanda] ✅ suelo 8496 · total actual 9088 · marge
109372076864	36558106792	1	failure	2026-09-29T10:51:08Z	pr	6e960579399cfa3640b4d514e8f1ca76249cae04	5cf4e37b299de4bfe416d026daa28d899679b696	d3f5cead870a34496af03ee3c61d34dcb6de6925	24.21.0	9082	8983	1	98	0	9082	8490	9082	592	8752	[suelo de la tanda] ✅ suelo 8490 · total actual 9082 · marge
109372037565	36557854528	1	success	2026-09-29T10:52:13Z	pr	490040f9bf99176a89fca8ccb0d36d78e8453bc8	3dc3eff6f2f37fa6612c75287a33dade376e38b4	eb3a86566ed932ad6a296304a8ed29d0ab82919d	24.21.0	9065	8967	0	98	0	9065	8504	9065	561	8767	[suelo de la tanda] ✅ suelo 8504 · total actual 9065 · marge
109374096698	36558271547	1	failure	2026-09-29T10:57:05Z	push	fcc2cc01a6ba29ed57bece0844508d513cd86264	fcc2cc01a6ba29ed57bece0844508d513cd86264	a40d4af3b7d68dedc50d07bf1b119e5821231aba	24.21.0	9064	8965	1	98	0	9064	8496	9064	568	8758	[suelo de la tanda] ✅ suelo 8496 · total actual 9064 · marge
109374535505	36558849962	1	cancelled	2026-09-29T10:58:25Z	pr	4db9c720a383d312a25daa46eb476652e8b2e366	3abd7cc1d029b8fffc3e4a767007908f080c92fa	db534dcd3e9af6fa24f474989889e41b96ceac26	24.21.0						3563					[suelo de la tanda] ⚠️ NO SUPE MIRAR: no encontré la línea `
109375717556	36559006088	1	failure	2026-09-29T11:01:52Z	pr	4671d9d1cad574849c1928c29c2d8eda7b7609c0	34995e277a1ae08bdf28a2f3212df54057f485c2	952a6592b6ae1272e6282ed71f6c5b14c321d26c	24.21.0	9097	8996	3	98	0	9097	8504	9097	593	8767	[suelo de la tanda] ✅ suelo 8504 · total actual 9097 · marge
109464369378	36585440098	1	success	2026-09-29T14:48:35Z	pr	e41847aca2b17c6ea48e89eff78f3a188d69ef29	1b4e125fe232dc98ce3be172eb4f9ca99cf862dc	84780fe2499ffb86dba633ba66fda916c0304065	24.21.0	9087	8989	0	98	0	9087	8496	9087	591	8758	[suelo de la tanda] ✅ suelo 8496 · total actual 9087 · marge
109468470597	36586596848	1	success	2026-09-29T14:58:24Z	push	00c07bef9cc794b46155fa0d4289849477fb5b18	00c07bef9cc794b46155fa0d4289849477fb5b18	84780fe2499ffb86dba633ba66fda916c0304065	24.21.0	9064	8966	0	98	0	9064	8496	9064	568	8758	[suelo de la tanda] ✅ suelo 8496 · total actual 9064 · marge
109469205939	36586806494	1	success	2026-09-29T15:00:02Z	pr	3896034904142cf55643e3033dffe5031f187636	994634f3bbb2a1362f688ae4ae8b98a100bbbf55	edf6d4ddb05cdd15c33691b1bc795ec030f4a166	24.21.0	9070	8972	0	98	0	9070	8502	9070	568	8764	[suelo de la tanda] ✅ suelo 8502 · total actual 9070 · marge
109472985304	36587888906	1	success	2026-09-29T15:08:24Z	pr	f27938c9f53df0db45002353efb0183f5648d1c8	2696fc4119b4b95dd08f654522d290bc288008e3	7816538a7fc74e555762ecfe341cc106852a317c	24.21.0	9088	8990	0	98	0	9088	8496	9088	592	8758	[suelo de la tanda] ✅ suelo 8496 · total actual 9088 · marge
109475165878	36587969972	1	success	2026-09-29T15:13:18Z	push	00d98f6bae81edddfd783e7aa7ac86244b3bf07f	00d98f6bae81edddfd783e7aa7ac86244b3bf07f	edf6d4ddb05cdd15c33691b1bc795ec030f4a166	24.21.0	9068	8970	0	98	0	9068	8502	9068	566	8764	[suelo de la tanda] ✅ suelo 8502 · total actual 9068 · marge
109481810520	36588888348	1	success	2026-09-29T15:28:21Z	push	82cb31c81e3fa7357819af7370a4fcf53bff6682	82cb31c81e3fa7357819af7370a4fcf53bff6682	4f7ff20c07c36692c150eae0d74d71004fa34cbb	24.21.0	9070	8972	0	98	0	9070	8502	9070	568	8764	[suelo de la tanda] ✅ suelo 8502 · total actual 9070 · marge
109489236819	36592594884	1	success	2026-09-29T15:45:17Z	pr	cf8814aaee5f460b3b526180d6b386d2859d4767	44d09ba8e5b4903477f836200a867a3d0353e246	e45b0a8a1234221d679202eef31cb7b204202cf5	24.21.0	9055	8957	0	98	0	9055	8504	9055	551	8766	[suelo de la tanda] ✅ suelo 8504 · total actual 9055 · marge
109489650850	36592715557	1	success	2026-09-29T15:46:13Z	pr	3676077fcb90f471b172c878e56c94ed157690dd	25ab426839fe77edbfdc11d1d05b632184e546b0	ae6f17078f02f3c0cafa8d2d5f175601390d6131	24.21.0	9083	8985	0	98	0	9083	8505	9083	578	8768	[suelo de la tanda] ✅ suelo 8505 · total actual 9083 · marge
109490076129	36592838855	1	success	2026-09-29T15:47:13Z	pr	1af79596d9ccc0b7ac461665b6c38da30313cc89	a5eb1e5396ad2c25ce92a7ad9170e059ec396570	04675b22f5c4e7e05587d1f8d5825037e3eb6c0c	24.21.0	9096	8998	0	98	0	9096	8516	9096	580	8779	[suelo de la tanda] ✅ suelo 8516 · total actual 9096 · marge
109492158731	36593437194	1	cancelled	2026-09-29T15:51:59Z	pr	2c464fd000bd80060d1ca46f34218bb8c1bcf2f9	bb120d659952494f288f9887f57a3471e9be0ab3	32fe9ff59385fbba943a8de38a754809007d20a7	24.21.0						4694					[suelo de la tanda] ⚠️ NO SUPE MIRAR: no encontré la línea `
109492978977	36593678878	1	success	2026-09-29T15:53:56Z	push	d3b37ac8fc5de19c15c4a39bd9fc2bf5abe8ecfb	d3b37ac8fc5de19c15c4a39bd9fc2bf5abe8ecfb	e45b0a8a1234221d679202eef31cb7b204202cf5	24.21.0	9096	8998	0	98	0	9096	8504	9096	592	8766	[suelo de la tanda] ✅ suelo 8504 · total actual 9096 · marge
109494175968	36593771840	1	success	2026-09-29T15:56:38Z	pr	515a4651960016cbc19a79b59c5ed1f7e17ef841	593c320c3f9acee67c1fb946ddeb83d506ec369d	18286bc6c49717b4711322fda57cbf1a399f0767	24.21.0	9107	9009	0	98	0	9107	8514	9107	593	8777	[suelo de la tanda] ✅ suelo 8514 · total actual 9107 · marge
109496484989	36594702557	1	success	2026-09-29T16:01:57Z	pr	aec441a5382e2d0add75c9ace4e1b6a02536b6f1	7f4b17d601975b8b8dfa3106636ff0d83d722af8	f4d9a924d0db988e82088435754b7c7449060380	24.21.0	9115	9017	0	98	0	9115	8522	9115	593	8785	[suelo de la tanda] ✅ suelo 8522 · total actual 9115 · marge
109499715095	36595457449	1	success	2026-09-29T16:09:31Z	push	39c41d99cec5d5f1ab891f3169114636a1f1f68c	39c41d99cec5d5f1ab891f3169114636a1f1f68c	9480cf384a33bc688e18077871b143a91a07627d	24.21.0	9122	9024	0	98	0	9122	8529	9122	593	8792	[suelo de la tanda] ✅ suelo 8529 · total actual 9122 · marge
109502715091	36596517503	1	failure	2026-09-29T16:16:38Z	pr	b6e375358286a5879b8a8495102864b3ad34641d	a9e4c6bc827242431673b21523f6221ae287ec39	70625c8d0a6ba9cb3dc1280a3eed795571966eb8	24.21.0	9132	9034	0	98	0	9132	8538	9132	594	8802	[suelo de la tanda] ✅ suelo 8538 · total actual 9132 · marge
109502823386	36596548810	1	success	2026-09-29T16:16:53Z	pr	ee741134e5f775a41b673842c5d4e25bc3e5572c	9c0efe8c38b02ae437412275aec73af478dcd182	aa862f81924fa6681e8f700b8600c2f6d6cec0d6	24.21.0	9117	9019	0	98	0	9117	8533	9117	584	8796	[suelo de la tanda] ✅ suelo 8533 · total actual 9117 · marge
109503839889	36596843134	1	cancelled	2026-09-29T16:19:19Z	pr	e6ebf6791983180d712333f469d24abea0ef4500	b0da2abf2e3bf91b87c39bd905449b98fcb8fe01	1b4806f142cd55617a1c0c4713da2226ee7276ac	24.21.0						4292					[suelo de la tanda] 🔴 LA TANDA ESTÁ 8422 TEST(S) POR DEBAJO
109505419601	36597307755	1	cancelled	2026-09-29T16:23:40Z	pr	ee633c9cb455b1b5deff86a9a74b6e9dfc383a0a	c114aff553212d698a9a501c669242629a3bd93b	d23e6f56eeb0d45d95d17774f1776448a946dde9	24.21.0						799					[suelo de la tanda] ⚠️ NO SUPE MIRAR: no encontré la línea `
109505685709	36597386689	1	success	2026-09-29T16:24:11Z	pr	870f670adcf464f126d46d6d332012bfc9e78a56	a1703f554316ad89f6c3e41ef2ae4112d8b8ab20	c68c5b8995f75070ec7561ebf004c6e41fdaac95	24.21.0	9125	9027	0	98	0	9125	8532	9125	593	8795	[suelo de la tanda] ✅ suelo 8532 · total actual 9125 · marge
109505872541	36596028069	1	success	2026-09-29T16:25:54Z	push	d2451dbe39f38afc2116e11ce87f5d57c7f1458d	d2451dbe39f38afc2116e11ce87f5d57c7f1458d	72620ccf4ede8e2bf1b2a9cc12258df9540f02ba	24.21.0	9100	9002	0	98	0	9100	8529	9100	571	8792	[suelo de la tanda] ✅ suelo 8529 · total actual 9100 · marge
109506820033	36597464581	1	failure	2026-09-29T16:27:32Z	pr	1249830558304904674fba8486d6b2ccc569074a	0704cc7d42c413ef9458813a903ac49a1a86f7d5	1a9c025262bdd143af65f1c540e1c4aee666a9c9	24.21.0	9086	8985	4	97	0	9086	8536	9086	550	8800	[suelo de la tanda] ✅ suelo 8536 · total actual 9086 · marge
109506948595	36597753443	1	failure	2026-09-29T16:29:40Z	pr	4d8b10a667fa9984cc4dfe207059697b2add14eb	fcff5fc89dad7b391a797c3315a95c99e76e04c7	32df69ffbd7d3b71c52b9ab18cfaaababd7f22a5	24.21.0	9113	9010	5	98	0	9113	8536	9113	577	8799	[suelo de la tanda] ✅ suelo 8536 · total actual 9113 · marge
109509145922	36598401990	1	success	2026-09-29T16:32:02Z	pr	094fbc8655d974a17e388d97bd56fd06e5934907	29afbf5ad3417e05f84ea5aaed1af3540a890f61	bd3573d90831af39c7d384ea8ba54108496807dd	24.21.0	9130	9032	0	98	0	9130	8536	9130	594	8800	[suelo de la tanda] ✅ suelo 8536 · total actual 9130 · marge
109510804101	36598758641	1	cancelled	2026-09-29T16:36:02Z	pr	7adc0e3e3ccd9f0179380b04072e42a730594838	80c4f2b75c166f137264679720ec66a867d97542	0d784304144f3b8dd5bda766eb1630aaf08f9e0b	24.21.0						787					[suelo de la tanda] ⚠️ NO SUPE MIRAR: no encontré la línea `
109511408401	36599060511	1	cancelled	2026-09-29T16:37:42Z	pr	0202c69cd3e7df1a48a2a5a8ae19dd6396d22a09	5a652e78789e63f864a7ec56a0946762fbf6af3c	8023e82a4cf2bb94802af82f9035303389cb6608	24.21.0						4288					[suelo de la tanda] ⚠️ NO SUPE MIRAR: no encontré la línea `
109511656887	36598960917	1	success	2026-09-29T16:38:40Z	pr	cf71f9759cbe48a5d54ec853416c878027269133	cd315759ee7bdad13fb6ee2c9c324be7500378b6	f11776f0bd5292c1aadd5e4851ec9f9cfd70d62b	24.21.0	9136	9038	0	98	0	9136	8542	9136	594	8806	[suelo de la tanda] ✅ suelo 8542 · total actual 9136 · marge
109511794101	36599000715	1	success	2026-09-29T16:41:00Z	pr	79f434f4f88f25189315e53099f87c1fc5e6785c	abbc3ec1aa0589fb9f53dc386a1ce67277bf51f6	9a81995a5235c6f6b608b33791be314f58bd24be	24.21.0	9131	9033	0	98	0	9131	8537	9131	594	8801	[suelo de la tanda] ✅ suelo 8537 · total actual 9131 · marge
109512061713	36597577377	1	success	2026-09-29T16:41:13Z	push	e75b94ca8755bd5d27981940c5ff4c01b2df8695	e75b94ca8755bd5d27981940c5ff4c01b2df8695	aa862f81924fa6681e8f700b8600c2f6d6cec0d6	24.21.0	9126	9028	0	98	0	9126	8533	9126	593	8796	[suelo de la tanda] ✅ suelo 8533 · total actual 9126 · marge
109512630727	36599416411	1	success	2026-09-29T16:43:49Z	pr	6efadeee3e343ee8414e64206326a9a5e5662037	5a2a458efa90d34297c8d261b75b8b3c19249c8c	54a792a2baa42bac4b8762364fdcc85af8e6e0b9	24.21.0	9135	9037	0	98	0	9135	8541	9135	594	8805	[suelo de la tanda] ✅ suelo 8541 · total actual 9135 · marge
109512904754	36599350717	1	failure	2026-09-29T16:46:55Z	pr	01a9bd6146d71f99c8c651ede998fb358f122147	d265ac18d87bcee48ff2bafc51be5b91cf7dd9e3	696011f0e247a6f07dcb709e3d5a979d9eececa4	24.21.0	9134	9034	2	98	0	9134	8544	9134	590	8808	[suelo de la tanda] ✅ suelo 8544 · total actual 9134 · marge
109516865681	36600655255	1	success	2026-09-29T16:51:07Z	pr	fb25a67befd0a72d996d06be852e23e48ed16546	4ac226002eb7a93c8b114f1b36266c3ac985228d	d4d7f5563189386b0dc3048b7b8beec29ab7457e	24.21.0	9138	9040	0	98	0	9138	8544	9138	594	8808	[suelo de la tanda] ✅ suelo 8544 · total actual 9138 · marge
109517444232	36600822681	1	cancelled	2026-09-29T16:52:03Z	pr	9e5ec452ab3974394cf9adc4c01f547481cedf8e	420aab63b396cb0dfe111f0b9ba3a9687b2b6832	c556e12581f22f1eabca5c3ec93b4aa2f84c363a	24.21.0						4743					[suelo de la tanda] ⚠️ NO SUPE MIRAR: no encontré la línea `
109517964504	36600974973	1	success	2026-09-29T16:53:57Z	pr	c56a1478011aa535fa0d3264bd3f78acb89bb95c	61611091177f2b3dc42e736ea3b93c8cedb6864d	7a0e2b4d299e8031d7e1105ead5c43d507f7de26	24.21.0	9158	9060	0	98	0	9158	8564	9158	594	8828	[suelo de la tanda] ✅ suelo 8564 · total actual 9158 · marge
109519179200	36601146241	1	cancelled	2026-09-29T16:56:13Z	pr	a965520e9d0c3ea17d6edf46b6d9676ee1ce0e56	8b26ad98de9dba239596c3de644a0a434cf49f0d	40adecd73aecc231fb02c6df998eb15ad4977e5c	24.21.0						6679					[suelo de la tanda] ⚠️ NO SUPE MIRAR: no encontré la línea `
109521595648	36601801324	1	failure	2026-09-29T17:02:07Z	pr	9571fad0a6ca0bdf518506e9a46eab229ed33f70	f348fac0000eaa4861116028793776e5a0b0ac2c	12cb335890eab1d7709e0b8489bc2bb5b2785ef3	24.21.0	9162	9063	1	98	0	9162	8568	9162	594	8832	[suelo de la tanda] ✅ suelo 8568 · total actual 9162 · marge
109522588206	36602345889	1	success	2026-09-29T17:04:32Z	pr	411e04c0efa510201c08fb8a5a11e62ef4e82166	3935c7e9ca666583fb61bba8166529b01dbbbef0	4d3e7fba55b5595f8a65f3c0115f2b18076c07ef	24.21.0	9171	9073	0	98	0	9171	8576	9171	595	8841	[suelo de la tanda] ✅ suelo 8576 · total actual 9171 · marge
109525820409	36603290498	1	cancelled	2026-09-29T17:12:27Z	pr	33070b1bde5ba06ab6924f405a1c48990ba7d18d	83fe1c26d2692f1c4e5ea16a596ce5425beadcd3	93186b14c51e9add645eb158884b601e90effb5a	24.21.0						924					[suelo de la tanda] ⚠️ NO SUPE MIRAR: no encontré la línea `
109525972063	36603335741	1	failure	2026-09-29T17:12:50Z	pr	6b478383a90ec771f15c7d0fbc6bc9dfd92619a3	5fe32249e96a601c74988021340d95b3cab988e7	697eb00be439e838056126466e52d8cb78297fc6	24.21.0	9168	9069	1	98	0	9168	8576	9168	592	8841	[suelo de la tanda] ✅ suelo 8576 · total actual 9168 · marge
109526715815	36603325946	1	success	2026-09-29T17:14:41Z	pr	a3eefd552e0ff187df46c2315636817009d74e5c	ea6ebc877ad74b8ffaf19adbb2c1e1c6108dd041	f5c5707268a0c6c107c7fcfdb1b4ea6ce847f70f	24.21.0	9170	9072	0	98	0	9170	8575	9170	595	8840	[suelo de la tanda] ✅ suelo 8575 · total actual 9170 · marge
109527292728	36603723586	1	failure	2026-09-29T17:16:06Z	pr	0b9736e9c5c5a89b07f910812ec58ae57b5b1144	61b21eab668f035ce61758ec1b5e2f794940eb00	837d84b697a40ec7820a40a1e567d0acf33807e1	24.21.0						0	8591	9186	595	8856	[suelo de la tanda] ✅ suelo 8591 · total actual 9186 · marge
109527394300	36603753813	1	failure	2026-09-29T17:16:22Z	pr	f971e25ac1a5d4fbc5fd86600c7cee97a31cf22c	2d657254bfe1d05ea2293d86c18bf64d347ad570	e0a3711c9998fb4c7ddf5d5c7e55f497c82e9e7e	24.21.0	9181	9080	3	98	0	9181	8586	9181	595	8851	[suelo de la tanda] ✅ suelo 8586 · total actual 9181 · marge
109529006756	36604225458	1	success	2026-09-29T17:20:27Z	pr	56b8e3acd8d0047242b8e2ff615e8c5286179023	ff7cc8570ca7420a30568bcd3c349ac78c9ae039	c95dbccb94a45d372fc5656f2c8b9800ac91333e	24.21.0	9187	9089	0	98	0	9187	8592	9187	595	8857	[suelo de la tanda] ✅ suelo 8592 · total actual 9187 · marge
109531164384	36604712246	1	failure	2026-09-29T17:25:50Z	pr	9bd5804c33879b2dff0a0a45bf4a4f8e8271addd	4f843a5d05392446942ea13da4ea9cde954d528e	beffadf31968f2a75079e4e6f674dd0e091e9b19	24.21.0						0	8591	9170	579	8856	[suelo de la tanda] ✅ suelo 8591 · total actual 9170 · marge
109531403113	36603552726	1	success	2026-09-29T17:26:27Z	push	51d81311b01e19d592ad99a1f1f0817e4121cb55	51d81311b01e19d592ad99a1f1f0817e4121cb55	50910f7b19485193f6ee97df8b47b6919b3aee1c	24.21.0	9175	9077	0	98	0	9175	8580	9175	595	8845	[suelo de la tanda] ✅ suelo 8580 · total actual 9175 · marge
109533255908	36605475029	1	success	2026-09-29T17:30:57Z	pr	745dbf836a5c798ad315540d813716bd79cf3fbe	3496075a6c7188fb92395f9775f7e9c3a1556a3e	83ad4be47ffeb723c74ff8dd99413f8ef070c8d6	24.21.0	9191	9093	0	98	0	9191	8600	9191	591	8865	[suelo de la tanda] ✅ suelo 8600 · total actual 9191 · marge
109533629439	36605583311	1	success	2026-09-29T17:31:51Z	pr	d12f0213a8a300c17f4b228c3ef4a018e5505332	777e905126fd9ca9d51166b6ad7bd0731309b587	a997186427a6d4e61196da0fb6f7887d1cd5c4d9	24.21.0	9190	9092	0	98	0	9190	8601	9190	589	8867	[suelo de la tanda] ✅ suelo 8601 · total actual 9190 · marge
109534070290	36605713508	1	success	2026-09-29T17:33:32Z	pr	9cabd8a10e4d14c6d51f74e27b1b252586069ac7	8e5d5be8ca6b630f61f57a1796b66c8aa0e9e6cd	f34a8a4e24de84d7e7d9f4155fafbf35c080feeb	24.21.0	9197	9099	0	98	0	9197	8601	9197	596	8866	[suelo de la tanda] ✅ suelo 8601 · total actual 9197 · marge
109534352456	36605798204	1	success	2026-09-29T17:38:10Z	pr	2ae78393803c84e8774d7835e08ce9bd9709a201	79ee9de219fccf28f6c02d1b556af71cc122b501	27262f7be18cfaca2a452b4f445a0d8ad0e183a9	24.21.0	9190	9092	0	98	0	9190	8596	9190	594	8861	[suelo de la tanda] ✅ suelo 8596 · total actual 9190 · marge
109534500735	36605842489	1	success	2026-09-29T17:40:11Z	pr	3991173fbd9592c9d5c2333168ab02d2fbee1f2e	08e68866432725da7b0d35a195da23574b5d7450	ed7adf6567455dbf66cb53cc14627fbff170feef	24.21.0	9156	9058	0	98	0	9156	8600	9156	556	8865	[suelo de la tanda] ✅ suelo 8600 · total actual 9156 · marge
109536980568	36606563535	1	success	2026-09-29T17:42:35Z	pr	b7ebd11c89cd5a78d313b76e66da27d867838683	c5c10849de8016a53e2abf6643b631b9fbd3935c	eaab87ac06b8448849998a84734b128c79a098da	24.21.0	9195	9097	0	98	0	9195	8600	9195	595	8865	[suelo de la tanda] ✅ suelo 8600 · total actual 9195 · marge
109537154046	36606499941	1	success	2026-09-29T17:45:36Z	push	caa18b8c9ad9fa60bcecdf23a871d470fd423cf4	caa18b8c9ad9fa60bcecdf23a871d470fd423cf4	83ad4be47ffeb723c74ff8dd99413f8ef070c8d6	24.21.0	9195	9097	0	98	0	9195	8600	9195	595	8865	[suelo de la tanda] ✅ suelo 8600 · total actual 9195 · marge
109539022302	36607168461	1	failure	2026-09-29T17:48:20Z	pr	17353cedce88087365cfc83d1810add1306520b5	26848aea158534b129a44e35feb45f41b1ebbb20	9441ba42a7ee35a82dd367ce6c24da200d4dab16	24.21.0	9207	9106	3	98	0	9207	8610	9207	597	8876	[suelo de la tanda] ✅ suelo 8610 · total actual 9207 · marge
109541132901	36607783691	1	success	2026-09-29T17:50:30Z	pr	8d746cbca6258c2d7127aedc1d3cab2256316822	66fb19b291537da401242a421218bc9f84ae5570	212a524c27fe8dbaa0e407818e2f58763def9cad	24.21.0	9215	9117	0	98	0	9215	8618	9215	597	8884	[suelo de la tanda] ✅ suelo 8618 · total actual 9215 · marge
109541537068	36607900842	1	cancelled	2026-09-29T17:51:59Z	pr	4ffe2c9bd70461d7c3ed66f443290ecd80247425	3853a9dddaa5489eb632a3ada11e17a0a7c776a3	638efee04aa8e88d4d36d761e920b833f5d517f4	24.21.0						813					[suelo de la tanda] ⚠️ NO SUPE MIRAR: no encontré la línea `
109542767517	36608099078	1	failure	2026-09-29T17:54:41Z	pr	727a3df2c91cd293c56fd81c8a914862237f7312	cf96ba13fe0013080c963410e22f55b21f505f41	1ae1291dcb16dd4f40faad4ee0fd0c47d2c33b14	24.21.0	9223	9122	3	98	0	9223	8627	9223	596	8893	[suelo de la tanda] ✅ suelo 8627 · total actual 9223 · marge
109541983008	36608030549	1	cancelled	2026-09-29T17:54:53Z	pr	606f2bfec2c17140e5131173018321df88227ebe	e7f6660b7075e24814626c044ad195384286ccf9	78eb4e70fbb9376c6f5ee1750d2e264c60efa922	24.21.0						3145					[suelo de la tanda] ⚠️ NO SUPE MIRAR: no encontré la línea `
109543537886	36608439497	1	failure	2026-09-29T17:56:38Z	pr	5d163e68f2096574c7205302898aa3d3e36ea01d	1fafbe9966dbd923f15fad821be3729845b84838	220f7f18833a7d738339295fea56f75256b86ade	24.21.0	9223	9119	6	98	0	9223	8626	9223	597	8892	[suelo de la tanda] ✅ suelo 8626 · total actual 9223 · marge
109544396253	36608526851	1	failure	2026-09-29T17:58:39Z	pr	4afa8de0b4d685026c134ea7119f758d012ddcdc	ef73dd54bd25c7f56acae1e2a3736a9bf7621beb	8bd4823b076af31d8f172859b77ea76e6ed50bba	24.21.0	9215	9114	3	98	0	9215	8618	9215	597	8884	[suelo de la tanda] ✅ suelo 8618 · total actual 9215 · marge
109544685318	36608818266	1	failure	2026-09-29T17:59:45Z	pr	e308ebbb71d2dd95114006f61cbf2140af23cace	19a82ad89d704551d4bb2d32deb9d576e1a1b855	3a57d60bf01be598f5b0d7333ded962864517be5	24.21.0	9211	9111	2	98	0	9211	8614	9211	597	8880	[suelo de la tanda] ✅ suelo 8614 · total actual 9211 · marge
109544824485	36608003121	1	success	2026-09-29T18:00:19Z	push	f662a15e6ecab8d360b7b1acd625bbdb9a70c4ce	f662a15e6ecab8d360b7b1acd625bbdb9a70c4ce	b91746e382fd3840f3de7971f47598ebb3e56f64	24.21.0	9211	9113	0	98	0	9211	8614	9211	597	8880	[suelo de la tanda] ✅ suelo 8614 · total actual 9211 · marge
109551284909	36610767076	1	success	2026-09-29T18:15:32Z	pr	640e1ed59b6209986a065b9479da073ed4e8115e	ee19e6908117bb07cb4c578338b809b2ccf6444f	12da08d2fd40dfb0326d2bc1883990e8000451eb	24.21.0	9194	9096	0	98	0	9194	8623	9194	571	8889	[suelo de la tanda] ✅ suelo 8623 · total actual 9194 · marge
109551579943	36609065230	1	success	2026-09-29T18:16:14Z	push	c8d9d6b4b784866ada0224752fb4a28bac0727f4	c8d9d6b4b784866ada0224752fb4a28bac0727f4	6384e19aa1e7331059c443049c42e85c65edd82a	24.21.0	9211	9113	0	98	0	9211	8618	9211	593	8884	[suelo de la tanda] ✅ suelo 8618 · total actual 9211 · marge
109557694532	36611573227	1	success	2026-09-29T18:31:27Z	push	4b5ea2c25dbf9d740a3ec1a3b57be9bafbc310a4	4b5ea2c25dbf9d740a3ec1a3b57be9bafbc310a4	12da08d2fd40dfb0326d2bc1883990e8000451eb	24.21.0	9222	9124	0	98	0	9222	8623	9222	599	8889	[suelo de la tanda] ✅ suelo 8623 · total actual 9222 · marge
110065234503	36767496636	1	success	2026-09-30T19:42:12Z	pr	26e734c62bfa4295de5b1ede0b09ee6f07ea0f78	da41383deb6cd5c2c973781d5a1b3a693df975b9	3426950c0e9aa396f846bf20992f5b18ce432843	24.21.0	9199	9101	0	98	0	9199	8623	9199	576	8889	[suelo de la tanda] ✅ suelo 8623 · total actual 9199 · marge
110069062176	36768635837	1	success	2026-09-30T19:52:06Z	push	d0b297652092dee8177239b41f2cbdacd0fa6340	d0b297652092dee8177239b41f2cbdacd0fa6340	3426950c0e9aa396f846bf20992f5b18ce432843	24.21.0	9222	9124	0	98	0	9222	8623	9222	599	8889	[suelo de la tanda] ✅ suelo 8623 · total actual 9222 · marge
110078746172	36771496759	1	success	2026-09-30T20:16:52Z	pr	bfd23a1ca0c897833cdf4858445f554e584fdeef	7545d5502f604786115ff5a7a1adc29828ad0dcf	379357063e94c655f53d9eb3fc39b4233e6e027d	24.21.0	9226	9128	0	98	0	9226	8627	9226	599	8893	[suelo de la tanda] ✅ suelo 8627 · total actual 9226 · marge
110083237600	36772823955	1	success	2026-09-30T20:28:07Z	push	483010e03a3836c702932420c239344ee2838d9e	483010e03a3836c702932420c239344ee2838d9e	379357063e94c655f53d9eb3fc39b4233e6e027d	24.21.0	9226	9128	0	98	0	9226	8627	9226	599	8893	[suelo de la tanda] ✅ suelo 8627 · total actual 9226 · marge
110086382098	36773756212	1	success	2026-09-30T20:36:02Z	pr	99001326f9ef5230c2264a8c6d2f21b655bf7a6c	2baca4537d6e000b8bef7aa7fd9c3409a688b141	5ef50eac6b50d4ff9fc99124ce50ab4048b3ff58	24.21.0	9234	9136	0	98	0	9234	8633	9234	601	8899	[suelo de la tanda] ✅ suelo 8633 · total actual 9234 · marge
110089534847	36774689817	1	success	2026-09-30T20:44:08Z	push	b6243e1c9f22e23b5a48332acc30ef533e55589f	b6243e1c9f22e23b5a48332acc30ef533e55589f	5ef50eac6b50d4ff9fc99124ce50ab4048b3ff58	24.21.0	9234	9136	0	98	0	9234	8633	9234	601	8899	[suelo de la tanda] ✅ suelo 8633 · total actual 9234 · marge
110092005853	36775428568	1	cancelled	2026-09-30T20:50:30Z	pr	7ded81dcf3021d1b37ccfdbaafbdfb741f770fd0	5939e1315c3cc1581708a819255e771f207c4a38	2ba4c0d029398f59c11109518121a28accd755a4	24.21.0						4832					[suelo de la tanda] ⚠️ NO SUPE MIRAR: no encontré la línea `
110092907316	36775693520	1	failure	2026-09-30T20:52:50Z	pr	19d041029908344ed653331bb9195770ce721d05	db89fde67e7c40da72e701d3ff8ea0e0a6def5f7	fea1f35e29845ee4fe2c740653c19bef9ea3f182	24.21.0	9241	9137	6	98	0	9241	8639	9241	602	8906	[suelo de la tanda] ✅ suelo 8639 · total actual 9241 · marge
110093589838	36775767003	1	success	2026-09-30T20:54:38Z	pr	57758398a5f916bdffae693378ac52638fac69fa	885e9801fd56e8f9b71a960a28d765f44b06378c	9f2b8fe77a132c2d5e199a70b1b2eba8e5d2424f	24.21.0	9234	9136	0	98	0	9234	8633	9234	601	8899	[suelo de la tanda] ✅ suelo 8633 · total actual 9234 · marge
110095008680	36776319601	1	success	2026-09-30T20:58:24Z	pr	a17623bdc1b6ff9adc21ddd486be440eac55e53e	8ed0f942cd2002f97bc8c9aef738969752351f9f	e4d1b6c469dccecd48bdd7fe1f3351b371a0b6a3	24.21.0	9228	9130	0	98	0	9228	8635	9228	593	8902	[suelo de la tanda] ✅ suelo 8635 · total actual 9228 · marge
110097419370	36777005569	1	success	2026-09-30T21:04:43Z	push	fecff92a31c98db1108b7dc86c00f4246e55b8d3	fecff92a31c98db1108b7dc86c00f4246e55b8d3	9f2b8fe77a132c2d5e199a70b1b2eba8e5d2424f	24.21.0	9234	9136	0	98	0	9234	8633	9234	601	8899	[suelo de la tanda] ✅ suelo 8633 · total actual 9234 · marge
110098675234	36777404278	1	success	2026-09-30T21:07:57Z	pr	5c36f6accdeb18476ab6fc3f8ae5828710aadb8e	3f53581f0d3b400b96f881a8a06cf4d60b5ab085	adb0e9f9e966f342ab0a03652202747838991271	24.21.0	9240	9142	0	98	0	9240	8636	9240	604	8903	[suelo de la tanda] ✅ suelo 8636 · total actual 9240 · marge
110101635222	36778286341	1	success	2026-09-30T21:15:53Z	pr	d2f71a26276f5d5603efffc26e712603c0518f28	e9ccac46862459a9a5c6c10dd62735c7e8814394	13188f20e0a004b1ff66079f52ce8f91ffa2ac29	24.21.0	9241	9143	0	98	0	9241	8638	9241	603	8905	[suelo de la tanda] ✅ suelo 8638 · total actual 9241 · marge
110101901478	36778365482	1	failure	2026-09-30T21:16:36Z	pr	716e5fd55e2b56af61489875728bcffb80017f25	f6507c1dd50852e1211136e48bcee4d416711db6	50c6aea13001e19cf7f178a46cfa9a3b9bdeea21	24.21.0	9240	9141	1	98	0	9240	8638	9240	602	8905	[suelo de la tanda] ✅ suelo 8638 · total actual 9240 · marge
110102335453	36778493020	1	failure	2026-09-30T21:17:48Z	pr	0ae2be8cf52cee4c0b3731d9fa44c0f09aa8a39b	f8eb6ac0dc540a507fa88875c599c861d2584d39	ad4d1dfd4d95486c7e3bcbab9c9d19f844132101	24.21.0	9243	9143	2	98	0	9243	8639	9243	604	8906	[suelo de la tanda] ✅ suelo 8639 · total actual 9243 · marge
110103062118	36778709915	1	success	2026-09-30T21:19:44Z	pr	bf45175e61e9623d0d9bcd6c25f9cd7c4fa6de6c	5f22a228ba3ff9f1a26d25d1b3c340b9e22c6c64	59efc54737e494e47f97adcd4a0e6f9905af5701	24.21.0	9243	9145	0	98	0	9243	8646	9243	597	8913	[suelo de la tanda] ✅ suelo 8646 · total actual 9243 · marge
110103648198	36778467724	1	success	2026-09-30T21:24:31Z	push	21c7163d04c8a117df995f3f945cf6f04c53bc99	21c7163d04c8a117df995f3f945cf6f04c53bc99	8f8079c143f83e4c40216410f592101ce191cae3	24.21.0	9220	9122	0	98	0	9220	8639	9220	581	8906	[suelo de la tanda] ✅ suelo 8639 · total actual 9220 · marge
110105120877	36779322466	1	success	2026-09-30T21:25:43Z	pr	7de4b857a07ced445c76f1aa7c4aef30b9cbdbf8	d9684eb317bb98ee7f3493752397b47492894bb0	92b3417e6665ca76b5aac4e746777890d4a1628d	24.21.0	9250	9152	0	98	0	9250	8646	9250	604	8913	[suelo de la tanda] ✅ suelo 8646 · total actual 9250 · marge
110106308129	36779662834	1	success	2026-09-30T21:28:39Z	pr	a462dad61b06af69a60fb703ddd841e8e7b76034	0cd5e9a378892ecf36f47ffff78210a412c56561	3e24a4221472df04424ee69cd2614564c6a564af	24.21.0	9253	9155	0	98	0	9253	8647	9253	606	8914	[suelo de la tanda] ✅ suelo 8647 · total actual 9253 · marge
110108325719	36780227138	1	success	2026-09-30T21:33:49Z	pr	e54eaa01a88e004d0bb930f4e220e326d57ee2f7	76264b45686cee9f76004ec566691e12c2ef0986	7e3184716d81df4a9f329656c911782bf9cd27df	24.21.0	9257	9159	0	98	0	9257	8652	9257	605	8919	[suelo de la tanda] ✅ suelo 8652 · total actual 9257 · marge
110109317348	36780440737	1	success	2026-09-30T21:36:34Z	push	d568599635ab018262aae596843eeb6206925ce5	d568599635ab018262aae596843eeb6206925ce5	87469dfd7ca2f69e7c336d5b6e54c7d4a63f84c5	24.21.0	9214	9116	0	98	0	9214	8656	9214	558	8923	[suelo de la tanda] ✅ suelo 8656 · total actual 9214 · marge
110112798329	36781558242	1	success	2026-09-30T21:46:34Z	pr	6f1c76d49e4811285c752a7ef468a1d095a2924d	0521b4f7b201db6bd3dae1cd0f1df57feeb290f5	21c4eccfaa0ca10559893425292a72f5a83e22d0	24.21.0	9274	9176	0	98	0	9274	8667	9274	607	8935	[suelo de la tanda] ✅ suelo 8667 · total actual 9274 · marge
110114220515	36781986409	1	success	2026-09-30T21:50:41Z	pr	03b8cdc7dcb32d893092dbb6276d3c15e363b584	bb349b299e4e9e923149d57233a33976936b2151	94a5b804d863a8d9fcafd6b5780df431c2309e85	24.21.0	9272	9174	0	98	0	9272	8666	9272	606	8933	[suelo de la tanda] ✅ suelo 8666 · total actual 9272 · marge
110114877982	36781341006	1	success	2026-09-30T21:52:36Z	push	0e3b2d66d0ba92a3d0af41f01a2180644320077c	0e3b2d66d0ba92a3d0af41f01a2180644320077c	56bd262428ae20eca2d601404d82f5cd38977cb7	24.21.0	9247	9149	0	98	0	9247	8664	9247	583	8931	[suelo de la tanda] ✅ suelo 8664 · total actual 9247 · marge
110115354562	36782326880	1	success	2026-09-30T21:54:00Z	pr	177f765aa8db16f2b4c6463b7ef25e573ebd8f89	1c4a848126f89bb07b393b0aeb717ef07e115072	382f3a69d1931f90e7a64a5e5312c8c1a48acaf9	24.21.0	9286	9188	0	98	0	9286	8679	9286	607	8947	[suelo de la tanda] ✅ suelo 8679 · total actual 9286 · marge
110119689845	36783339406	1	success	2026-09-30T22:06:51Z	push	0e86f5def492e4a7dea3cffaca6704de513db149	0e86f5def492e4a7dea3cffaca6704de513db149	69cea22dd7cbf930f8169827d44d02922fff387c	24.21.0	9292	9194	0	98	0	9292	8685	9292	607	8953	[suelo de la tanda] ✅ suelo 8685 · total actual 9292 · marge
110121644594	36784227689	1	success	2026-09-30T22:12:45Z	pr	63f919c37f5dc8c1ce6960ba3c44cbe016c47122	6c9783cea83f5ff67df93d9fe353551a8514d3dc	7d35d6dfd35d42b47aa643e938eb2824f7377f0f	24.21.0	9292	9194	0	98	0	9292	8685	9292	607	8953	[suelo de la tanda] ✅ suelo 8685 · total actual 9292 · marge
110122918376	36784618902	1	success	2026-09-30T22:16:41Z	pr	bcb81e2f64218fac648bc19fb4d97ecfa87c548e	7e5c4356db4b30070a2d05d31cc6e93032234f45	51b94d8e76d6ed5ed754b380a83d83a0e5b77cdb	24.21.0	9301	9203	0	98	0	9301	8694	9301	607	8962	[suelo de la tanda] ✅ suelo 8694 · total actual 9301 · marge
110124380251	36785061296	1	success	2026-09-30T22:21:12Z	pr	e32ef68daab57bd18b5bcd9537be32729af37b9f	c59819be4deb5ad391f3b65bb245fadc35ba186c	b0b0a70c105b81ca3af4829abd8cbcd5e251fa13	24.21.0	9253	9155	0	98	0	9253	8685	9253	568	8953	[suelo de la tanda] ✅ suelo 8685 · total actual 9253 · marge
110124679134	36784938260	1	success	2026-09-30T22:22:07Z	push	7042852f5f400b6719925c5bdbfbe9a403260aef	7042852f5f400b6719925c5bdbfbe9a403260aef	7d35d6dfd35d42b47aa643e938eb2824f7377f0f	24.21.0	9292	9194	0	98	0	9292	8685	9292	607	8953	[suelo de la tanda] ✅ suelo 8685 · total actual 9292 · marge
110126563865	36785732438	1	cancelled	2026-09-30T22:28:07Z	pr	91ec06e263f18c9b4cfd325b0f5a047cff4221f6	67928050ae66721e06dbd4514d62bed0503651dd	8f9a495a850e9c0908aab9ac382d54102a8ae84b	24.21.0	9307	9209	0	98	0	9307	8699	9307	608	8968	[suelo de la tanda] ✅ suelo 8699 · total actual 9307 · marge
110127965206	36786167350	1	cancelled	2026-09-30T22:32:35Z	pr	0799c97b09c7dc7bc9a6777958b415008dd1099e	a52fb7b09fa0b2722e337f9c723e24f081720823	f741493feaaff6150620305b0e306e2c5cf3026b	24.21.0						7562					[suelo de la tanda] ⚠️ NO SUPE MIRAR: no encontré la línea `
110128533297	36786343076	1	success	2026-09-30T22:34:25Z	pr	0ca3602bb9eec2e6a7b65c529eecd3f831e01d35	58a5bf38ad0f19c91fa4e60084498cbd9ec1b463	4281acb2e6449205cd8b3da7add4edd40dcb7517	24.21.0	9302	9204	0	98	0	9302	8698	9302	604	8967	[suelo de la tanda] ✅ suelo 8698 · total actual 9302 · marge
110129533469	36785727752	1	success	2026-09-30T22:37:36Z	push	79b8513da48bdc8cb1de0dc209bb6dfae9a89db3	79b8513da48bdc8cb1de0dc209bb6dfae9a89db3	628f276790d03c8c2ce36bf8f421cf9a86d3f6e1	24.21.0	9301	9203	0	98	0	9301	8694	9301	607	8962	[suelo de la tanda] ✅ suelo 8694 · total actual 9301 · marge
110129608077	36786520786	1	success	2026-09-30T22:37:51Z	pr	be73d94fc1d6cf1ea0a8126a3ebe4efeb401c721	708d7935c0fda125dd68ff3b1ab759a4d4a65107	faa6470830a39e2d4d40cc99093b8633d612e616	24.21.0	9307	9209	0	98	0	9307	8699	9307	608	8968	[suelo de la tanda] ✅ suelo 8699 · total actual 9307 · marge
110130050562	36786701141	1	success	2026-09-30T22:39:20Z	pr	6dd5bce2fb1cdc68ee15d625abe1e66815895915	7291e8a88c0823c576d710fdd5af1dc2b5e4a4d9	08f304b4604b62be55a0e2f6f2d558348c83da33	24.21.0	9301	9203	0	98	0	9301	8694	9301	607	8962	[suelo de la tanda] ✅ suelo 8694 · total actual 9301 · marge
110134182160	36787741834	1	success	2026-09-30T22:53:02Z	push	46195e86903cdccc85a04327c0a68577773c4693	46195e86903cdccc85a04327c0a68577773c4693	ffde93ba6408fced050e76e8cd6aed4046b097b1	24.21.0	9312	9214	0	98	0	9312	8704	9312	608	8973	[suelo de la tanda] ✅ suelo 8704 · total actual 9312 · marge
110138277983	36789343021	1	failure	2026-09-30T23:06:48Z	pr	8083498b8ab2a024fccd145eded924ae0ee96592	71f0805f5e19e544d0a367126dd1a0e69fe035d9	383f0ecd49dbad4286f0fd42e32d540335e8e680	24.21.0	9317	9218	1	98	0	9317	8709	9317	608	8978	[suelo de la tanda] ✅ suelo 8709 · total actual 9317 · marge
110138779357	36789497002	1	failure	2026-09-30T23:08:27Z	pr	f034b56a26d9d360e6a7d51b6dbd94403492a5b2	b2a41bcc4853fc9ca2c65902ebf63825ca2ba743	b02e9628f41a10261f0bc60d46800767f67282f9	24.21.0	9311	9212	1	98	0	9311	8707	9311	604	8976	[suelo de la tanda] ✅ suelo 8707 · total actual 9311 · marge
110140026280	36789881039	1	success	2026-09-30T23:12:48Z	pr	3e95cf0efe50b0aec7836681f1dfca93d9d40824	7d5f35dfdade32c4f9236e7c527852d14e908056	3789bd9737d63bd1490731d7e5f67485d00af237	24.21.0	9320	9222	0	98	0	9320	8709	9320	611	8978	[suelo de la tanda] ✅ suelo 8709 · total actual 9320 · marge
110141429721	36790213435	1	success	2026-09-30T23:17:40Z	pr	53184172a348c7ef09b733ecc1e35bd71e368012	d0c5195cdd9f5a620fe296f6697685ea363aa41c	808bb9b202a68e25dd79977fafc872a83cc3d16d	24.21.0	9317	9219	0	98	0	9317	8709	9317	608	8978	[suelo de la tanda] ✅ suelo 8709 · total actual 9317 · marge
110142134796	36790464921	1	success	2026-09-30T23:20:12Z	pr	ac10c11b82d74280440234c9e2c781002a08f024	e927b9a7378f11f84a8f8b41c0cd4cc6bcd43190	58521e70f6dc1227979508d9244ae529e3a08413	24.21.0	9298	9200	0	98	0	9298	8707	9298	591	8976	[suelo de la tanda] ✅ suelo 8707 · total actual 9298 · marge
110142209200	36790562538	1	success	2026-09-30T23:20:26Z	pr	e8c2ec6540bbd0713047454f5d9fcca9161a217b	3a045f7f10a310451017d8434b8378cd7ab2a731	cbaae9a09f1afcbabc69587681ea27a684e348d0	24.21.0	9315	9217	0	98	0	9315	8707	9315	608	8976	[suelo de la tanda] ✅ suelo 8707 · total actual 9315 · marge
110142621939	36790690938	1	success	2026-09-30T23:21:55Z	push	f98f3ee1f8dc968b8158e769b98e83dbfa09c8ab	f98f3ee1f8dc968b8158e769b98e83dbfa09c8ab	3789bd9737d63bd1490731d7e5f67485d00af237	24.21.0	9320	9222	0	98	0	9320	8709	9320	611	8978	[suelo de la tanda] ✅ suelo 8709 · total actual 9320 · marge
110144301445	36791215611	1	success	2026-09-30T23:28:07Z	pr	94bdc4946b69b470f5702538cccf5fbf8329c5c9	4c914e641943ee0a1a3a8684ea123f97c29b871e	7fb1c94482d8365555ad5a01d438078fbff8a618	24.21.0	9334	9236	0	98	0	9334	8723	9334	611	8992	[suelo de la tanda] ✅ suelo 8723 · total actual 9334 · marge
110145711199	36791659401	1	success	2026-09-30T23:33:06Z	pr	9b4e436cb9f36b0be9cde16c9b1d930feb14b142	b30af7ff8a85db5d517bd7ac698e057458e8c7cd	97df3868595c8ee4689588c492d7c22eb664f4cb	24.21.0	9334	9236	0	98	0	9334	8723	9334	611	8992	[suelo de la tanda] ✅ suelo 8723 · total actual 9334 · marge
110146731237	36791371620	1	success	2026-09-30T23:36:47Z	push	1dbc9c24c89a4baa9af903fe036489282fac134b	1dbc9c24c89a4baa9af903fe036489282fac134b	87e30c09e7f3e5fc929ef4d35459284ec1217b1e	24.21.0	9325	9227	0	98	0	9325	8720	9325	605	8989	[suelo de la tanda] ✅ suelo 8720 · total actual 9325 · marge
110158880298	36792374547	1	failure	2026-10-01T00:22:06Z	push	e9e71cab67574538943cd94392bdecf5f3dcbfa2	e9e71cab67574538943cd94392bdecf5f3dcbfa2	d1cf5cf367d537cc14acc2b1810b4322ae722cd7	24.21.0	9336	9236	2	98	0	9336	8731	9336	605	9001	[suelo de la tanda] ✅ suelo 8731 · total actual 9336 · marge
110163110151	36797156697	1	failure	2026-10-01T00:38:12Z	pr	2db8965ad0998d8ae5d257554f42ed2acaef05f3	412ee36b172848094d996fbcf6aa060aa24058e3	be4448a334a08abe296e0176342601d5d82c3c14	24.21.0	9349	9249	2	98	0	9349	8740	9349	609	9010	[suelo de la tanda] ✅ suelo 8740 · total actual 9349 · marge
110163395157	36797245799	1	failure	2026-10-01T00:39:18Z	pr	8a5eb2c2fecf6c006681ae032aeedfa40157a1f9	5fedac928c3bbddc111a2ac9c1d423413c34952b	15d671d1636ffe0970653e15796eb13041992597	24.21.0	9342	9242	2	98	0	9342	8731	9342	611	9001	[suelo de la tanda] ✅ suelo 8731 · total actual 9342 · marge
110164093844	36797467473	1	failure	2026-10-01T00:42:02Z	pr	bc2958d35018b6e9639d9020a4c59aaa77e4b764	f7618be3b8d0745c9fa8ce01c33bd0dd33fb821e	fc4e6bfec575fd1edce3072f105a54eda52ba6db	24.21.0	9343	9243	2	98	0	9343	8731	9343	612	9001	[suelo de la tanda] ✅ suelo 8731 · total actual 9343 · marge
110165046632	36797773776	1	cancelled	2026-10-01T00:45:45Z	pr	94c934188ca7ab0a7d035358ed32c5d7050d8a51	eeec903df1390400cd29f85ea2b61b48cc9314b0	f62ccd664a483cb6706d4ebfbb4bcdb64a843056	24.21.0						1890					[suelo de la tanda] ⚠️ NO SUPE MIRAR: no encontré la línea `
110165573865	36797941392	1	failure	2026-10-01T00:47:45Z	pr	69cd83d71c3ceb5a285dfd282d5e5a05db494e88	4a273a0c73726e61bafdc2590a62d7b5f469dee5	71ca7ee373b9d8cb30088102f3dd57a4acf7fc35	24.21.0	9343	9243	2	98	0	9343	8731	9343	612	9001	[suelo de la tanda] ✅ suelo 8731 · total actual 9343 · marge
110165842739	36797938424	1	failure	2026-10-01T00:48:45Z	pr	1c6221d426fb709662b43bccadc5c6c036586a8e	e47c2f08eb5e52313e58597f4a11b445c023bf97	7cf5340efdb33ef8bd36909e627750f72cfb30ae	24.21.0	9338	9238	2	98	0	9338	8736	9338	602	9006	[suelo de la tanda] ✅ suelo 8736 · total actual 9338 · marge
110166929137	36798373730	1	failure	2026-10-01T00:53:00Z	pr	5cd73e7056e6696d5b8385a8ecb864a3e8680551	b2f10a345cee3d196f94a18824e0649fe5d98e2f	481f9a5874895785eb9e558e83cf038a83e77bcb	24.21.0	9343	9243	2	98	0	9343	8731	9343	612	9001	[suelo de la tanda] ✅ suelo 8731 · total actual 9343 · marge
110167479024	36798550297	1	failure	2026-10-01T00:55:09Z	pr	94f6a57493fcda5a508c8eafed05dbcb10b202c3	ab69f8ecfe0cf63a1a82f83200355394fe64364b	93418fa9f68d048128a951b873136b0ed1a1914e	24.21.0	9378	9278	2	98	0	9378	8741	9378	637	9011	[suelo de la tanda] ✅ suelo 8741 · total actual 9378 · marge
110168834154	36798983978	1	failure	2026-10-01T01:00:30Z	pr	023bd4506702b9e19462c995df1d4dd182017398	5126ae045a96b7014e65524c7610762119c45255	7bc55aa6f4f92459b5938be601cafc775cd18632	24.21.0	9353	9251	4	98	0	9353	8741	9353	612	9011	[suelo de la tanda] ✅ suelo 8741 · total actual 9353 · marge
110169146425	36799083725	1	failure	2026-10-01T01:01:40Z	pr	b86ed567dee778603840791788da2be5fc7c4641	18fd1bf090e2d78bf055b3267ab82840ef06c8d5	bf5a2e49e6106140d37b8beaa21c94909f1c2e83	24.21.0	9343	9243	2	98	0	9343	8731	9343	612	9001	[suelo de la tanda] ✅ suelo 8731 · total actual 9343 · marge
110169252792	36799027967	1	failure	2026-10-01T01:02:05Z	pr	970af255de587b0ea42a36e1f1591b17846e2cb8	c0ed3a7fe1d7c704cc90e4fe194691ca1a95b490	bf64156c76030ac4221d45a99beb95ac0ee1275b	24.21.0	9309	9209	2	98	0	9309	8731	9309	578	9001	[suelo de la tanda] ✅ suelo 8731 · total actual 9309 · marge
110173318063	36800436904	1	failure	2026-10-01T01:18:08Z	pr	b397e075e9132be137b56f80f36b129a0bab2c33	92f3a8f5a6d8a6c3785eb04b530ad89aa8a3f243	2e853423bc4566dec052609524a8dba344c433a9	24.21.0	9342	9243	2	97	0	9342	8741	9342	601	9011	[suelo de la tanda] ✅ suelo 8741 · total actual 9342 · marge
110173620596	36800533840	1	failure	2026-10-01T01:19:20Z	pr	efc6d61c70c6f0c2ec458ee6ae5712e4f8139a97	68dac79243ce10e4dc344a4611bd1664710fa943	ab18e34c6062eeb5a0d191f717d000129908baef	24.21.0	9347	9248	1	98	0	9347	8735	9347	612	9005	[suelo de la tanda] ✅ suelo 8735 · total actual 9347 · marge
110174857527	36800930882	1	failure	2026-10-01T01:24:22Z	pr	50ff50e49207d879cb4afcc5f30e4edee4a41ff9	eb0a3d0dbce61aca5c42ad6a91acb2d5aa20b278	173547551cd8a011e3ad2f9a4077847a3a8d2747	24.21.0	9338	9238	2	98	0	9338	8731	9338	607	9001	[suelo de la tanda] ✅ suelo 8731 · total actual 9338 · marge
110181935419	36803221288	1	failure	2026-10-01T01:53:20Z	pr	f3ea7a5a8be1968df70aa3cdc7d61578fba06f05	7ee9c31b8bfb8a6bd5875ada51bbea1f39d215c6	3ab4c962fa61943551db7f85c3e869ffb30ab950	24.21.0	9354	9254	2	98	0	9354	8742	9354	612	9012	[suelo de la tanda] ✅ suelo 8742 · total actual 9354 · marge
110183087802	36803606154	1	success	2026-10-01T01:58:17Z	pr	9a6b5e2184ac1d7a6d6e10cd5bed6808ac9318df	afdd56319b3b2783e0a255a898293fe848232425	a4c7acb31fd18030533bac3c0e4edc67a04689b4	24.21.0	9347	9249	0	98	0	9347	8735	9347	612	9005	[suelo de la tanda] ✅ suelo 8735 · total actual 9347 · marge
110183287824	36803674320	1	failure	2026-10-01T01:59:09Z	pr	88d744a02cda3451227c663e3f8063e39a3bbc1c	667afe2e3db468cde06d04dfa86c8e47537914d5	1aaf4610d94d75b425e1151d8398dd2668c711e4	24.21.0	9343	9243	2	98	0	9343	8731	9343	612	9001	[suelo de la tanda] ✅ suelo 8731 · total actual 9343 · marge
110183793351	36803845315	1	failure	2026-10-01T02:01:17Z	pr	cd7afa56cc62d593d5587c2b676f4393daa49917	23d2df8eaec37cbf6a02186b2e3123e1141b0a85	da10c5a3501aae8c84c1a73f359f0c371d213cf7	24.21.0	9346	9245	3	98	0	9346	8742	9346	604	9012	[suelo de la tanda] ✅ suelo 8742 · total actual 9346 · marge
110184450428	36804064137	1	failure	2026-10-01T02:04:08Z	pr	9bf1075a978e67d2fc28e12a928f8b917a557d4b	e216d4467b38456949d21b6ee402f27fd377e2ba	3d0029d1dd69882de9fa7be953bf40fcbd3c6ff8	24.21.0	9368	9267	3	98	0	9368	8742	9368	626	9012	[suelo de la tanda] ✅ suelo 8742 · total actual 9368 · marge
110185005495	36804253243	1	success	2026-10-01T02:06:43Z	push	eabcb2d51ae7c71bb4b9177236ae9da6ec803a6d	eabcb2d51ae7c71bb4b9177236ae9da6ec803a6d	a4c7acb31fd18030533bac3c0e4edc67a04689b4	24.21.0	9347	9249	0	98	0	9347	8735	9347	612	9005	[suelo de la tanda] ✅ suelo 8735 · total actual 9347 · marge
110185717988	36797938424	2	failure	2026-10-01T02:09:30Z	pr	1c6221d426fb709662b43bccadc5c6c036586a8e	e47c2f08eb5e52313e58597f4a11b445c023bf97	7cf5340efdb33ef8bd36909e627750f72cfb30ae	24.21.0	9327	9227	2	98	0	9327	8736	9327	591	9006	[suelo de la tanda] ✅ suelo 8736 · total actual 9327 · marge
110185726613	36797941392	2	failure	2026-10-01T02:09:32Z	pr	69cd83d71c3ceb5a285dfd282d5e5a05db494e88	4a273a0c73726e61bafdc2590a62d7b5f469dee5	71ca7ee373b9d8cb30088102f3dd57a4acf7fc35	24.21.0	9342	9242	2	98	0	9342	8731	9342	611	9001	[suelo de la tanda] ✅ suelo 8731 · total actual 9342 · marge
110185938149	36804564445	1	success	2026-10-01T02:10:37Z	pr	b397e075e9132be137b56f80f36b129a0bab2c33	54e08183832afd66d55938a33c683912b5fdd434	30b156a05593309eb6c8d88b7acd97486bde4bae	24.21.0	9357	9259	0	98	0	9357	8745	9357	612	9015	[suelo de la tanda] ✅ suelo 8745 · total actual 9357 · marge
110186209126	36804656838	1	success	2026-10-01T02:13:32Z	pr	94f6a57493fcda5a508c8eafed05dbcb10b202c3	705f65b3b6dda961c9fa34a0cfcb8faa4d08dac6	133edef4101f4348f42d22d1f18b4a5f5939f017	24.21.0	9338	9240	0	98	0	9338	8745	9338	593	9015	[suelo de la tanda] ✅ suelo 8745 · total actual 9338 · marge
110186175895	36804645538	1	success	2026-10-01T02:18:18Z	pr	970af255de587b0ea42a36e1f1591b17846e2cb8	57d5f788498f57b53f27fabed6545cb4aecc267d	e3ee8bdfad0e1268953ccbb9b692fab6b764d622	24.21.0	9346	9248	0	98	0	9346	8735	9346	611	9005	[suelo de la tanda] ✅ suelo 8735 · total actual 9346 · marge
110186973035	36804909056	1	failure	2026-10-01T02:20:15Z	pr	17353cedce88087365cfc83d1810add1306520b5	79adac012cd535c8ab4bd1c30f8fcd7d720dbc88	1d03d083251036593821c958f15279827ca09cf2	24.21.0	9243	9140	5	98	0	9243	8639	9243	604	8906	[suelo de la tanda] ✅ suelo 8639 · total actual 9243 · marge
110186118285	36804625007	1	success	2026-10-01T02:20:28Z	pr	2db8965ad0998d8ae5d257554f42ed2acaef05f3	9509132e75ba2d76dc3025d11394d633b334adac	40445eddf2cd151d0723e0c619b5f6c9e7b308bf	24.21.0	9361	9263	0	98	0	9361	8744	9361	617	9014	[suelo de la tanda] ✅ suelo 8744 · total actual 9361 · marge
110186908679	36804888127	1	failure	2026-10-01T02:21:45Z	pr	9bd5804c33879b2dff0a0a45bf4a4f8e8271addd	ff341fb2f5ab3903ee1d896294ac84bbc82d21ca	93b4ecb75c01b9d2ecd0a24f792a40d7e632ccc7	24.21.0						0	8650	9254	604	8917	[suelo de la tanda] ✅ suelo 8650 · total actual 9254 · marge
110188446227	36805383785	1	failure	2026-10-01T02:25:16Z	pr	bbf98561c742ce03e608684b13f08ed07f99f8fb	da4b75274f1597a4722ff758b0a028617dc2601b	9682629395236dc360a2da355ac7c83100fe3411	24.21.0	9375	9276	1	98	0	9375	8749	9375	626	9019	[suelo de la tanda] ✅ suelo 8749 · total actual 9375 · marge
110186236587	36804665953	1	failure	2026-10-01T02:25:43Z	pr	f3ea7a5a8be1968df70aa3cdc7d61578fba06f05	7ee9c31b8bfb8a6bd5875ada51bbea1f39d215c6	3ab4c962fa61943551db7f85c3e869ffb30ab950	24.21.0	9347	9247	2	98	0	9347	8742	9347	605	9012	[suelo de la tanda] ✅ suelo 8742 · total actual 9347 · marge
110186137720	36804631567	1	success	2026-10-01T02:27:48Z	pr	8a5eb2c2fecf6c006681ae032aeedfa40157a1f9	198543435634c931acd72c1a9182b0b901f16190	d526dd2f7db4f76dd1cd8a09f58100107d481dc6	24.21.0	9314	9216	0	98	0	9314	8735	9314	579	9005	[suelo de la tanda] ✅ suelo 8735 · total actual 9314 · marge
110186213916	36804658406	1	failure	2026-10-01T02:28:37Z	pr	50ff50e49207d879cb4afcc5f30e4edee4a41ff9	eb0a3d0dbce61aca5c42ad6a91acb2d5aa20b278	173547551cd8a011e3ad2f9a4077847a3a8d2747	24.21.0	9343	9243	2	98	0	9343	8731	9343	612	9001	[suelo de la tanda] ✅ suelo 8731 · total actual 9343 · marge
110186847850	36804868311	1	failure	2026-10-01T02:30:21Z	pr	4d8b10a667fa9984cc4dfe207059697b2add14eb	59dad15f33fbb47b2abadcf5d74b9996961f2601	617078528d42c888231ab333363efd3cdece4322	24.21.0	9257	9152	7	98	0	9257	8652	9257	605	8919	[suelo de la tanda] ✅ suelo 8652 · total actual 9257 · marge
110186868246	36804875074	1	failure	2026-10-01T02:36:28Z	pr	9571fad0a6ca0bdf518506e9a46eab229ed33f70	1e4b0d67ff93c5914a602411e7749a0d6e8d4bf4	751ef57532746e9708d95004fdb309bfda69ef47	24.21.0	9254	9153	3	98	0	9254	8649	9254	605	8916	[suelo de la tanda] ✅ suelo 8649 · total actual 9254 · marge
110187035314	36804929200	1	failure	2026-10-01T02:41:02Z	pr	5d163e68f2096574c7205302898aa3d3e36ea01d	a02edc5ff09acd8952bc0c96d249560c433feb11	fbe7e70b1a6a5a4a87edea1a725cfb061848b86f	24.21.0	9245	9139	8	98	0	9245	8651	9245	594	8918	[suelo de la tanda] ✅ suelo 8651 · total actual 9245 · marge
110188959141	36805526325	1	cancelled	2026-10-01T02:41:32Z	pr	1c6221d426fb709662b43bccadc5c6c036586a8e	4e97fd4e3b24d167f9f545447853cd460ce07d98	7a3006ce0d43f34039da8da41ab134f8bdded8a3	24.21.0	9397	9299	0	98	0	9397	8760	9397	637	9030	[suelo de la tanda] ✅ suelo 8760 · total actual 9397 · marge
110186934924	36804896125	1	failure	2026-10-01T02:43:34Z	pr	f971e25ac1a5d4fbc5fd86600c7cee97a31cf22c	f323fdbc74a6aeb15239c1cbdb2cae6e118bf208	9981be03714a68bc061e56beeb9522b257fb9e58	24.21.0	9249	9146	5	98	0	9249	8645	9249	604	8912	[suelo de la tanda] ✅ suelo 8645 · total actual 9249 · marge
110188662066	36805414513	1	success	2026-10-01T02:43:37Z	push	ce567ed45a800d7b67032480e31131954ec11741	ce567ed45a800d7b67032480e31131954ec11741	133edef4101f4348f42d22d1f18b4a5f5939f017	24.21.0	9347	9249	0	98	0	9347	8745	9347	602	9015	[suelo de la tanda] ✅ suelo 8745 · total actual 9347 · marge
110186156906	36804638669	1	cancelled	2026-10-01T02:43:38Z	pr	b86ed567dee778603840791788da2be5fc7c4641	fc0c22faa95937d20e7cd8c86502a9f2571c3405	dcedb4efa02fd9975a5f8c9a87b9945a2c71c6c2	24.21.0						9056					[suelo de la tanda] ⚠️ NO SUPE MIRAR: no encontré la línea `
110192315336	36806634260	1	success	2026-10-01T02:45:19Z	pr	d8b4ec3bc1ce9db1a2e4a707d64a5c74df030457	e3f7bd2fac567bcb75d7eb28fc9a0093693feb2c	977242e669ad81c49e4f6951bf5276beb81f9e33	24.21.0	9406	9308	0	98	0	9406	8763	9406	643	9034	[suelo de la tanda] ✅ suelo 8763 · total actual 9406 · marge
110192494963	36806690822	1	failure	2026-10-01T02:51:33Z	pr	bb26db2c2977038c974b43bd091eceb1e368a0ce	a282ececc962309e5f4525b6fd1eb97aed79c9f7	6c3608ca9331c9bb53a78cf188735338b5da57e3	24.21.0	9404	9305	1	98	0	9404	8772	9404	632	9043	[suelo de la tanda] ✅ suelo 8772 · total actual 9404 · marge
110195873536	36807773222	1	success	2026-10-01T02:53:47Z	pr	537913a7afc82507527b3071dfb35b55fe730fe9	f6adeb04d4d12c863f04bc0b8290dbb0b29e42f4	55b696af37dcec7f5c41d390a3a635905e11bfd0	24.21.0	9410	9312	0	98	0	9410	8768	9410	642	9039	[suelo de la tanda] ✅ suelo 8768 · total actual 9410 · marge
110195805790	36807755597	1	success	2026-10-01T02:54:43Z	pr	277341f2d78241cfdd8523895c95d5699e364631	f38d9c02a31d74648e2d890372c3230a1c67d9e4	3972720e3efba53441742a5b4fdd4e5fdc780e19	24.21.0	9417	9319	0	98	0	9417	8774	9417	643	9045	[suelo de la tanda] ✅ suelo 8774 · total actual 9417 · marge
110194978859	36807491177	1	success	2026-10-01T02:54:54Z	pr	693c174ed5a3791ac348aa22e8a19b613ee66bb8	002d59c2ed96f45d8856e6bafff1f8e6fe4138b4	947ea726a4dc6de080756e5cdc5fd3e40c740332	24.21.0	9397	9299	0	98	0	9397	8763	9397	634	9034	[suelo de la tanda] ✅ suelo 8763 · total actual 9397 · marge
110187004136	36804918944	1	failure	2026-10-01T02:57:39Z	pr	727a3df2c91cd293c56fd81c8a914862237f7312	fc11b8d7c5af8791744f59d786d8082dfcce53e0	4ea6c5bf11c0ff1b37fe6d11ee7868ed2e614c6f	24.21.0	9258	9155	5	98	0	9258	8652	9258	606	8919	[suelo de la tanda] ✅ suelo 8652 · total actual 9258 · marge
110195238274	36807574751	1	success	2026-10-01T03:02:38Z	pr	cae25752a155d957fc3ef37cbcbb4c9cfb9119a7	3fb96a2e8122d345154e2d6ff5b4e8c972bd9ca4	6cd85aa45ad0283556cb35963bf1d06b75ef321a	24.21.0	9415	9317	0	98	0	9415	8774	9415	641	9045	[suelo de la tanda] ✅ suelo 8774 · total actual 9415 · marge
110196119184	36807859456	1	failure	2026-10-01T03:04:43Z	pr	ba86ead0d7705297cc42bb3105337ef1efc40ad5	07c8d485e6e2f33efca55916c64966b61bc58f2a	f6b8243b880598618b35530e4a2d81f6c8d58105	24.21.0	9374	9274	2	98	0	9374	8771	9374	603	9042	[suelo de la tanda] ✅ suelo 8771 · total actual 9374 · marge
110195953032	36807803582	1	success	2026-10-01T03:07:44Z	pr	157b8de02abebf734e20e9a8b248031035187d07	774931d65e656c7d02a9a777ef82309e03ced215	36f61533d2e244cf96db3c717ce5a9f8fdf256bc	24.21.0	9392	9294	0	98	0	9392	8763	9392	629	9034	[suelo de la tanda] ✅ suelo 8763 · total actual 9392 · marge
110195996224	36807790096	1	success	2026-10-01T03:14:45Z	pr	84e4a8d3266a0dbca8777e1729bfe18330587d94	0c31988d50b410f4cb1b97008e77c948725231b9	d1638e221ea0fcf57215d843555e3b0fc5490f43	24.21.0	9399	9301	0	98	0	9399	8763	9399	636	9034	[suelo de la tanda] ✅ suelo 8763 · total actual 9399 · marge
110196061140	36807818348	1	success	2026-10-01T03:14:57Z	pr	af9c6697fec2ff605aafe5b8b1d5ff3706e0a8bf	a506a0d3a69405d060ff5f28c5d4a05ed294b613	d7ad27ffe6cc7fd7b1d41a46b2abc235c476e67d	24.21.0	9406	9308	0	98	0	9406	8763	9406	643	9034	[suelo de la tanda] ✅ suelo 8763 · total actual 9406 · marge
110199762351	36809037812	1	success	2026-10-01T03:14:59Z	pr	ae5317911fc3272215d61484c416d895e0539cad	2e438cc7c54702b89adeb319e01d4d9ec339e9ac	70b1a4686e8373de668a06b40e21d0094480a870	24.21.0	9439	9341	0	98	0	9439	8782	9439	657	9053	[suelo de la tanda] ✅ suelo 8782 · total actual 9439 · marge
110199687629	36808750944	1	success	2026-10-01T03:16:17Z	push	ba712b6d2d1938d2eb5bb4d27a970468a3041377	ba712b6d2d1938d2eb5bb4d27a970468a3041377	5815c78b72ea825c8cb831b2156e04d6ca766a92	24.21.0	9411	9313	0	98	0	9411	8768	9411	643	9039	[suelo de la tanda] ✅ suelo 8768 · total actual 9411 · marge
110201510678	36809545315	1	success	2026-10-01T03:17:42Z	pr	a83c849d0ede4995431b563b7fab71743bc1cdd5	e29ae99c02baf059bf249bdbc0ac269ce8226329	b6981c6d691b425ec5c8a257dbbaa54ee1ff011b	24.21.0	9422	9324	0	98	0	9422	8788	9422	634	9059	[suelo de la tanda] ✅ suelo 8788 · total actual 9422 · marge
110201061489	36809382862	1	success	2026-10-01T03:20:49Z	pr	3e6dbdcdb9b8f4b38bc9ee92d43206f896815a51	03ccfde493545609c0aea3eed82f7883193c187e	a74cb025ee13a2e7de807310e0da384b105f388d	24.21.0	9379	9281	0	98	0	9379	8777	9379	602	9048	[suelo de la tanda] ✅ suelo 8777 · total actual 9379 · marge
110201123440	36809487211	1	failure	2026-10-01T03:21:26Z	pr	037e0b97ada2a036aad4235d2d04f6a6786dcb51	d7a72fb046210cf59e47b044907ade23d2464b31	a162ad6422d85825703cd9fb35c05e3a08926639	24.21.0	9422	9323	1	98	0	9422	8779	9422	643	9050	[suelo de la tanda] ✅ suelo 8779 · total actual 9422 · marge
110202696886	36809993250	1	success	2026-10-01T03:26:37Z	pr	ce3e4d2964aaf8d45e6f34084d113c899d3dcd7d	ea69550e5f815ab15b6cf75fa801c5ce33509edd	9897482ec8a08e848c8602e0db31756960850ddf	24.21.0	9380	9282	0	98	0	9380	8788	9380	592	9059	[suelo de la tanda] ✅ suelo 8788 · total actual 9380 · marge
110203311527	36810188746	1	failure	2026-10-01T03:27:21Z	pr	abf3181bf88c52a50064b092a86161e1b7a9e10c	23b4159c511b77ad8a0698c45bc4f6b4e0672c8c	1ac529567a0c23f4a7e5c79a13f5318e58850dda	24.21.0	9439	9340	1	98	0	9439	8797	9439	642	9069	[suelo de la tanda] ✅ suelo 8797 · total actual 9439 · marge
110204382539	36810532059	1	success	2026-10-01T03:31:15Z	pr	31829c7c88960ecbd413a5160a7519ace89e27bf	b87d5e620a4a1c60783909018ac9ed7125c062a7	4f9b1f69bbd8b1c2fc40a4ca855f3394a1dc0d90	24.21.0	9433	9335	0	98	0	9433	8790	9433	643	9061	[suelo de la tanda] ✅ suelo 8790 · total actual 9433 · marge
110204867704	36810613140	1	success	2026-10-01T03:34:11Z	push	e4b969e0d36d444007a7bbb1407457921bd94cff	e4b969e0d36d444007a7bbb1407457921bd94cff	e4a16cd03156fef405375a44567c549e01d2544e	24.21.0	9450	9352	0	98	0	9450	8793	9450	657	9064	[suelo de la tanda] ✅ suelo 8793 · total actual 9450 · marge
110207211714	36811462260	1	success	2026-10-01T03:38:47Z	pr	72e790ac236634043ccef891e49ec06c7f933ff3	4d805a0bb4b1cd9fe1abccd5e50a4123db346cd3	08f0a2c4cbaa3ef3c6f294ce3126299c24fcf68d	24.21.0	9476	9378	0	98	0	9476	8827	9476	649	9099	[suelo de la tanda] ✅ suelo 8827 · total actual 9476 · marge
110208567018	36811898798	1	success	2026-10-01T03:44:32Z	pr	eca6c3f4a0a5821838908d4d78a926dcc3f8ee17	921d91e982dc93bf8fd9aec131984ddcac8030bf	367f87ff31f27445d3f545e3e5e6a61e368c5aa9	24.21.0	9464	9366	0	98	0	9464	8839	9464	625	9112	[suelo de la tanda] ✅ suelo 8839 · total actual 9464 · marge
110210019222	36812279468	1	success	2026-10-01T03:50:45Z	push	c1fe641c929b2dfbc3d55db60cced6c4640974bc	c1fe641c929b2dfbc3d55db60cced6c4640974bc	943382edededc8d9b8ca8972f40bac550296780b	24.21.0	9496	9398	0	98	0	9496	8837	9496	659	9110	[suelo de la tanda] ✅ suelo 8837 · total actual 9496 · marge
110212595061	36813218661	1	success	2026-10-01T04:01:56Z	pr	81de3e8e8ff2b20b834171d880a6c960fe53e808	73d459310e3202ff4d7fdc702cbd72e70b4a193d	9d786375d125ced350ad243c8b48164caad204c5	24.21.0	9540	9442	0	98	0	9540	8880	9540	660	9154	[suelo de la tanda] ✅ suelo 8880 · total actual 9540 · marge
110213649853	36812672630	1	success	2026-10-01T04:06:27Z	push	258fc29bff83966eece68ec0d6625b2cf9d13570	258fc29bff83966eece68ec0d6625b2cf9d13570	40cbf9ac9d1d3a10b006db7bbe86c8197607438c	24.21.0	9483	9385	0	98	0	9483	8847	9483	636	9120	[suelo de la tanda] ✅ suelo 8847 · total actual 9483 · marge
110235147208	36820604754	1	success	2026-10-01T05:36:47Z	push	bee39d3b51e300ff4efdda3befcb1eff4626f988	bee39d3b51e300ff4efdda3befcb1eff4626f988	9d786375d125ced350ad243c8b48164caad204c5	24.21.0	9540	9442	0	98	0	9540	8880	9540	660	9154	[suelo de la tanda] ✅ suelo 8880 · total actual 9540 · marge
110243180936	36823244378	1	failure	2026-10-01T06:08:55Z	pr	32238bdc060ffbbe1e6806fe96178698f02531b8	5a4c225d3883d46011cce16752d8e5b40092db86	88d400b1f332c9c72d6f424136ed8785845e9864	24.21.0	9551	9450	3	98	0	9551	8891	9551	660	9165	[suelo de la tanda] ✅ suelo 8891 · total actual 9551 · marge
110243310077	36823285823	1	success	2026-10-01T06:09:26Z	pr	6364047bd9a5051c3f08936b9f0f70379afd731a	c973c219b8faf8dfd11562b54d3ca3396e0706a1	ac01b7913b5b2555ab400a5935cb03edb1cf3ceb	24.21.0	9540	9442	0	98	0	9540	8880	9540	660	9154	[suelo de la tanda] ✅ suelo 8880 · total actual 9540 · marge
110243368376	36823304502	1	success	2026-10-01T06:09:39Z	pr	28ab0ea73121b003db3bba5d2facd6332254b24e	f0a19c80f633eb3b0b14fbd21e9c66fc4a05e3ad	69608b99c17512e3e753cb1fc51b8404428e97e0	24.21.0	9544	9446	0	98	0	9544	8891	9544	653	9165	[suelo de la tanda] ✅ suelo 8891 · total actual 9544 · marge
110244610505	36823709844	1	success	2026-10-01T06:14:20Z	pr	619416e6dee0deab7288509483f71b904c64eb60	c425bd1b9dcbe1b6f2691d80fe146e5d986b0ec5	af031d16aba381563936622b943412de9f92b4f6	24.21.0	9530	9432	0	98	0	9530	8880	9530	650	9154	[suelo de la tanda] ✅ suelo 8880 · total actual 9530 · marge
110244745307	36823752294	1	failure	2026-10-01T06:14:51Z	pr	884a40a553b643a59ce43099864842afddb24bb1	bb643ccab4f5734f40d6023d661ccc36f3911261	7a2785f20e958869deda99a34261c029bcfd293e	24.21.0	9545	9444	3	98	0	9545	8885	9545	660	9159	[suelo de la tanda] ✅ suelo 8885 · total actual 9545 · marge
110245703748	36824067489	1	success	2026-10-01T06:18:23Z	push	08f37ae000397facc48c286fa354ffa7ce202039	08f37ae000397facc48c286fa354ffa7ce202039	ac01b7913b5b2555ab400a5935cb03edb1cf3ceb	24.21.0	9540	9442	0	98	0	9540	8880	9540	660	9154	[suelo de la tanda] ✅ suelo 8880 · total actual 9540 · marge
