run	artifact	sha	rama	creado	bytes	nul	tests	pass	fail	skipped	cancelled	plan	primer	anidadas	lineas_no_ok	cabeceras	huecos
36006110821	10810721867	9ecbcac3ead2b50b60415c0cf15142b0280335e2	scrum-1110-sobre-soap-prueba-aeat	2026-09-24T13:38:40Z	2049014	1911720	8241	8148	0	93	0	8236	490	0	0	1	112→7859
36007466639	10810834310	902d11e6c546cdb4ce9bc8cce8b780acaab3b1f6	main	2026-09-24T13:50:17Z	2049058	1921709	8241	8148	0	93	0	8236	449	0	0	1	112→7900
36008401140	10811094559	67f74e45ae93347b7bd36e25053ca74aa874827f	scrum-1110-sobre-soap-prueba-aeat	2026-09-24T13:57:02Z	2049851	1922488	8241	8147	1	93	0	8236	449	0	0	1	112→7900
36010475841	10812656859	ead6e1331d30eaa106364a341f32dad902fbe565	scrum-1110-sobre-soap-prueba-aeat	2026-09-24T14:13:28Z	2047226	1919908	8236	8143	0	93	0	8231	449	0	0	1	112→7895
36011346585	10812044821	f80590410e03887ce016c7f58c1daf37825c78bc	main	2026-09-24T14:23:16Z	2045148	1917779	8227	8134	0	93	0	8222	449	0	0	1	112→7886
36020490785	10816865913	ca8029c4288c091763d2857781ecedaa2da95259	scrum-804b-el-barrido-de-la-42	2026-09-24T15:30:27Z	279401	0							1119	0	0	1	-
36020605258	10816647504	bd5c56db966e657715b86aaa6d8813cfb6cdc581	scrum-804b-el-barrido-de-la-42	2026-09-24T15:37:04Z	2051827	1924468	8246	8152	1	93	0	8241	449	0	0	1	112→7905
36022084862	10817656706	465a4d5aacd0e6d4f345d36ee581f0b4c4fe2f24	scrum-917g-el-trabajo-plegable	2026-09-24T15:50:21Z	2052818	1925263	8256	8163	0	93	0	8251	449	0	0	1	112→7915
36023239716	10819405894	a7e1aae69f41d9120d237c338832b8503319820c	main	2026-09-24T16:00:05Z	2053310	1925755	8256	8163	0	93	0	8251	449	0	0	1	112→7915
36024245098	10819741905	bf72596bbd964cf03f45c2e2e825156acaf8f072	scrum-1042-ajuste-foto-tecnico	2026-09-24T16:08:17Z	2055156	1927612	8263	8170	0	93	0	8258	449	0	0	1	112→7922
36024784076	10819312425	c0b0faa70d36a27b0b92414df8103333ffc67a7d	scrum-1008-ficha-articulo-sku-unidad-familia	2026-09-24T16:08:34Z	1649359	0							6627	5	0	1	-
36025114423	10818604395	0534748eead752b0ebb8b136d309406fcd47419c	scrum-1008-ficha-articulo-sku-unidad-familia	2026-09-24T16:14:37Z	2054609	1927108	8264	8171	0	93	0	8259	449	0	0	1	112→7923
36025377848	10819489012	b77a3cb3cbd4583302edecaddc17c255fe02e74e	main	2026-09-24T16:17:59Z	2055184	1927632	8263	8170	0	93	0	8258	449	0	0	1	112→7922
36026103521	10820072183	09f8ba9974964b9205936b9c3eb0ec70a8f0acb5	main	2026-09-24T16:31:21Z	2057061	1929513	8271	8178	0	93	0	8266	449	0	0	1	112→7930
36026115894	10819781342	f543524e19fdec7ae82d831a97d8071070ec49a3	scrum-804b-el-barrido-de-la-42	2026-09-24T16:24:38Z	2059006	1931462	8276	8183	0	93	0	8271	449	0	0	1	112→7935
36026710408	10819971936	96e960614bf6b6882061959dedf1c1e2f7f39067	scrum-1031-medicion-staging	2026-09-24T16:29:13Z	2056861	1929305	8271	8178	0	93	0	8266	449	0	0	1	112→7930
36027399000	10820971795	7a98b2a98e6d5fa5738f57b6447903561c9c8586	scrum-996-nota-n11	2026-09-24T16:35:19Z	2049973	1931786	8233	8140	0	93	0	8228	406	0	0	1	112→7935
36028511500	10820404704	db771431612fb709939401c958e7c8fa51b295f5	main	2026-09-24T16:45:25Z	2059314	1931783	8276	8183	0	93	0	8271	449	0	0	1	112→7935
36114048033	10854871549	0e46d914be9f5bdddd93f443d70dec3fb3180de9	scrum-906-billin-factura-competencia	2026-09-25T08:47:08Z	2059345	1931805	8276	8183	0	93	0	8271	449	0	0	1	112→7935
36114838555	10854682109	639a276ffbd6e4ce8ef89b7f8e81c72fad31c111	main	2026-09-25T08:56:10Z	2059354	1931806	8276	8183	0	93	0	8271	449	0	0	1	112→7935
36134270625	10862409415	c47c5c9d837e71182b7c75ff3aa775d4ba6d1533	scrum-1014-customer-site	2026-09-25T12:26:40Z	2075153	1948503	8273	8175	5	93	0	8268	445	0	0	1	112→7936
36134703475	10862404928	ac4cf05f6d9ffdbc7743e678b2b5074273844b94	scrum-1090-guard-negacion-familia-b	2026-09-25T12:31:08Z	2060894	1933348	8277	8183	1	93	0	8272	449	0	0	1	112→7936
36135520794	10865430907	1b81e76c2c51c6a5d4e4a769559c17ebca3bf3fa	scrum-1014-customer-site	2026-09-25T12:41:35Z	2059202	1931661	8277	8184	0	93	0	8272	449	0	0	1	112→7936
36136127433	10865371433	cab1e2bb34545a9d819e9be7d3627b2ca5d01603	scrum-1090-guard-negacion-familia-b	2026-09-25T12:44:33Z	2057849	1930683	8272	8179	0	93	0	8267	447	0	0	1	112→7933
36136471571	10865182696	b2fd65171c57d4951195bdf43146a871cde079e1	main	2026-09-25T12:50:43Z	2057074	1929521	8269	8176	0	93	0	8264	449	0	0	1	112→7928
36136728779	10864574385	607541ed710bec7148670a9b44a35638a745a2ec	main	2026-09-25T13:02:56Z	2059804	1932268	8279	8186	0	93	0	8274	449	0	0	1	112→7938
36136897626	10865668088	63c5e26e45bcbc761abe7f8d84e5845754656926	scrum-906m-servicem8-flujo-factura	2026-09-25T12:54:48Z	2059742	1932203	8279	8186	0	93	0	8274	449	0	0	1	112→7938
36137891936	10866252620	fbab05afa7c407575525743635814b8e0c845bee	main	2026-09-25T13:16:45Z	2060128	1932596	8279	8186	0	93	0	8274	449	0	0	1	112→7938
36139805618	10866747040	4bf8fe6f48d5367c994218b067e233059b644b8e	scrum-1038-leer-el-ticket-gasto	2026-09-25T13:23:26Z	2063465	1935718	8291	8198	0	93	0	8286	449	0	0	1	112→7950
36140708389	10867530446	c534eb0560e9df399730b67147a6d97414ddf5e3	main	2026-09-25T13:32:02Z	2063832	1936101	8294	8201	0	93	0	8289	449	0	0	1	112→7953
36144858691	10868444745	55ff13f23651a0b1608785f61b66af0fbfdbae03	scrum-1112-timeouts-guard-acreditacion	2026-09-25T14:11:01Z	2065074	1937328	8294	8201	0	93	0	8289	449	0	0	1	112→7953
36146018103	10870141691	6bbe1b4d98e18fd3f5f2fdedd4823d1e24a951b5	main	2026-09-25T14:20:02Z	2065073	1937343	8294	8201	0	93	0	8289	449	0	0	1	112→7953
36147180188	10870597445	5d9719a12c0e0c2c0710dc8f02420887bbb85327	scrum-1107c-garantia-desatasco	2026-09-25T14:30:15Z	2160552	2032799	8307	8210	4	93	0	8302	449	0	0	1	112→7966
36148110173	10869694108	753fbe4abac1dc4ef77798cabe77d5a42216f355	scrum-1114-aviso-por-resend	2026-09-25T14:39:58Z	2066263	1938501	8299	8206	0	93	0	8294	449	0	0	1	112→7958
36149113453	10871885400	c906a53ca45446e6dd9591f3295ad6060c13532c	main	2026-09-25T14:49:16Z	2066307	1938554	8299	8206	0	93	0	8294	449	0	0	1	112→7958
36149361977	10871416115	590139b278086c9b91f8364704759d8354f39166	scrum-1107c-garantia-desatasco	2026-09-25T14:51:37Z	2069751	1942003	8309	8216	0	93	0	8304	449	0	0	1	112→7968
36150352928	10871832468	dac1f9d7f9cd5237778aa2cd3f9241bd2210855a	main	2026-09-25T15:01:38Z	2072464	1944714	8318	8224	1	93	0	8313	449	0	0	1	112→7977
36151631478	10871903601	78263627537ff418cf93c6746eebff6066dbadcf	scrum-1096-orden303-anexo-hac27	2026-09-25T15:10:41Z	2072150	1944397	8318	8224	1	93	0	8313	449	0	0	1	112→7977
36152039414	10872102616	dfe1c453c1de1dab258b9d31f710261049fc6e11	scrum-1118-citas-rfact-contiguas	2026-09-25T15:12:42Z	2067097	1944089	8297	8203	1	93	0	8292	428	0	0	1	112→7977
36152039414	10872414281	dfe1c453c1de1dab258b9d31f710261049fc6e11	scrum-1118-citas-rfact-contiguas	2026-09-25T15:31:00Z	2072188	1944429	8318	8224	1	93	0	8313	449	0	0	1	112→7977
36152176419	10871524480	e81131c7c1daf081050ae6d398e20097480f09ed	scrum-1105-seeds-destino-por-bandera	2026-09-25T15:14:20Z	2073638	1945544	8322	8228	1	93	0	8317	449	0	0	1	112→7981
36152176419	10874140253	e81131c7c1daf081050ae6d398e20097480f09ed	scrum-1105-seeds-destino-por-bandera	2026-09-25T15:51:43Z	2071484	1946114	8314	8220	1	93	0	8309	437	0	0	1	112→7985
36153386070	10872418615	2010ced5bf8f260c7d1298c27edb0475171320d1	scrum-1096-orden303-anexo-hac27	2026-09-25T15:27:28Z	2071372	1943625	8318	8225	0	93	0	8313	449	0	0	1	112→7977
36153788990	10872354253	caffd4d842a514813f3e8897340efa64ffa09a2b	scrum-1063b-303-soportado-resultado	2026-09-25T15:30:15Z	2074221	1946465	8327	8233	1	93	0	8322	449	0	0	1	112→7986
36153794012	10872707102	df5598b1000b812b62926350520220a0d428ef9e	scrum-1113-ruta-abs-lee-plataforma	2026-09-25T15:30:05Z	2072764	1945024	8319	8225	1	93	0	8314	449	0	0	1	112→7978
36154179077	10873585242	b6d65141b0faa2b286943722f9f67f6f1a8a143e	scrum-1108-aviso-garantia	2026-09-25T15:33:48Z	2074300	1946543	8326	8232	1	93	0	8321	449	0	0	1	112→7985
36154339244	10873058047	4f4a6f3c6417f70e312eabee8468e73253ca95ae	main	2026-09-25T15:38:37Z	2071459	1943700	8318	8225	0	93	0	8313	449	0	0	1	112→7977
36155629129	10873816663	243af334dc76a7ee24ab70d1d4ce52638d3e388e	scrum-1120-negativo-derivado	2026-09-25T15:44:49Z	2080812	1943397	8318	8223	2	93	0	8313	449	0	2	1	112→7977
36155866224	10873114426	5062d088cf0ad2a16efeeb5a8d332708b3a7617b	scrum-1113-ruta-abs-lee-plataforma	2026-09-25T15:48:20Z	2071405	1943680	8319	8226	0	93	0	8314	449	0	0	1	112→7978
36156122079	10873693115	0d8a3e196835ff3ba4fceb4ae01df9e056202e6c	scrum-1119-censo-rojos-main	2026-09-25T15:52:15Z	2071097	1943350	8318	8225	0	93	0	8313	449	0	0	1	112→7977
36156536030	10874067121	e2df95219bbc484582fe858e0d9fa8c35078b79f	scrum-1108-aviso-garantia	2026-09-25T15:54:22Z	2071920	1944205	8321	8228	0	93	0	8316	449	0	0	1	112→7980
36156709771	10874096089	f7f2bccffbf5db152f6bfdbbdf24baa3d24018f0	main	2026-09-25T15:57:37Z	2071322	1943568	8319	8226	0	93	0	8314	449	0	0	1	112→7978
36157324241	10874673541	0bbc68056ca176d657a83d3c69f54e6e60aa16b3	main	2026-09-25T16:11:05Z	2073896	1946138	8327	8234	0	93	0	8322	449	0	0	1	112→7986
36159676452	10874729124	ec905c7831aa6da2e3852453a88f373aca0491f7	scrum-899-traspaso-orq-25sep-b	2026-09-25T16:22:00Z	2073266	1945548	8327	8234	0	93	0	8322	449	0	0	1	112→7986
36160118479	10875481681	978a24966d472f6ecd8a1b2755a0bd6af566270b	scrum-1121-delegacion-javier-microcopy	2026-09-25T16:27:20Z	2071322	1943604	8318	8225	0	93	0	8313	449	0	0	1	112→7977
36160342546	10876180640	99ea4840a8e3171f7d5deba9dc8663174a7b1048	main	2026-09-25T16:30:56Z	2073592	1945831	8327	8234	0	93	0	8322	449	0	0	1	112→7986
36160900019	10875782563	cab692d54fd183fb737d00365ee5dcdd3d6ea257	main	2026-09-25T16:43:38Z	2071327	1943618	8318	8225	0	93	0	8313	449	0	0	1	112→7977
36161161600	10876081254	62d735ac5560ba0b58904789acae2991064f5ac2	scrum-1122-migrations-pending	2026-09-25T16:36:00Z	2071304	1943597	8319	8226	0	93	0	8314	449	0	0	1	112→7978
36161464843	10876311841	d116e7a9217a1b82f0c16053271d1f20c67ca6f4	scrum-1092-audita-traspaso-25sep	2026-09-25T16:41:03Z	2073786	1936114	8327	8234	0	93	0	8322	490	0	0	1	112→7945
36162058943	10875484949	67a15a0a67c595925b06d7d547f4682b10cf5ccf	scrum-786-irreversibles-44px	2026-09-25T16:45:40Z	2077545	1949789	8333	8239	1	93	0	8328	449	0	0	1	112→7992
36162310353	10876657839	463b9d3311ff2c0ec3800a3ca6edf00dd663c196	scrum-1093-verificacion-efecto-clientes-25sep	2026-09-25T16:50:11Z	2073900	1946159	8327	8234	0	93	0	8322	449	0	0	1	112→7986
36162332631	10876548132	2dc44a1a632389403b41101bfbbfa3deb65a961a	scrum-1122-runbook-schema-drift	2026-09-25T16:49:43Z	2072577	1944832	8324	8231	0	93	0	8319	449	0	0	1	112→7983
36162620570	10876633473	9357c644e4f15d327fd78a3bce648b4c356cf248	scrum-1108c-firma-microcopy	2026-09-25T16:53:33Z	2073845	1946089	8327	8234	0	93	0	8322	449	0	0	1	112→7986
36163121835	10876169804	f365f56bcb1e1f72f52f14d032864a491ac5790b	scrum-1123-vigia-avisa-de-verdad	2026-09-25T16:55:10Z	2064089	1945673	8284	8191	0	93	0	8279	406	0	0	1	112→7986
36163313417	10877040173	88236ae828b24fcd59c5795f09442ba1e17b987e	main	2026-09-25T16:58:21Z	2068424	1945833	8304	8211	0	93	0	8299	426	0	0	1	112→7986
36163745812	10877515136	3d35c1324c38b02e75957901f0f94428e9220c50	scrum-786-irreversibles-44px	2026-09-25T17:03:07Z	2075085	1937407	8333	8240	0	93	0	8328	490	0	0	1	112→7951
36163835862	10877515069	d4796587eae6685cd3be38a6d86a277497ab7e6a	scrum-1123-vigia-avisa-de-verdad	2026-09-25T17:02:32Z	2073362	1945645	8327	8234	0	93	0	8322	449	0	0	1	112→7986
36163984395	10877460615	f285a95087fe8dbdee32f80f9d4c3530d65540fb	scrum-1049-resumen-trimestre-pantalla	2026-09-25T17:03:51Z	2082642	1954897	8331	8235	3	93	0	8326	449	0	0	1	112→7990
36164121430	10877695874	e990cb2bc9c2a5d241a0220148cd05791df8e09f	scrum-1116b-corrige-carril-digest	2026-09-25T17:06:28Z	2073449	1945700	8327	8234	0	93	0	8322	449	0	0	1	112→7986
36164306993	10877651148	b22d9c0b8c1d3b02a3b5f556c7ea5c44d5633c5c	scrum-1108b-pantalla-garantia	2026-09-25T17:10:44Z	2077001	1949251	8338	8245	0	93	0	8333	449	0	0	1	112→7997
36164733144	10877796550	9e68407bdcb132a8b3b84a08df7b60a293374211	main	2026-09-25T17:13:52Z	2075499	1947742	8333	8240	0	93	0	8328	449	0	0	1	112→7992
36165652996	10877489091	f6814d23d2467de7f790e9bebb6e059a083f890c	main	2026-09-25T17:25:35Z	2078229	1950466	8344	8251	0	93	0	8339	449	0	0	1	112→8003
36165676931	10878170475	c6d52c4e9da1e1202b589e579d69152214048af1	scrum-1049-resumen-trimestre-pantalla	2026-09-25T17:20:16Z	2090556	1962803	8340	8243	4	93	0	8335	449	0	0	1	112→7999
36166668161	10877904359	7809e6b17b82d69aa713f8de1b8cb0b5c3fa751e	scrum-1122d-verificacion-25sep-tarde	2026-09-25T17:28:56Z	2078206	1950477	8344	8251	0	93	0	8339	449	0	0	1	112→8003
36167385337	10878961436	0528aac99cc8fd85b40dd597a3cb787d18152d77	scrum-1118-citas-rfact-contiguas	2026-09-25T17:37:48Z	2078265	1950520	8344	8251	0	93	0	8339	449	0	0	1	112→8003
36167452844	10879286124	9f6887236257bd7a3ce382bd6223a7edb8eed2c7	main	2026-09-25T17:36:38Z	2072242	1950539	8317	8224	0	93	0	8312	422	0	0	1	112→8003
36167576824	10880000174	f065c9c480edf8fc6cbb95f7edfd60a2f8fad121	scrum-1122c-verificacion-produccion-descongelada	2026-09-25T17:37:31Z	2076322	1948585	8335	8242	0	93	0	8330	449	0	0	1	112→7994
36168219448	10879481118	509b0fda9b56bf258b98949d641a591b53ae7a1a	scrum-1049-resumen-trimestre-pantalla	2026-09-25T17:41:33Z	2066969	1945553	8291	8197	1	93	0	8286	421	0	0	1	112→7978
36168390367	10879697460	bf4d82c68cc74c390af36f92c90cdb915e8c31e8	main	2026-09-25T17:49:40Z	2079588	1951845	8344	8250	1	93	0	8339	449	0	0	1	112→8003
36168462396	10879267540	ab53cf80f58242cda62a7f4bc4652a34310cad55	scrum-1105-seeds-destino-por-bandera	2026-09-25T17:46:22Z	2081755	1953623	8352	8258	1	93	0	8347	449	0	0	1	112→8011
36168517614	10879916765	5b8b963ee0dea7ac90119790cb126ad725dd1d87	scrum-1075-aviso-fin-trimestre	2026-09-25T17:46:52Z	2086136	1958380	8353	8256	4	93	0	8348	449	0	0	1	112→8012
36169937709	10879419336	ebeed8a6d4158d64805497f5ed4c84c01775d738	scrum-917-excepcion-caduca-objetivo-tactil	2026-09-25T18:00:28Z	2079223	1951471	8344	8250	1	93	0	8339	449	0	0	1	112→8003
36170001786	10879709003	96abcd7f4c95588cfcf755ec3b3ab65782aebb5e	scrum-1127-cliente-envio-aeat	2026-09-25T17:59:15Z	2086567	1958553	8374	8280	1	93	0	8369	449	0	0	1	112→8033
36170110502	10879669271	7b3d2fde5e9de555a9ab10baa22d66b8d1c48c03	scrum-1116c-firma-digest	2026-09-25T18:00:44Z	2080593	1952852	8344	8249	2	93	0	8339	449	0	0	1	112→8003
36170160480	10879389611	a168820e77da5b82979b180bac6fc4b4e9929740	scrum-1049-resumen-trimestre-pantalla	2026-09-25T18:02:15Z	2089259	1951819	8348	8253	2	93	0	8343	449	0	2	1	112→8007
36170610133	10880510351	4754a2cd45e30799f3893b0ebf94153bc5314bd5	scrum-1075-aviso-fin-trimestre	2026-09-25T18:07:00Z	2081227	1953469	8350	8256	1	93	0	8345	449	0	0	1	112→8009
36170780264	10880785625	326929984f95b1052e8513f01a5c3bc2211b83aa	scrum-1022c-selector-ofrece-xlsx	2026-09-25T18:08:25Z	2078776	1951109	8343	8249	1	93	0	8338	449	0	0	1	112→8002
36171008437	10880741440	41d4e33abf6e2b3450af58ad13603638b91d94e4	scrum-1063b-303-soportado-resultado	2026-09-25T18:12:15Z	2079041	1951284	8346	8253	0	93	0	8341	449	0	0	1	112→8005
36171262944	10881395864	32da2be5350c9ccb78025513149c0da066725ddf	scrum-1128-envio-construido-criterio	2026-09-25T18:11:39Z	2078494	1954816	8326	8231	2	93	0	8321	431	0	0	1	112→8003
36171283812	10880565958	4adda5ad1105709a5e91f025b9b8429c983f87fb	scrum-1120-negativo-derivado	2026-09-25T18:11:16Z	958706	0							4009	0	0	1	-
36171344411	10880426412	c20d306426fa6819f9b044fff2bb8ed5a037b210	scrum-1127-cliente-envio-aeat	2026-09-25T18:14:20Z	2086491	1958422	8373	8279	1	93	0	8368	449	0	0	1	112→8032
36171412632	10881311569	618728566769142d69cd22b65bf4f37ca7762a3f	scrum-1117-fecha-por-bloque	2026-09-25T18:15:22Z	2084231	1956474	8356	8261	2	93	0	8351	449	0	0	1	112→8015
36171558822	10881407498	9afc5281bf1c935b6e247a79a2f46654cd70dc2b	scrum-1022c-selector-ofrece-xlsx	2026-09-25T18:21:14Z	2077518	1950273	8336	8242	1	93	0	8331	447	0	0	1	112→7997
36171736943	10881397923	50a102b057b93a8eb71886107e9645d1d2e5069a	scrum-1120-negativo-derivado	2026-09-25T18:23:29Z	2078516	1950789	8344	8251	0	93	0	8339	449	0	0	1	112→8003
36171979510	10881143103	a947caed3c4a94076952f772a6cb3d1f6cebd8d1	scrum-1124-marcador-huerfano-jobasignados-parte	2026-09-25T18:22:42Z	2085098	1943971	8344	8234	17	93	0	8339	449	0	7	1	112→8003
36172001450	10881177764	8fe2de5af2530ad29a6ea1ca80391e68957d372d	main	2026-09-25T18:21:28Z	2074432	1942409	8328	8235	0	93	0	8323	465	0	0	1	112→7971
36172279850	10880483471	40bf6758609351fce4635219cb6b564f66687178	scrum-1102-medicion-exclusiones-rrsif	2026-09-25T18:29:10Z	2080232	1952498	8353	8260	0	93	0	8348	449	0	0	1	112→8012
36172361635	10881163791	ccaf534a24585fe3d3635d0ebfbcd21c25633a24	scrum-1120b-censo-11-pr-bloqueados	2026-09-25T18:26:26Z	2075515	1947801	8335	8242	0	93	0	8330	449	0	0	1	112→7994
36172933502	10881483960	cbcc3f6faf0f3a401d80af78dbdad0044e1c6f72	scrum-1102b-corrige-exclusiones-master	2026-09-25T18:30:18Z	2080239	1952517	8353	8260	0	93	0	8348	449	0	0	1	112→8012
36172999730	10880539282	051f1097dd28b9792a1ce1876501e447a72c356e	scrum-1120-negativo-derivado	2026-09-25T18:34:21Z	2079082	1951331	8349	8256	0	93	0	8344	449	0	0	1	112→8008
36173369889	10881399541	1c41f8c04a65ef3a9c8c60ae0f0b5c0e21350f30	scrum-1048-resumen-trimestre-calculo	2026-09-25T18:33:04Z	2109305	1968849	8360	8252	15	93	0	8355	449	0	7	1	112→8019
36174221999	10882191163	cb41ebdb769840a454d05e0eac06ccf251a390fc	scrum-1105-seeds-destino-por-bandera	2026-09-25T18:42:13Z	2082405	1954305	8361	8268	0	93	0	8356	449	0	0	1	112→8020
36174303940	10881736702	ad6e1a5f98fba838b970f084e0a85ba5ae65ea37	main	2026-09-25T18:42:53Z	2068984	1948857	8305	8212	0	93	0	8300	415	0	0	1	112→7998
36175058359	10882057730	ee3521916c87d5ace9cb96e42476f83195af738c	scrum-1127-cliente-envio-aeat	2026-09-25T18:50:17Z	2087817	1959761	8383	8290	0	93	0	8378	449	0	0	1	112→8042
36175079034	10882104468	e559563cd78dff886d5c653899826cbf25bed97c	scrum-1105-seeds-destino-por-bandera	2026-09-25T19:00:26Z	2082777	1954659	8361	8268	0	93	0	8356	449	0	0	1	112→8020
36175082418	10881637821	4830e1e09351af8b430904d7c17090ce70f6fc17	scrum-1049-resumen-trimestre-pantalla	2026-09-25T18:49:17Z	2081373	1953643	8357	8264	0	93	0	8352	449	0	0	1	112→8016
36175086467	10881958938	f7b8a1f4afd3a920f2164cc6978a5557f333c661	scrum-1075-aviso-fin-trimestre	2026-09-25T18:58:04Z	2082491	1954743	8362	8269	0	93	0	8357	449	0	0	1	112→8021
36175093434	10882496194	24067bf8f6ae520befb2eccc78554311aba7a931	scrum-1116c-firma-digest	2026-09-25T18:47:51Z	2075100	1953552	8325	8231	1	93	0	8320	421	0	0	1	112→8012
36175098459	10882965815	ea2551d5f0ca20901c3fd01f215453a19fe637e6	scrum-1022c-selector-ofrece-xlsx	2026-09-25T19:06:10Z	2079383	1951738	8352	8259	0	93	0	8347	449	0	0	1	112→8011
36175103591	10882527447	87fb3a591b1bd4f5f0456cceb78a3a07b203968e	scrum-1128-envio-construido-criterio	2026-09-25T18:57:22Z	2081906	1959291	8341	8247	1	93	0	8336	426	0	0	1	112→8023
36175110990	10882447888	0d6ca4e25acba0a05ca692a9654eeb52ae59c7ce	scrum-1117-fecha-por-bloque	2026-09-25T19:00:25Z	2084119	1956366	8365	8272	0	93	0	8360	449	0	0	1	112→8024
36175115052	10882668413	96106baa99818061c4556e2f76d93fef62d3df03	scrum-1124-marcador-huerfano-jobasignados-parte	2026-09-25T19:06:13Z	2086019	1944943	8353	8244	16	93	0	8348	449	0	7	1	112→8012
36175118751	10883075193	3e22d7a4d33e3ae9f31fd4830736cc8ee935fbee	scrum-1048-resumen-trimestre-calculo	2026-09-25T19:02:34Z	2110687	1970186	8363	8255	15	93	0	8358	449	0	7	1	112→8022
36175169995	10882991458	2c06eec087d0a5adafb315c178fd041eb6f44f88	scrum-1134-beneficio-sobre-la-base	2026-09-25T19:10:13Z	2102769	1962404	8353	8247	13	93	0	8348	449	0	7	1	112→8012
36175869339	10883160044	e528628e30fc65357153e9159a43f1fdf2eafea0	main	2026-09-25T19:02:23Z	2080719	1953016	8355	8262	0	93	0	8350	449	0	0	1	112→8014
36176315164	10883036550	f35eb4b95a7b76937beb50ae2c0a83a77dfc74a6	scrum-1138-patch-customers-id	2026-09-25T19:11:10Z	2111489	1970892	8386	8280	13	93	0	8381	449	0	7	1	112→8045
36177236939	10882504661	e3cd20075387e4b58e3d7faa1c81d1d947f86f54	scrum-1127b-ddl-vfsubmission-decidido	2026-09-25T19:14:41Z	2097041	1968630	8416	8323	0	93	0	8411	449	0	0	1	112→8075
36177663108	10883452605	cbd6a2b43039b506953be1ca19fafcef05d3d20d	main	2026-09-25T19:20:15Z	2095847	1967521	8413	8320	0	93	0	8408	449	0	0	1	112→8072
36177982388	10883660437	fe03f07f4feed467b2583198255005ce407da209	scrum-1102d-sql-aplicado	2026-09-25T19:18:25Z	2097882	1969532	8419	8326	0	93	0	8414	449	0	0	1	112→8078
36178960449	10884730230	18738bc0b44b0a7554bf82e2abbcba8608c9c8cf	main	2026-09-25T19:35:51Z	2097156	1968828	8416	8323	0	93	0	8411	449	0	0	1	112→8075
36180300421	10884441364	73412bf2945b1eb24e16d54b5b97a4b61f7167cb	scrum-1116c-firma-digest	2026-09-25T19:40:47Z	2097767	1969434	8419	8326	0	93	0	8414	449	0	0	1	112→8078
36181200560	10884073991	e3b563e0319050c5446afe94f07908d7aac7de69	main	2026-09-25T19:49:31Z	2097395	1959136	8419	8326	0	93	0	8414	490	0	0	1	112→8037
36182054495	10884679039	65f6f4bbce51c42c65370d3a60c20e21f4e1ad95	scrum-1116-digest-garantia-retenida	2026-09-25T19:58:19Z	2102211	1973879	8427	8334	0	93	0	8422	449	0	0	1	112→8086
36182791176	10885406090	7627dc8737227d407d807a145e7c632a1ec70c3f	scrum-1140-generador-anulacion-r1	2026-09-25T20:05:55Z	2097489	1969150	8419	8326	0	93	0	8414	449	0	0	1	112→8078
36182940382	10885685675	bd3d26e74b25e0537e18524617366123b4593eda	main	2026-09-25T20:06:55Z	2099837	1971528	8419	8326	0	93	0	8414	449	0	0	1	112→8078
36183751800	10885732577	032afc9ccd2fca0e160af40fcbf1acc0bcf43e0d	main	2026-09-25T20:17:59Z	2099362	1961138	8417	8324	0	93	0	8412	490	0	0	1	112→8035
36222355107	10898574423	f36e0c84ac59d7016b2521ce8ac8db8034fc0b31	scrum-1138-patch-customers-id	2026-09-26T06:03:32Z	2125040	1984221	8430	8324	13	93	0	8425	449	0	7	1	112→8089
36222357096	10899517617	7acb0f60ddd6f7619b7dcf8ca21e249309102148	scrum-1134-beneficio-sobre-la-base	2026-09-26T06:04:05Z	2123592	1982687	8424	8318	13	93	0	8419	449	0	7	1	112→8083
36222359363	10900055510	4cfa2fc8ee0a09606cb029edc08bee14db2636e3	scrum-1048-resumen-trimestre-calculo	2026-09-26T06:06:05Z	2131253	1990179	8432	8324	15	93	0	8427	449	0	7	1	112→8091
36222361139	10898484432	7005fa0bf34f30991ca5294ccbbf5640fba61901	scrum-1124-marcador-huerfano-jobasignados-parte	2026-09-26T06:04:25Z	2101213	1966086	8398	8289	16	93	0	8393	420	0	7	1	112→8086
36222362215	10898844428	a2f92f2a094f9fb227294044e7458cd69cbbf2c1	scrum-1128-envio-construido-criterio	2026-09-26T06:07:28Z	2108394	1980054	8438	8344	1	93	0	8433	449	0	0	1	112→8097
36222780501	10899891496	e16d4648b75e3efe667c21ce24e51eb2232f7aec	scrum-899-traspaso-26sep-manana	2026-09-26T06:10:00Z	723588	0							2984	0	0	1	-
36222859122	10899876977	9ca0f36352b1cb564079f3426525c4e46f944923	scrum-1138-patch-customers-id	2026-09-26T06:17:16Z	2102788	1974457	8430	8337	0	93	0	8425	449	0	0	1	112→8089
36222915276	10900145290	11ed701254c42aa29d793c779cdb188d5861810e	scrum-899-traspaso-26sep-manana	2026-09-26T06:17:53Z	2037816	1979522							149	0	0	1	87→8086
36223213787	10900106542	ef9b056f148bd95f327640cbcff0f2c9d796af67	scrum-1134-beneficio-sobre-la-base	2026-09-26T06:22:20Z	2100708	1973568	8422	8329	0	93	0	8417	444	0	0	1	112→8086
36223255035	10899633224	c152ffb0c61c61b7b3d210111fd056df5f5c5767	scrum-917-excepcion-caduca-objetivo-tactil	2026-09-26T06:24:44Z	2102277	1973940	8427	8334	0	93	0	8422	449	0	0	1	112→8086
36223313984	10900200779	923a1579164557029ae6870586066defdcb7d71d	scrum-899-traspaso-26sep-manana	2026-09-26T06:29:48Z	2099261	1970930	8413	8320	0	93	0	8408	449	0	0	1	112→8072
36223322013	10900165712	52e67c9e95b2bcaca8f8f2fcad14d201e168517f	main	2026-09-26T06:26:07Z	2102745	1974404	8430	8337	0	93	0	8425	449	0	0	1	112→8089
36223325763	10899938334	ebe00a4ca9cd1d5964bd08dfedd94ba76891caa0	scrum-1048-resumen-trimestre-calculo	2026-09-26T06:36:33Z	48501	0	112	112	0	0	0	112	112	0	0	1	-
36223411090	10899823231	b9cd0afb5bcac1dbe3eddc5b1191fb510a5f6f39	scrum-1124-marcador-huerfano-jobasignados-parte	2026-09-26T06:32:31Z	2082849	1954517	8430	8335	2	93	0	8425	449	0	0	1	112→8089
36223667496	10899624051	8df89673b243478ccbf879878ce41c3ec5e81582	scrum-1128-envio-construido-criterio	2026-09-26T06:36:15Z	2105612	1977276	8441	8348	0	93	0	8436	449	0	0	1	112→8100
36223925739	10900600596	5b79374ef1d4ea9a3a30f5262f2f02a992d698ce	main	2026-09-26T06:39:43Z	2097939	1974754	8407	8314	0	93	0	8402	426	0	0	1	112→8089
36224457997	10899919134	0d1fbf7df9e4c98ff178c127f52c8b5d3db10a7f	scrum-786-checkbox-export-44px	2026-09-26T06:45:28Z	2106642	1978335	8441	8347	1	93	0	8436	449	0	0	1	112→8100
36224555982	10900541347	019024e14d83c096c0aa95fb67550cf679f2a6e4	scrum-1048-resumen-trimestre-calculo	2026-09-26T06:50:28Z	2108004	1979688	8451	8358	0	93	0	8446	449	0	0	1	112→8110
36224707706	10899709967	afea949978a709cf06819f5b5bef0df084a06233	scrum-899-traspaso-26sep-manana	2026-09-26T06:51:52Z	2098655	1977176	8411	8318	0	93	0	8406	419	0	0	1	112→8100
36225327292	10901200399	36600f6670deca9b18422daaeb9a3ffabc59c1f7	scrum-786-checkbox-export-44px	2026-09-26T07:05:55Z	2104817	1976495	8436	8343	0	93	0	8431	449	0	0	1	112→8095
36225433489	10900653017	373712265d064a3be0ec901a23e61b1f28f33bd8	scrum-1124-marcador-huerfano-jobasignados-parte	2026-09-26T07:07:26Z	2087003	1958670	8447	8352	2	93	0	8442	449	0	0	1	112→8106
36225767284	10900744056	2e897e0bff685bb07de7fd011e38f4a2ac3d1ce5	main	2026-09-26T07:25:31Z	2108393	1980067	8451	8358	0	93	0	8446	449	0	0	1	112→8110
36227613007	10901645159	8957c34d03c1db2802f6e0fdfbc8c0928554ad7e	scrum-1124-marcador-huerfano-jobasignados-parte	2026-09-26T07:48:57Z	2085450	1957165	8450	8357	0	93	0	8445	449	0	0	1	112→8109
36227934467	10901631334	942e90d1f84dd6d7fcf5fa92aad48f36758c2d87	main	2026-09-26T07:57:41Z	2084474	1956140	8445	8352	0	93	0	8440	449	0	0	1	112→8104
36240603489	10905434801	2502bd1aaa8339b73f892ee09463752d8fc338d0	scrum-940-arreglo-magnituddelistafija	2026-09-26T12:09:46Z	2081152	1952816	8429	8336	0	93	0	8424	449	0	0	1	112→8088
36240622031	10905673728	62a58b01f1b0e3f4af7ce68da24f981351e4b6a3	scrum-1095-waitingfor-no-inventado	2026-09-26T12:08:04Z	2108966	1967886	8451	8345	13	93	0	8446	449	0	7	1	112→8110
36240707259	10905304990	e80b1103312c61637202bd8685c5718b32e43b1d	scrum-1141-nif-proveedor-pantalla	2026-09-26T12:10:02Z	2077791	1957928	8416	8323	0	93	0	8411	411	0	0	1	112→8113
36240998162	10905519630	79243455fccbe3d4dcb7eb4b0d0c99a8a61ccd18	scrum-1091-guard-cwd-posix	2026-09-26T12:11:12Z	965304	0							3997	0	4	1	-
36241042880	10905827195	f73e546dd79180059ae5932c734e9b6cd5ef4b08	scrum-988-revisiones-en-detalle	2026-09-26T12:16:27Z	2082336	1952709	8432	8339	0	93	0	8427	454	0	0	1	112→8086
36241076579	10906770069	75b25818e8e293c32e4536d813ddd793b1d2d525	main	2026-09-26T12:18:41Z	2086147	1957809	8452	8359	0	93	0	8447	449	0	0	1	112→8111
36241107250	10905699649	e35e84d019c477c3990c12b8cf2526ac19517055	scrum-1095-waitingfor-no-inventado	2026-09-26T12:20:00Z	2087176	1958847	8455	8362	0	93	0	8450	449	0	0	1	112→8114
36241116592	10906525404	a07cce85369cc39da9e7c98f01f2c1ab90daa29e	scrum-1091-guard-cwd-posix	2026-09-26T12:17:14Z	2092063	1963744	8459	8364	2	93	0	8454	449	0	0	1	112→8118
36241322291	10906355372	d05d9aa60dfbc68f8ea1b794c393b7cb114e0930	scrum-938-arregla-censo-lista-fixture	2026-09-26T12:22:42Z	2112753	1970921	8460	8354	13	93	0	8455	449	0	7	1	112→8119
36241611216	10906246184	c3031d8929b268ed37a13b7674f81785aa61a9ed	main	2026-09-26T12:33:30Z	2088453	1958807	8460	8367	0	93	0	8455	454	0	0	1	112→8114
36241693802	10906815794	e5f3de2f001fde9c5f22ff3012671eeccda3c89e	scrum-1152-generador-ancla	2026-09-26T12:29:09Z	2103036	1963698	8477	8381	3	93	0	8472	454	0	2	1	112→8131
36241908378	10905833591	ef8910910a626455c94054de1a87cfebbbc262d0	scrum-1147-resumen-trimestre-del-servidor	2026-09-26T12:34:37Z	2089385	1959566	8464	8371	0	93	0	8459	454	0	0	1	112→8118
36241989268	10905977581	a04164c0ff182063d0f3e92e0416f0b74468ebf5	scrum-1091-guard-cwd-posix	2026-09-26T12:35:02Z	2103221	1973570	8468	8365	6	97	0	8463	454	0	0	1	112→8122
36242252212	10906272654	a0f454f3b327fce56a7297a469e808522c6f7b01	scrum-1093-quotenumber-zona-merchant	2026-09-26T12:41:02Z	2087031	1957379	8453	8360	0	93	0	8448	454	0	0	1	112→8107
36242265804	10906187723	b7ba3f1a17b12f2db57b852e1204b44ddd64aa57	scrum-938-arregla-censo-lista-fixture	2026-09-26T12:42:37Z	2089704	1960056	8465	8372	0	93	0	8460	454	0	0	1	112→8119
36242329649	10906836806	4198016909295cc4c684343257117f362b1ed623	scrum-904-checklist-completar-honesto	2026-09-26T12:42:09Z	2089766	1960122	8462	8368	1	93	0	8457	454	0	0	1	112→8116
36242361627	10906516891	056d757bf3dbddd91115eec05245e79e1fb800db	main	2026-09-26T12:49:53Z	2089378	1959555	8464	8371	0	93	0	8459	454	0	0	1	112→8118
36242493795	10906501797	333c2ce619d34e17486cf9d3253c6e51d2f4f8f2	scrum-1152-generador-ancla	2026-09-26T12:48:29Z	2095214	1965396	8486	8392	0	94	0	8481	454	0	0	1	112→8140
36242710708	10906985302	727d935bd1dc94dcaea8132ac17680bb9d5fdc82	scrum-1093d-aviso-registro-compartido	2026-09-26T12:51:33Z	2090616	1960813	8468	8375	0	93	0	8463	454	0	0	1	112→8122
36242743804	10906673335	0c28123ff97ada41d71328b10b4db5aebf178a6b	scrum-774b-arbol-mio-en-el-paso-0	2026-09-26T12:55:46Z	2089602	1959805	8464	8371	0	93	0	8459	454	0	0	1	112→8118
36242806503	10906975389	a73b51251c5ee7ad400cda0dc11489b740334121	scrum-1091-guard-cwd-posix	2026-09-26T12:50:55Z	997359	0							4141	0	1	1	-
36242930389	10906054150	b64d5ef1f6f9c3ab0c2dd49534b1861168b77af1	scrum-1148-tactil-presupuesto	2026-09-26T12:56:21Z	2092589	1962766	8473	8380	0	93	0	8468	454	0	0	1	112→8127
36242991318	10906688620	cb229c98656055affa3bbd58518cd8421e45004d	scrum-1100-meta-guard-ciego-no-mudo	2026-09-26T12:59:16Z	2092720	1962920	8475	8382	0	93	0	8470	454	0	0	1	112→8129
36243201410	10906298936	7f39dbcd27cb26e72e041ece9a04fc788ff43244	scrum-1091-guard-cwd-posix	2026-09-26T12:56:56Z	2101387	1971618	8503	8404	1	98	0	8498	454	0	0	1	112→8157
36243233829	10906279633	cc4780022f154b5c2884d0223b501f24f19abc9f	scrum-940c-arregla-ancla-rota	2026-09-26T13:04:32Z	2097767	1967946	8495	8401	0	94	0	8490	454	0	0	1	112→8149
36243253008	10906976207	17a23d3e814b6f3fcd2b9c6124f610f688b8fbe1	scrum-1151-conteo-no-deducible	2026-09-26T13:01:34Z	2098658	1968841	8498	8404	0	94	0	8493	454	0	0	1	112→8152
36243261600	10906809240	c5dd40fbd61f275c736f535d0afb2b4cdf6a5808	main	2026-09-26T13:09:28Z	2097706	1967902	8495	8401	0	94	0	8490	454	0	0	1	112→8149
36243276566	10906174787	0a793246aaeb891df2cb733ffc268c0b8f50c1e2	scrum-904-checklist-completar-honesto	2026-09-26T13:07:00Z	2092257	1968425	8470	8376	0	94	0	8465	427	0	0	1	112→8151
36243526152	10906854257	3edfa0b0f5017b1da53986bc710b316e34f557d0	scrum-989-mapa-tecnicos-investigacion	2026-09-26T13:12:03Z	2096294	1966473	8489	8395	0	94	0	8484	454	0	0	1	112→8143
36243552100	10907440034	8951398e4d5c456eeae60db08487dcffd58d2302	scrum-1123-verificado-servidor-falso	2026-09-26T13:15:30Z	2101680	1971872	8509	8415	0	94	0	8504	454	0	0	1	112→8163
36243789625	10906368591	92c69aced29d0e255526beeed850d39917598b12	scrum-1091-guard-cwd-posix	2026-09-26T13:17:10Z	2101405	1971593	8505	8407	0	98	0	8500	454	0	0	1	112→8159
36243801473	10907435074	9f625c0315d7086c493f517bdd6731f9603d9798	scrum-631-reactivar-nombre-cogido	2026-09-26T13:16:22Z	2127541	1984088	8497	8387	16	94	0	8492	454	0	7	1	112→8151
36244188569	10907295705	808f7be0753f069c4d8d602772c1f71d19a49746	scrum-alter-listo-529-1072-1146	2026-09-26T13:18:16Z	2099461	1969697	8502	8408	0	94	0	8497	454	0	0	1	112→8156
36244493722	10907570331	4c77eec1e7f67b018b49be606216c0c8f9ce7851	scrum-1153-censo-entorno-prestado	2026-09-26T13:24:16Z	2102142	1972319	8511	8417	0	94	0	8506	454	0	0	1	112→8165
36244739465	10907620563	cbb85e0294392c2fc25961e1c817b67e6f0604fb	main	2026-09-26T13:28:01Z	2106055	1976221	8524	8426	0	98	0	8519	454	0	0	1	112→8178
36245075781	10906844501	ef07945b3adc00de4d6009db3021188d4b8219be	main	2026-09-26T13:39:44Z	2108572	1978774	8533	8435	0	98	0	8528	454	0	0	1	112→8187
36245155932	10907456592	7e50b9376141d40e0ab05ed95d3dca39077991b1	scrum-1155-alta-gastos-rediseno	2026-09-26T13:33:29Z	2121836	1992016	8544	8441	5	98	0	8539	454	0	0	1	112→8198
36245278171	10907655990	f3902e0e70013f9b03ab7a6f380467e34c3772f2	scrum-930-alter-descuento-plantilla	2026-09-26T13:34:10Z	2107605	1977842	8533	8435	0	98	0	8528	454	0	0	1	112→8187
36245300965	10907491494	ac2eb5d5e721f3cd8cb013e957506393d8469fa3	scrum-631-reactivar-nombre-cogido	2026-09-26T13:34:10Z	1630303	0							6612	5	0	1	-
36245441390	10907312332	9f2bd1459508776e19503163072e1b3563d67ffa	scrum-1153b-scrum750-env-explicito	2026-09-26T13:38:02Z	2109747	1979940	8533	8434	1	98	0	8528	454	0	0	1	112→8187
36245543818	10907552005	815cd7178e38f722b0f43f167ea60cb4353e184e	scrum-631-reactivar-nombre-cogido	2026-09-26T13:42:44Z	2107137	1977332	8533	8435	0	98	0	8528	454	0	0	1	112→8187
36245856046	10908055192	73ede15825498596935e6a9c71ff198338eaffc9	scrum-1093e-declara-retirada-zona	2026-09-26T13:44:57Z	2108014	1978248	8533	8435	0	98	0	8528	454	0	0	1	112→8187
36245921357	10907407827	65b5b498d682810e250ae483ddba7787841d7dc0	scrum-999-cuota-antes-de-lanzar	2026-09-26T13:45:54Z	2145670	2001855	8537	8421	18	98	0	8532	454	0	7	1	112→8191
36245981371	10908165483	bbc91b408eb8ca77c4806ebf3bffd2b83ab9ac67	scrum-1100c-el-resumen-explica-el-corte	2026-09-26T13:49:51Z	2140028	1995930	8533	8419	16	98	0	8528	454	0	7	1	112→8187
36246236356	10907712107	37bda5dbc6991cc33a54ee7248020be30d2f977f	main	2026-09-26T13:51:52Z	2106857	1977091	8533	8435	0	98	0	8528	454	0	0	1	112→8187
36329795850	10935372766	58e77e6a70df2cdcc12797ce5dce5a9dfe45758d	scrum-1153b-scrum750-env-explicito	2026-09-27T15:37:27Z	2108271	1978458	8533	8434	1	98	0	8528	454	0	0	1	112→8187
36329800919	10935097772	d5a5b9b915586cd665e41b5f06e9ffe1cf850aec	scrum-999-cuota-antes-de-lanzar	2026-09-27T15:37:23Z	2142938	1999096	8532	8417	18	97	0	8527	454	0	7	1	112→8186
36329803177	10935332885	298b08eb16a462be5b75256ebf93203ced6a720e	scrum-1100c-el-resumen-explica-el-corte	2026-09-27T15:36:22Z	2135969	1991916	8524	8410	16	98	0	8519	454	0	7	1	112→8178
36329807785	10935502167	18a3b0166493c0305dcd4acff3ff3ef6829c0cac	scrum-1155-alta-gastos-rediseno	2026-09-27T15:37:51Z	2120395	1990585	8544	8441	5	98	0	8539	454	0	0	1	112→8198
36330795320	10935004315	1126abd70983a577f93847e0a095e2f8b64b1a5d	scrum-1160-cobrar-ahora-modo-recibo	2026-09-27T15:55:09Z	2112260	1982446	8549	8451	0	98	0	8544	454	0	0	1	112→8203
36330911371	10935847208	4676ab909e005ba2013d9395473e374e30fc7cf7	scrum-1153b-scrum750-env-explicito	2026-09-27T15:53:12Z	1521969	0							6090	0	9	1	-
36331037313	10935593804	2d0ec6dc8a2411372cc3734d7c4e71026b5ae455	scrum-1100c-el-resumen-explica-el-corte	2026-09-27T15:59:48Z	2107193	1977378	8533	8435	0	98	0	8528	454	0	0	1	112→8187
36331074488	10935832795	4882bf82f0080bacb5d208569f7d9661c8551806	scrum-999-cuota-antes-de-lanzar	2026-09-27T15:59:56Z	2106672	1976854	8532	8434	0	98	0	8527	454	0	0	1	112→8186
36331170617	10935728438	5ff01fea781394772104d96f42389929b6e0b0ee	scrum-1153b-scrum750-env-explicito	2026-09-27T16:01:49Z	2098039	1977593	8490	8392	0	98	0	8485	411	0	0	1	112→8187
36331314638	10934909883	a399c71be2709abafaed10ee7a2af18b6e486a31	main	2026-09-27T16:01:13Z	2095968	1975204	8484	8386	0	98	0	8479	413	0	0	1	112→8179
36331514849	10936480331	f0ff43dfac58d6149e78648dc02b612cfab6a2ee	scrum-1093f-albaran-zona	2026-09-27T16:07:41Z	2112976	1983159	8552	8454	0	98	0	8547	454	0	0	1	112→8206
36331703927	10936245541	25778815b0ddb28fa1e752f59d157f71e5c7b580	scrum-914-equipos-alter	2026-09-27T16:10:23Z	2105965	1983115	8522	8424	0	98	0	8517	423	0	0	1	112→8207
36331907518	10935849076	4c4be0f9e4fb257fbc1833362b89071036d15a15	scrum-1148-tactil-plantillas	2026-09-27T16:13:52Z	2113277	1983460	8553	8455	0	98	0	8548	454	0	0	1	112→8207
36332085204	10936760436	e264c23476ec7f69a96365f57f3e19dfd4a752c8	main	2026-09-27T16:16:22Z	2110509	1980740	8542	8444	0	98	0	8537	454	0	0	1	112→8196
36332154663	10936620300	5cb43c1cc7fbe2b4656ca1c1f7cc08c09c7ce2b9	scrum-1093g-parte-zona	2026-09-27T16:17:11Z	2114360	1984551	8558	8460	0	98	0	8553	454	0	0	1	112→8212
36332338065	10936027542	4b135681dc4722e775599b1e15039ad23802efd9	scrum-1155-alta-gastos-rediseno	2026-09-27T16:20:40Z	2116579	1986769	8567	8469	0	98	0	8562	454	0	0	1	112→8221
36332527598	10936880716	9d502169a61924cd3918357e1f0b3df4c2ec5cfc	scrum-1166-quote-tiene-numero	2026-09-27T16:23:47Z	2115718	1985893	8562	8464	0	98	0	8557	454	0	0	1	112→8216
36332637911	10936501960	cbc8acee18ddf337004762b86e2f1e8d693b7529	scrum-1056-volver-a-llamar-alter	2026-09-27T16:24:10Z	2113908	1984120	8556	8458	0	98	0	8551	454	0	0	1	112→8210
36332901463	10936311887	f9d6379b91584da925445df4af60f3bdda44a224	main	2026-09-27T16:32:29Z	2113683	1983868	8553	8455	0	98	0	8548	454	0	0	1	112→8207
36332928278	10936241902	89a3ad979c154889d71fa0b994ccdddf1102ca7b	scrum-1167-borrar-proveedor-44	2026-09-27T16:30:00Z	2118678	1988858	8575	8477	0	98	0	8570	454	0	0	1	112→8229
36333285850	10935914707	b02fe3efe1544b4b9f12aa9be5a1856305e668ea	scrum-1155c-registro-merge	2026-09-27T16:34:11Z	2117792	1988012	8572	8474	0	98	0	8567	454	0	0	1	112→8226
36333348465	10936772142	9a897b0b57322a2c86d48249ac16ea77fdc87c81	scrum-1169-linea-tiempo-modo-recibo	2026-09-27T16:34:41Z	2115602	1990005	8562	8464	0	98	0	8557	435	0	0	1	112→8235
36333766133	10936079740	0af96be9c111d37aa9b1c3067fc23befbebe2f8e	main	2026-09-27T16:47:00Z	2121530	1991708	8586	8488	0	98	0	8581	454	0	0	1	112→8240
36333883438	10937012112	3283086cb2b7e8c6fe4a9f65f3050568eae1257c	scrum-1170-seccion-facturas-modo-recibo	2026-09-27T16:45:21Z	2123187	1993366	8593	8495	0	98	0	8588	454	0	0	1	112→8247
36334062123	10937007450	f46372b6654ff7ec1b4a6c8973f5a176c160adf8	scrum-1093h-censo-guard-fecha-zona	2026-09-27T16:47:16Z	2127706	1997886	8603	8504	1	98	0	8598	454	0	0	1	112→8257
36334417172	10936634625	63e33e92c5c7f1f535513e7a52b7126707a34247	main	2026-09-27T16:59:45Z	2124344	1994531	8593	8494	1	98	0	8588	454	0	0	1	112→8247
36334654923	10937325148	0c0385284877db3eacdf89cbff50d2ac7767b9e4	scrum-1176-s0-abre-no-cierra	2026-09-27T16:57:36Z	2123416	1993591	8593	8495	0	98	0	8588	454	0	0	1	112→8247
36334674306	10936089025	570085a97e8184225d5d9f50273e1bc70452890a	scrum-1163-whatsapp-cliente-solo-movil	2026-09-27T16:58:20Z	2123110	1993298	8593	8495	0	98	0	8588	454	0	0	1	112→8247
36334698774	10936584700	e802fe78fe32e1fe915a48eae190313e299c0ebc	scrum-1155d-proveedor-nombre	2026-09-27T16:58:40Z	2124792	1994980	8599	8501	0	98	0	8594	454	0	0	1	112→8253
36334876809	10936143901	de0ff2177862a4d34c7518d40b5ed9b85e1ee025	scrum-1175-parte-horas-selector	2026-09-27T17:01:11Z	2132122	1998198	8600	8499	3	98	0	8595	453	0	2	1	112→8255
36335229839	10937277097	f888a039731b376fae68cda1c065699d6565725a	main	2026-09-27T17:13:33Z	2121883	1992073	8588	8490	0	98	0	8583	454	0	0	1	112→8242
36335352422	10936648814	866644a0dc281bd6c0116ea9818cd803d28bf365	scrum-1093h-censo-guard-fecha-zona	2026-09-27T17:09:51Z	2130005	2000189	8618	8520	0	98	0	8613	454	0	0	1	112→8272
36335532691	10937625321	1bd06413441cc0c8ab959f6d822fe09b43db6b1a	scrum-1172-botones-cobro-44	2026-09-27T17:11:47Z	2126685	1996883	8606	8508	0	98	0	8601	454	0	0	1	112→8260
36335644631	10937162253	b129c7a4581f0057750107c8bc4f3f6879b142b2	scrum-1175-parte-horas-selector	2026-09-27T17:07:26Z	35603	0							153	0	0	1	-
36335736680	10937074460	4fb6d376680da7eac2703a6e22c6502365c5c4d7	scrum-1175-parte-horas-selector	2026-09-27T17:14:34Z	2120212	1995585	8577	8479	0	98	0	8572	431	0	0	1	112→8254
36336215768	10937377697	f0eac753c14885d78b754fdd578579e2b80223e2	main	2026-09-27T17:28:19Z	2132760	2002933	8630	8532	0	98	0	8625	454	0	0	1	112→8284
36336296102	10937671191	d53125f372c39ecd90669987f31890d7566c016d	scrum-1174-textos-del-presupuesto	2026-09-27T17:23:18Z	2136887	2007072	8634	8533	3	98	0	8629	454	0	0	1	112→8288
36336384330	10937457049	3337547945c644c4a2e8401d103aa5539cafc05c	scrum-1175-parte-firmas-en-su-paso	2026-09-27T17:23:47Z	2129553	2002382	8618	8520	0	98	0	8613	443	0	0	1	112→8283
36336787101	10938056434	0a10475c144763982b7b9d535bbaa14718843ee8	main	2026-09-27T17:42:14Z	2134247	2004442	8634	8536	0	98	0	8629	454	0	0	1	112→8288
36337120218	10937971236	3bc6bf6b622480181a1c7eb80e960f0a57e52155	scrum-1185-trinquete-sin-consumir	2026-09-27T17:37:55Z	2137752	2007945	8644	8546	0	98	0	8639	454	0	0	1	112→8298
36337141231	10938016084	1920b6b1c9f0c116f18c1dd5e968936d1a32b0b3	scrum-1174-textos-del-presupuesto	2026-09-27T17:37:01Z	2134863	2005085	8638	8540	0	98	0	8633	454	0	0	1	112→8292
36337548690	10937872741	473a128a2d686d19de357350df2bbfcab46b4421	scrum-1187-quote-textos-doc	2026-09-27T17:43:07Z	2134598	2004807	8637	8539	0	98	0	8632	454	0	0	1	112→8291
36337946948	10937529200	9a24dcd142583e5a1fd9890f55b543834c21ed41	scrum-1186-textos-al-duplicar-y-borrador	2026-09-27T17:49:18Z	2140373	2010596	8655	8557	0	98	0	8650	454	0	0	1	112→8309
36337996102	10938555152	95cd703f7bd502e62679d0c1a63209ae581ffd57	main	2026-09-27T17:54:25Z	2140186	2010387	8646	8547	1	98	0	8641	454	0	0	1	112→8300
36338400250	10938505931	a175fc428091b52bf352eb6ed94db7dd0a536b31	scrum-993-entregar-firmar	2026-09-27T17:55:35Z	2144250	2012650	8665	8566	1	98	0	8660	461	0	0	1	112→8312
36338413437	10938411658	a4fc2da8435d1ea920d53cf072c1c652e222250e	scrum-1171-trabajo-numero-whatsapp	2026-09-27T17:57:36Z	2135264	2010636	8632	8534	0	98	0	8627	431	0	0	1	112→8309
36338850704	10938740421	3594c34e2a13d44ac49b3c97d191ae8529ae7d96	scrum-1184-ventana-firma-alter	2026-09-27T18:04:47Z	2133769	2011234	8626	8528	0	98	0	8621	422	0	0	1	112→8312
36338872828	10937923484	8f68b3e5f28c846868207e67db05420e82a20ff3	main	2026-09-27T18:11:11Z	2142001	2012190	8660	8562	0	98	0	8655	454	0	0	1	112→8314
36338913529	10937987664	404a580eb02aa45a849aa15b8be5865a2df603c0	scrum-1175-parte-datos-plegados	2026-09-27T18:00:03Z	92967	0							381	0	0	1	-
36338977347	10938795571	7d9ce611c6c4b840e0e1bb98c434be2a70ef1a07	scrum-1175-parte-datos-plegados	2026-09-27T18:08:49Z	2141395	2011429	8659	8561	0	98	0	8654	454	0	0	1	112→8313
36339175721	10938815820	247b3e67778e52d99711b803104932328873745e	scrum-1172-guard-ficha-trabajo	2026-09-27T18:11:30Z	2141970	2012144	8660	8562	0	98	0	8655	454	0	0	1	112→8314
36339227714	10939025223	8c0ede75213071954c342e3a819ad76b000f2a8d	scrum-993-entregar-firmar	2026-09-27T18:16:25Z	2144170	2012535	8667	8569	0	98	0	8662	461	0	0	1	112→8314
36340047517	10938213855	7ba1ad5f2a87e7752894f790a5256b20a65f9ed5	main	2026-09-27T18:24:12Z	2143805	2012027	8668	8570	0	98	0	8663	461	0	0	1	112→8315
36430869593	10973941821	6b911b8e456cd2bc073db79301071df63dc4de2e	scrum-1129-tabla-clave-regimen	2026-09-28T13:52:43Z	2144789	2013559	8670	8572	0	98	0	8665	458	0	0	1	112→8320
36431284988	10974790150	bb3319ec020ee8467562e14988bb31e0534a003e	scrum-1162-onboarding-paso2	2026-09-28T13:57:31Z	2146677	2014868	8677	8579	0	98	0	8672	461	0	0	1	112→8324
36431364677	10974352766	4426a0e69ff8469bf27608b5db7bbb4560bb1073	scrum-1161-alta-cliente-sin-correo	2026-09-28T13:58:11Z	2146968	2015174	8678	8580	0	98	0	8673	461	0	0	1	112→8325
36431866495	10974427557	3d5f04fdeaf65056e7fab065387c8277e789d0e5	scrum-1168-anio-serie-zona-merchant	2026-09-28T14:02:14Z	2149537	2017730	8688	8590	0	98	0	8683	461	0	0	1	112→8335
36432073469	10973883726	dedc9292d6c139261d6e5969b42ca62842a6abdc	main	2026-09-28T14:04:00Z	2145945	2014138	8674	8576	0	98	0	8669	461	0	0	1	112→8321
36432315544	10974348890	71a9fd8eb7f9ed142cc707b297cee69d30a7cd05	scrum-1199-microcopy-alta-cliente	2026-09-28T14:05:55Z	2145133	2013355	8671	8573	0	98	0	8666	461	0	0	1	112→8318
36432651216	10974626633	956d7ad379936ea2cfa18300c7b6979c759340ca	scrum-1201-retirar-tramo-muerto	2026-09-28T14:09:04Z	2146895	2015090	8678	8580	0	98	0	8673	461	0	0	1	112→8325
36432675344	10974936040	4916f377b02c6664147aae3dd74bd4c065a447ee	scrum-1197-enum-en-aplicador-dev	2026-09-28T14:09:08Z	2146898	2015077	8679	8581	0	98	0	8674	461	0	0	1	112→8326
36433226257	10975045786	1ee719faa15f06ec0ec1fc78881d9cb15745560e	scrum-1188-plantilla-guarda-cobro	2026-09-28T14:10:18Z	2146820	2020197	8669	8570	1	98	0	8664	438	0	0	1	112→8339
36433519012	10974508620	3a7529131dc5e06a6044287a0cc3c88d60232c4c	main	2026-09-28T14:18:11Z	2151266	2019476	8695	8597	0	98	0	8690	461	0	0	1	112→8342
36433962378	10976630054	29b492b0c2f246941e5c514d682887c18fd19494	main	2026-09-28T14:36:45Z	2150037	2018252	8691	8593	0	98	0	8686	461	0	0	1	112→8338
36435015759	10975642731	3719ad280ef7d2eeba45cf6ece812b26e816bbb7	scrum-1209-registro-7-alter-dev	2026-09-28T14:27:41Z	2147203	2015401	8673	8575	0	98	0	8668	461	0	0	1	112→8320
36435040197	10974914738	2e2cd5151284f51d01be0b288148123faf3edbaf	scrum-1165-ocultar-verifactu-xml	2026-09-28T14:27:40Z	2153321	2021520	8702	8604	0	98	0	8697	461	0	0	1	112→8349
36435492795	10974779968	3aa1b85cf41e1391d6be6d7b3789f839b3162322	scrum-1188-plantilla-guarda-cobro	2026-09-28T14:27:26Z	2154202	2022447	8701	8602	1	98	0	8696	461	0	0	1	112→8348
36435493489	10976330447	95213d015b623efe48a31d668b3a9d6886b60bfd	scrum-1211-serie-nueva-desde-1	2026-09-28T14:31:06Z	2147895	2017918	8681	8583	0	98	0	8676	453	0	0	1	112→8336
36435525839	10976066148	ca13b01276e396aa869cffcdaae43c8861fb7c86	scrum-1202-cerrar-accept-sin-firma	2026-09-28T14:32:12Z	2153248	2021453	8703	8605	0	98	0	8698	461	0	0	1	112→8350
36436004407	10975274791	8c8dff6aad65b705235e66d18b0f6336e10eb50f	scrum-1157-censo-convenio-microcopy	2026-09-28T14:37:03Z	2154284	2022480	8708	8610	0	98	0	8703	461	0	0	1	112→8355
36436573779	10975354151	0b4bf5903f743f52ac881dbe46381e9aee811555	scrum-1213-tenencia-quoteadmin-y-sin-consumir	2026-09-28T14:34:40Z	446244	0							1739	0	0	1	-
36436610650	10976855793	39497e0f9c1f86f60ddd7f1559ae0fb630da68ff	scrum-1191-tope-cola-firmas	2026-09-28T14:43:40Z	2155787	2023981	8711	8613	0	98	0	8706	461	0	0	1	112→8358
36436723894	10975469723	59c5a76c09dbbbb289ad0e9a2c98620b2fd31c36	scrum-1204-scrum910d-tier-up-wasm	2026-09-28T14:37:26Z	260296	0							1053	0	0	1	-
36436913689	10976466328	44bf4251ab8767e2cb1418d804cd73f778b908f2	scrum-1213-tenencia-quoteadmin-y-sin-consumir	2026-09-28T14:38:43Z	761582	0							3101	0	0	1	-
36437146051	10976725084	60b45952df7472d175c25158fe184629be894e33	scrum-993-sin-numero-no-se-ofrece	2026-09-28T14:37:50Z	275805	0							1115	0	0	1	-
36437208578	10976208993	305d5c4f36fa97324ea63f7a0a5ebc18df4d6519	scrum-1204-scrum910d-tier-up-wasm	2026-09-28T14:48:22Z	2168222	2036421	8707	8608	1	98	0	8702	461	0	0	1	112→8354
36437379781	10976957206	cd78b8264d042dc01afe1ee714b002278f25e0a1	main	2026-09-28T14:52:51Z	2155603	2023822	8713	8615	0	98	0	8708	461	0	0	1	112→8360
36437381265	10976696823	d13a28a813a4e8a2cab1497175b51fc7646d1f6d	scrum-993-sin-numero-no-se-ofrece	2026-09-28T14:47:26Z	2157725	2024780	8721	8623	0	98	0	8716	465	0	0	1	112→8364
36437435720	10976841613	fcef60cdc08668598a19b56bca30cd6e1777e143	scrum-1213-tenencia-quoteadmin-y-sin-consumir	2026-09-28T14:47:57Z	2158314	2026515	8723	8625	0	98	0	8718	461	0	0	1	112→8370
36437945149	10976702906	2ee6c5ca734d7f635c74221879770de016861c67	scrum-1212-sin-emitir-factura-en-recibo	2026-09-28T14:52:35Z	2157532	2025723	8720	8622	0	98	0	8715	461	0	0	1	112→8367
36437950738	10976782519	9c71b91004c4ae5412a814fc1e885195f8eacad9	scrum-1188-plantilla-guarda-cobro	2026-09-28T14:53:08Z	2158363	2026562	8722	8624	0	98	0	8717	461	0	0	1	112→8369
36438140653	10977341318	dc09103c880990303c0c335a8426eed6afbc573a	scrum-1191-tope-cola-firmas	2026-09-28T14:57:15Z	2159043	2027223	8726	8628	0	98	0	8721	461	0	0	1	112→8373
36438739576	10978990840	ef73238e550d79cf1bd1c41aaa24bdd53fbe1884	scrum-1214-apretar-clasificador-sql	2026-09-28T15:10:39Z	2162401	2026417	8723	8623	2	98	0	8718	461	0	2	1	112→8370
36438783362	10978461015	391a4c7f4fb1b02112c26acb3e717a7f28a05e43	scrum-1188-aviso-plan-personalizado	2026-09-28T15:04:12Z	2159262	2027308	8722	8623	1	98	0	8717	461	0	0	1	112→8369
36438794916	10979490367	147225d2e6646c2b59f745645288be193a08ca5f	scrum-1221-banco-vistas-fallo-visible	2026-09-28T15:09:24Z	2152181	2019282	8702	8604	0	98	0	8697	465	0	0	1	112→8345
36438849872	10978646156	f7cf071fb3dae896ed3f1a5629c0fa57430af9d2	scrum-1164-ocultar-en-receipt-panel	2026-09-28T15:05:40Z	2160063	2026929	8728	8630	0	98	0	8723	465	0	0	1	112→8371
36439107373	10978010121	fd9ffe38c87c354654dde48def0aa796cd794c6b	scrum-1216a-serie-nueva-sin-promesa	2026-09-28T15:02:11Z	2159279	2026217	8727	8629	0	98	0	8722	465	0	0	1	112→8370
36439416778	10978788665	a59dc1e692bae683d2d035fe52534b5589d0c7b3	main	2026-09-28T15:23:43Z	2156100	2023140	8707	8609	0	98	0	8702	465	0	0	1	112→8350
36439580860	10977807427	ebd962f3acb0364d262935f4b03fe974aaa7da48	scrum-1222-sesion-panel	2026-09-28T15:03:06Z	2167853	2034922	8745	8645	2	98	0	8740	465	0	0	1	112→8388
36439714455	10979510939	7c2bd6bc87fabb635e3581a0b0adad3e59feeea9	scrum-1205-cobrar-resto-lista-modo	2026-09-28T15:12:16Z	2165317	2032370	8741	8642	1	98	0	8736	465	0	0	1	112→8384
36440393270	10980400159	198eada08750a4e7a81613845cad01f44a6e961c	scrum-1193-mas-acciones-44	2026-09-28T15:32:43Z	2163844	2030898	8742	8644	0	98	0	8737	465	0	0	1	112→8385
36440442094	10978302896	f41dcdbeed7e1311b547932e6f3e870fb6b31dd3	scrum-1191-tope-cola-firmas	2026-09-28T15:14:24Z	2164554	2031600	8745	8647	0	98	0	8740	465	0	0	1	112→8388
36440681665	10980836572	7ede36fb0f0da523aed1dfd697a7dd273a212917	scrum-1164-ocultar-en-receipt-inicio-planes	2026-09-28T15:41:56Z	2166169	2032530	8750	8652	0	98	0	8745	465	0	0	1	112→8393
36440779269	10978332918	778760b0903a67f388fa49ff64193950b370a172	scrum-1212b-correo-ha-aceptado	2026-09-28T15:14:40Z	2164113	2031020	8744	8646	0	98	0	8739	465	0	0	1	112→8387
36440826861	10979985113	647c5f516726ddc9ed1b0d5a9600bcb2894abb66	scrum-1219-plantilla-sin-condiciones	2026-09-28T15:27:43Z	2164350	2031243	8745	8647	0	98	0	8740	465	0	0	1	112→8388
36440866825	10978683183	dc4444c039670581b2dd2ffd7d57d12701ebe7b9	scrum-1216b-arranque-de-serie-dev	2026-09-28T15:17:44Z	2163734	2030635	8741	8643	0	98	0	8736	465	0	0	1	112→8384
36440917650	10980636181	b1a801a9b152d7b7f83939d6e79f83b935b6f3b2	scrum-653-textos-firma-sin-coletilla	2026-09-28T15:38:25Z	2165299	2031494	8745	8647	0	98	0	8740	465	0	0	1	112→8388
36441222580	10979727231	336a2a26429385b81249679bb038ae92ff189e97	scrum-1204-scrum910d-tier-up-wasm	2026-09-28T15:38:49Z	2165272	2031988	8748	8650	0	98	0	8743	465	0	0	1	112→8391
36441321886	10981796406	74aec4a18bc247bcf4214bc72f58e7933724a32e	scrum-1224-alter-mixto-aplicador-dev	2026-09-28T16:05:02Z	2166354	2033063	8751	8653	0	98	0	8746	465	0	0	1	112→8394
36441480796	10979770055	2df2a0bfb668296ec5589d7697ba7614102431e3	scrum-1225-probar-sif-client-sin-certificado	2026-09-28T15:26:03Z	2160954	2031517	8730	8632	0	98	0	8725	448	0	0	1	112→8390
36441496308	10980045808	08c058c0083c31c0f8790d3fe25741fdb1264fc3	scrum-1179-citas-que-no-corren	2026-09-28T15:31:28Z	2164869	2032749	8746	8648	0	98	0	8741	460	0	0	1	112→8394
36442000338	10979851266	637b7c2f48936bbf8408a454f9c6c578230bfe91	scrum-1228-302-como-sin-respuesta	2026-09-28T15:33:24Z	2166412	2033131	8751	8653	0	98	0	8746	465	0	0	1	112→8394
36442019502	10978893322	8ddea271504c412a391c2a573f91a17184d1857d	scrum-1227-perfil-devuelve-lo-que-guarda	2026-09-28T15:22:26Z	2167752	2034501	8750	8651	1	98	0	8745	465	0	0	1	112→8393
36442328364	10982605202	a00aac73986400cc49e9ef5efffe17db44b86368	scrum-1216b-numero-de-arranque	2026-09-28T16:08:10Z	2174387	2041099	8783	8685	0	98	0	8778	465	0	0	1	112→8426
36442513257	10980614656	18002076269e968b025ea164777e0717e22d6ff2	scrum-1222-sesion-panel	2026-09-28T15:56:03Z	2170674	2037396	8769	8671	0	98	0	8764	465	0	0	1	112→8412
36442839912	10982267636	1192115512746b5b2fcb5723f037553357a8a8ef	scrum-1188-aviso-plan-personalizado	2026-09-28T16:14:22Z	2169358	2035926	8763	8665	0	98	0	8758	465	0	0	1	112→8406
36443056575	10980672675	a0c9c1b9a2c1c84d2b86915d5056a5e45f088629	scrum-1205-cobrar-resto-lista-modo	2026-09-28T15:46:56Z	2170553	2037264	8768	8670	0	98	0	8763	465	0	0	1	112→8411
36443213663	10980445604	d3927c9e044c53adb95cb9f53b0fdd9ebd4e66e2	scrum-1184-vista-previa-serie	2026-09-28T15:35:18Z	2172091	2038834	8771	8672	1	98	0	8766	465	0	0	1	112→8414
36443408057	10980844637	de4d7f781a0ec254c532353172f088b588256848	scrum-1179-b1-decisiones-encerradas	2026-09-28T15:57:16Z	2169670	2036385	8764	8666	0	98	0	8759	465	0	0	1	112→8407
36443591592	10981580547	fa6065d81f3eb8f4140e9d955d8e624aa8cbb0e8	scrum-1171-whatsapp-en-el-trabajo	2026-09-28T15:59:16Z	2170454	2037175	8767	8669	0	98	0	8762	465	0	0	1	112→8410
36443877649	10982180777	5fa199e148f10173b181200bf92176280bbaaec1	scrum-1214-apretar-clasificador-sql	2026-09-28T16:03:24Z	2171176	2037721	8769	8671	0	98	0	8764	465	0	0	1	112→8412
36443916358	10983055400	452053310e7adbc2856f49634ecdca0d5d2e00d4	scrum-1227-perfil-devuelve-lo-que-guarda	2026-09-28T16:10:30Z	2171023	2037734	8766	8667	1	98	0	8761	465	0	0	1	112→8409
36443970065	10980608800	3d57a7c0eca6dd630bca7391157ca41bd465e642	main	2026-09-28T15:52:16Z	2163862	2037159	8738	8640	0	98	0	8733	436	0	0	1	112→8410
36444205114	10983746685	18e84db32b39c8129fe10323e079e83beedfe6af	scrum-1229-firma-tecnico-viaje	2026-09-28T16:27:00Z	2171214	2037973	8772	8674	0	98	0	8767	465	0	0	1	112→8415
36444255150	10980868730	09fbc9da3605c07fd71b9e55112fe96b910c9bed	scrum-1179-b2-suelos	2026-09-28T15:53:17Z	2193047	2055732	8779	8677	4	98	0	8774	465	0	2	1	112→8422
36444319534	10983508197	06f27842717bedac9beecba544734d064d313c36	scrum-1194-censo-vocabulario-ofrecido	2026-09-28T16:34:01Z	2170027	2036743	8765	8667	0	98	0	8760	465	0	0	1	112→8408
36445255223	10981346888	d99087b5792f00c1cd8ee404a05366cac2bf46e7	scrum-1215-retirar-yafirmado	2026-09-28T16:05:52Z	2168685	2034546	8754	8656	0	98	0	8749	465	0	0	1	112→8397
36445269339	10982420700	e8f13f2ebbc11e9325b4ba1af2fe293e53716ed2	scrum-1157b-aprobado-al-final-de-linea	2026-09-28T16:08:34Z	2175363	2041383	8778	8679	1	98	0	8773	465	0	0	1	112→8421
36445535259	10983751657	e7a201140e5188d29bdcefba4c55ed8581f50bfd	scrum-1179-b3-escritores-arbol	2026-09-28T16:26:48Z	2197861	2059854	8794	8692	4	98	0	8789	465	0	2	1	112→8437
36445648789	10983062692	b983ae4ae7c2b9c5b3b23f5d759b1baec74b3329	scrum-1230-colocar-lineas-dictadas	2026-09-28T16:23:46Z	2177225	2042721	8787	8689	0	98	0	8782	465	0	0	1	112→8430
36445674666	10981009861	5fa7dc2f13ae46aef1d4a48c05b2b5ec0ccbcc8a	scrum-1179-d-herramientas-no-red	2026-09-28T16:00:50Z	2201024	2062483	8804	8702	4	98	0	8799	465	0	2	1	112→8447
36445879391	10983590571	9fb4535b388953bcf04404a6f8b2d2a770084cca	scrum-1184-vista-previa-serie	2026-09-28T16:20:29Z	2169466	2043638	8753	8655	0	98	0	8748	426	0	0	1	112→8435
36446094598	10983468727	805b7231f20cc5c3c1628c4537d536f813fc2632	scrum-1215-lote4-revisiones	2026-09-28T16:39:57Z	2176878	2042385	8787	8689	0	98	0	8782	465	0	0	1	112→8430
36448361065	10983957124	85ab6e246a816fb443dffd23e67e2d77e462ae79	scrum-1234-inter-autoalojada	2026-09-28T16:29:36Z	2184141	2049505	8816	8718	0	98	0	8811	465	0	0	1	112→8459
36448469767	10983283903	ec16ae80890b6bebbc5789130f0301749e4374ae	scrum-1179-e-borrar-escalera-por-estado	2026-09-28T16:37:56Z	2207254	2068540	8828	8726	4	98	0	8823	465	0	2	1	112→8471
36448896714	10983608534	a68e706fc9ee893e8ae89ee6900f183eeac686c5	scrum-1196-censo-terceros-cliente-final	2026-09-28T16:38:46Z	2177631	2042792	8792	8694	0	98	0	8787	465	0	0	1	112→8435
36449882131	10983124569	0fa2140a431df06e942cc58ae6ef920c44a5417c	main	2026-09-28T16:35:34Z	2178075	2048232	8788	8690	0	98	0	8783	442	0	0	1	112→8454
36451654578	10985130185	c686799d71eca7c4fb35a359e72bbfcad74b56f7	scrum-1223-motivos-de-rechazo	2026-09-28T16:46:31Z	2192092	2057080	8844	8746	0	98	0	8839	465	0	0	1	112→8487
36452766440	10984267240	0f19a6121d1a71f0c0ec873911af026a6f6ece0d	scrum-1220-ajustes-justificantes	2026-09-28T16:50:17Z	2190364	2055334	8838	8740	0	98	0	8833	465	0	0	1	112→8481
36452914302	10984870984	19ce792577b1da50f20f7095d22f1418aaf71570	scrum-1157b-aprobado-al-final-de-linea	2026-09-28T16:49:50Z	2190197	2055205	8839	8741	0	98	0	8834	465	0	0	1	112→8482
36453231721	10984387555	c755e07e033b13f354f3874d902640cbea5efcac	scrum-1199-avisos-alta-cliente	2026-09-28T16:53:39Z	2191013	2056032	8841	8743	0	98	0	8836	465	0	0	1	112→8484
36453478179	10984198594	72e196d672830908a46370b3d27c27af658fcdbf	main	2026-09-28T16:59:23Z	2191791	2056776	8844	8746	0	98	0	8839	465	0	0	1	112→8487
36453709606	10984927274	649db38c60d0ff7ac789ad025b39f4493a893302	scrum-1179-b3-escritores-arbol	2026-09-28T16:57:58Z	2195158	2060128	8856	8758	0	98	0	8851	465	0	0	1	112→8499
36453924248	10984744034	42023df3eafedc0935bdd5ad7e87a934d533f2e8	scrum-1129b-de-donde-sale-el-regimen	2026-09-28T17:07:12Z	2192170	2057148	8844	8746	0	98	0	8839	465	0	0	1	112→8487
36454005177	10985048403	71aee0d0865ab903dfbab4a30856609bc2b80acf	scrum-1179-d-herramientas-no-red	2026-09-28T17:04:38Z	2195122	2060120	8857	8759	0	98	0	8852	465	0	0	1	112→8500
36454083815	10985730273	4332772408d144528254a7bc1e4e35fb2e9fa2f1	scrum-1179-e-borrar-escalera-por-estado	2026-09-28T17:09:57Z	2196323	2061294	8860	8762	0	98	0	8855	465	0	0	1	112→8503
36454085944	10985820003	a49af405b572bc178f6a59360cce422b77394445	scrum-1179-b2-suelos	2026-09-28T17:08:46Z	2191293	2056275	8840	8742	0	98	0	8835	465	0	0	1	112→8483
36454360313	10985502348	db94440c3c69e435b5b6237e2cc1ad79e3820cfb	scrum-1220-ajustes-justificantes	2026-09-28T17:03:41Z	2193363	2058334	8849	8751	0	98	0	8844	465	0	0	1	112→8492
36454899158	10985675601	5ab94a0d88c2edae1bb5d9478a833143f00da1b6	scrum-1235-fallo-correo-cobro-visible	2026-09-28T17:11:36Z	2204419	2069396	8871	8771	2	98	0	8866	465	0	0	1	112→8514
36455578311	10986001189	59e4d7d8057ce8f6fd9dcd26c3cea730b67684c0	scrum-1241-etiqueta-f4-texto-publicado	2026-09-28T17:17:07Z	2196564	2061540	8861	8763	0	98	0	8856	465	0	0	1	112→8504
36455926331	10986440704	3429c6a497d2aa6e5be9a874c245cdec61f8f794	main	2026-09-28T17:18:42Z	2196489	2061472	8861	8763	0	98	0	8856	465	0	0	1	112→8504
36456132077	10985617188	469b64462fb4a068ebcf5e7105a0663d3d1b225e	scrum-1239-alta-cliente-sin-conexion	2026-09-28T17:21:01Z	2197561	2062536	8867	8769	0	98	0	8862	465	0	0	1	112→8510
36457602742	10985738603	0afa87cd95645317226f59bc379edae59a7bea44	main	2026-09-28T17:31:27Z	2186526	2055339	8825	8727	0	98	0	8820	448	0	0	1	112→8485
36466769679	10990545884	0a4152e9651bac6c10d3d689bca6c8dee56a9357	scrum-1235-fallo-correo-cobro-visible	2026-09-28T18:47:13Z	2203308	2068289	8879	8780	1	98	0	8874	465	0	0	1	112→8522
36466769679	10994937331	0a4152e9651bac6c10d3d689bca6c8dee56a9357	scrum-1235-fallo-correo-cobro-visible	2026-09-28T20:24:07Z	2201815	2066786	8879	8781	0	98	0	8874	465	0	0	1	112→8522
36466942745	10989944170	9606fb423347f804ad905e2ba1b84c9eeec27918	scrum-1245-glob-entre-comillas	2026-09-28T18:49:44Z	2192150	2062268	8843	8745	0	98	0	8838	442	0	0	1	112→8509
36467043771	10990176470	35a6e1636d1bbef74e366668302bd369ef421a7e	scrum-1196b-propuesta-politica-privacidad	2026-09-28T18:51:07Z	2197878	2062845	8867	8769	0	98	0	8862	465	0	0	1	112→8510
36467057860	10991140008	8897ec7075f479d4b559247df0ab6b9363400594	scrum-1216b-numero-de-arranque	2026-09-28T18:48:37Z	2199186	2068265	8872	8774	0	98	0	8867	447	0	0	1	112→8533
36467176258	10991155274	59a838a3e71a6a7cd12fadfa6787e250ee35108c	scrum-1240-criterio-caja-en-la-norma	2026-09-28T18:50:40Z	2197571	2062563	8867	8769	0	98	0	8862	465	0	0	1	112→8510
36468048224	10991315970	87c87bd4a7876455061aa497bc5fda86311c4d56	main	2026-09-28T18:57:21Z	2192956	2061958	8849	8751	0	98	0	8844	447	0	0	1	112→8510
36468275323	10990553134	2642546cb00892f476ae389f1d6a4c5ea4abcca9	scrum-1228b-permisos-no-reintentan	2026-09-28T19:00:45Z	2203080	2068070	8889	8791	0	98	0	8884	465	0	0	1	112→8532
36468276785	10990353469	9fc563f09719c03c9641d11251060440e3981040	scrum-1245b-guard-patron-entre-comillas	2026-09-28T19:02:03Z	2203645	2070373	8888	8790	0	98	0	8883	457	0	0	1	112→8539
36469498578	10991109624	86108d554ab5057ab58d1b707e0e4731524e4af2	main	2026-09-28T19:13:18Z	2207180	2072148	8905	8807	0	98	0	8900	465	0	0	1	112→8548
36469608403	10991395707	4b7dd59344d22107d2d0ddf2872e887c2ae263c4	scrum-1200-sin-respuesta-no-se-afirma	2026-09-28T19:13:02Z	2209125	2074103	8913	8815	0	98	0	8908	465	0	0	1	112→8556
36470727751	10991772713	7ddab7d83ed9cc6c7c4b18e9d780f641c56fe1a6	main	2026-09-28T19:28:06Z	2209187	2074157	8913	8815	0	98	0	8908	465	0	0	1	112→8556
36476877029	10994520470	09cf7b0655a4bede44a58035481f7b1a5cd21058	scrum-1130-demo-firmado	2026-09-28T20:14:17Z	2215705	2080669	8917	8814	5	98	0	8912	465	0	0	1	112→8560
36476881262	10994345996	66cb1e98fc7b88241b951c9f421155848600f48e	scrum-1246-master-a22-demo	2026-09-28T20:15:46Z	2209098	2074061	8913	8815	0	98	0	8908	465	0	0	1	112→8556
36477906531	10995716011	3569156ee8450d75f3225c1a001c2018f9fd1074	scrum-1247-rotulo-ia-nombra-a-claude	2026-09-28T20:24:37Z	2209239	2074210	8913	8815	0	98	0	8908	465	0	0	1	112→8556
36478040582	10996125469	4ff3d04c0eea48a021a855f235c9bd248642e2f5	scrum-1195-rutas-sin-pantalla-j1	2026-09-28T20:22:43Z	2203708	2068741	8894	8796	0	98	0	8889	465	0	0	1	112→8537
36478099847	10994757149	960c04b973d34cc3606ff8ec366db3a71f1360c0	scrum-1238-vigia-blocked-no-es-muerta	2026-09-28T20:26:03Z	2209148	2074126	8913	8815	0	98	0	8908	465	0	0	1	112→8556
36478113498	10994697255	e5acad15ffbe6ce2bfbbb38b40987519b44b43f6	main	2026-09-28T20:26:12Z	2209346	2074330	8913	8815	0	98	0	8908	465	0	0	1	112→8556
36478551836	10996610540	e3b1f6cb1425635262f52a290996ba11b6b4f01c	scrum-1232b-justificante-en-la-norma	2026-09-28T20:30:43Z	2208952	2073963	8913	8815	0	98	0	8908	465	0	0	1	112→8556
36479839038	10996487757	f20e25d4ae8644a6440e166914355d049bce2017	main	2026-09-28T20:42:55Z	2213160	2078152	8925	8827	0	98	0	8920	465	0	0	1	112→8568
36480581856	10996683272	83640ed20b760cf0a86c00be022184d1299c126d	scrum-1247-rotulo-ia-firmado	2026-09-28T20:47:15Z	2212760	2077720	8922	8824	0	98	0	8917	465	0	0	1	112→8565
36480700251	10995924154	bb101a73d6ea3409c24e5ae68cfdeaad1933d058	scrum-1249-descarga-recibidas	2026-09-28T20:46:36Z	2217963	2082950	8928	8829	1	98	0	8923	465	0	0	1	112→8571
36481753567	10996619916	8a27dd4a85b731faea7f4902295cbec1c64ef870	main	2026-09-28T20:57:46Z	2214654	2079632	8929	8831	0	98	0	8924	465	0	0	1	112→8572
36482046788	10997356064	985c3c28cad9ab7466899c717f0a1c65591d5a88	scrum-1130-demo-firmado	2026-09-28T20:58:06Z	2215084	2080074	8932	8834	0	98	0	8927	465	0	0	1	112→8575
36482588581	10997636582	ddf1c1c21070afec195d887ae411231673ec3266	scrum-1249-descarga-recibidas	2026-09-28T21:03:49Z	2215442	2080431	8926	8828	0	98	0	8921	465	0	0	1	112→8569
36483004720	10997727543	244b30787df5d4b3c54d6592cd0a6b90c6631123	main	2026-09-28T21:10:52Z	2215201	2080203	8933	8835	0	98	0	8928	465	0	0	1	112→8576
36483993420	10997603807	f931aaefe6918bdb6075ea9d7c46ac6bb9132144	scrum-1205b-guard-lista-declara-modo	2026-09-28T21:15:05Z	2212493	2077478	8910	8812	0	98	0	8905	465	0	0	1	112→8553
36484536688	10998656632	f597ee6a30732c25f711c8196f18fd72f554815c	scrum-1232-libro-sin-justificantes	2026-09-28T21:20:18Z	2224939	2089752	8944	8843	3	98	0	8939	465	0	0	1	112→8587
36485004021	10999986053	ee0687fd91c09561a46953f309f8c44310340c58	main	2026-09-28T21:26:00Z	2217476	2082474	8933	8835	0	98	0	8928	465	0	0	1	112→8576
36485418647	10998857477	50024da521736fe32cc7dfd6f92934f779cf429c	scrum-1244-censo-fecha-cabe	2026-09-28T21:27:05Z	2211430	2081580	8907	8809	0	98	0	8902	442	0	0	1	112→8573
36485715035	10999966961	08d1138f9a62231fd9ef8426c78e6c4a11b445bc	scrum-1232-libro-sin-justificantes	2026-09-28T21:31:44Z	2225140	2089950	8945	8844	3	98	0	8940	465	0	0	1	112→8588
36486227919	10999263954	3928cf10720e700b451e0f3eb893ab0743d764e0	main	2026-09-28T21:41:41Z	2218709	2083693	8936	8838	0	98	0	8931	465	0	0	1	112→8579
36486602611	10998579364	c530a691087d7f419c7af82d48dedad13ba20f3e	scrum-1253-quitar-justificante-contra-la-norma	2026-09-28T21:39:54Z	2217148	2083527	8929	8831	0	98	0	8924	459	0	0	1	112→8578
36486618909	11000068161	b8eb67b1b44430c5f971d12a742a826e7670feb7	scrum-1218-disparada-censo-ciego	2026-09-28T21:38:56Z	2218057	2083044	8936	8838	0	98	0	8931	465	0	0	1	112→8579
36487217298	11000133633	2a60c46fa18c8ed6f19e09d7a724e656cd42f4bc	scrum-1244-reaper-segundo-plano	2026-09-28T21:45:22Z	2218769	2083750	8936	8838	0	98	0	8931	465	0	0	1	112→8579
36488235178	11000386343	4fd0b309c265b10d0f376e2fdea856ed99a7d2ba	main	2026-09-28T21:54:52Z	2218331	2083326	8936	8838	0	98	0	8931	465	0	0	1	112→8579
36488764698	11000251973	289d17c7036dc4bf83c66993bac6f2260c91e13c	scrum-825-expediente-nif	2026-09-28T21:59:21Z	2218225	2083213	8936	8838	0	98	0	8931	465	0	0	1	112→8579
36488800248	11000691131	8881e8b9f8502dd814dc7a6674411b737523f172	scrum-1257-vacio-facturas-segun-modo	2026-09-28T21:54:00Z	829541	0							3363	0	0	1	-
36488991981	11000897007	328144a16a9c21c414685acb559513c10220ee32	scrum-1257-vacio-facturas-segun-modo	2026-09-28T22:01:35Z	2217004	2086530	8923	8824	1	98	0	8918	444	0	0	1	112→8587
36489414899	11001117679	06a33a8251b804840e874a1fe78b46091907bffa	scrum-1136-selector-columnas-csv	2026-09-28T22:04:39Z	2221695	2086686	8941	8842	1	98	0	8936	465	0	0	1	112→8584
36489732289	11000728651	d216084a67b1f42e69b829e5829420562873e528	main	2026-09-28T22:09:14Z	2218761	2083732	8936	8838	0	98	0	8931	465	0	0	1	112→8579
36490687701	11001059699	a771d413acb6fcd5c03bf9141e0d75b5dd71c453	scrum-1136-selector-columnas-csv	2026-09-28T22:18:35Z	2219680	2084663	8941	8843	0	98	0	8936	465	0	0	1	112→8584
36490762491	11001600351	f8180aac67666d978b5a30c7d3aa8448a9403d92	scrum-1257-vacio-facturas-segun-modo	2026-09-28T22:19:02Z	2220682	2085477	8944	8846	0	98	0	8939	465	0	0	1	112→8587
36491209892	11000484528	8931af810c514c0a7e4086db4f09b028bab92ab6	scrum-825-retirar-generador-j	2026-09-28T22:19:44Z	2212960	2077987	8909	8810	1	98	0	8904	465	0	0	1	112→8552
36491455402	11002850209	2c8a63961b8f505858c59545464a9ddd35116d9f	scrum-825-d4-notas-master	2026-09-28T22:25:32Z	2218243	2083237	8936	8838	0	98	0	8931	465	0	0	1	112→8579
36491681372	11002221153	0a0f6b79dea0f7f1f07fd69f57d317dffe79b999	main	2026-09-28T22:28:14Z	2220294	2085101	8944	8846	0	98	0	8939	465	0	0	1	112→8587
36491930354	11001851772	558beb5590336a125b4ba7423b40a234a8201f7c	scrum-1232-libro-sin-justificantes	2026-09-28T22:29:21Z	2217212	2087044	8930	8832	0	98	0	8925	442	0	0	1	112→8596
36492117943	11001597611	05ae0236a1846a5226760830229952e2d30aac70	scrum-1259-abierto-con-trabajo-en-main	2026-09-28T22:32:10Z	2225865	2090666	8959	8860	1	98	0	8954	465	0	0	1	112→8602
36492369524	11001882619	c57a330a72e3d27afc40921f6e29dba3e4ad7fa3	scrum-825-panel-sin-justificante	2026-09-28T22:34:16Z	2224861	2089680	8955	8856	1	98	0	8950	465	0	0	1	112→8598
36492622126	11001623375	f57b9fde23b3fcb6e2a0f2c43b2c59488b773958	scrum-825-retirar-generador-j	2026-09-28T22:38:32Z	2221370	2086163	8946	8848	0	98	0	8941	465	0	0	1	112→8589
36492719124	11002112728	bb542f6d590658a6baf01218fcac5d9d3c641075	main	2026-09-28T22:43:10Z	2224380	2089026	8958	8860	0	98	0	8953	465	0	0	1	112→8601
36493799050	11002940138	8abbcc10d023f2720c8e4773b6fcf93e86e2fab7	scrum-1259-abierto-con-trabajo-en-main	2026-09-28T22:47:32Z	2225667	2090342	8965	8867	0	98	0	8960	465	0	0	1	112→8608
36494542868	11003286183	b7880db80707af65480b90ae00c89a3959cef540	main	2026-09-28T22:57:36Z	2224753	2089397	8960	8862	0	98	0	8955	465	0	0	1	112→8603
36494645539	11003410721	c80b2f8453255ace6b89c8667a7a9d4507c92321	scrum-1261-bloque-asesor	2026-09-28T22:58:04Z	2227184	2091837	8965	8866	1	98	0	8960	465	0	0	1	112→8608
36494868159	11002144762	26a3f480acd6b4d9d28067a41a9031b09a6c483d	scrum-1135-etiquetado-masivo-lista	2026-09-28T22:59:28Z	2231288	2095578	8967	8868	1	98	0	8962	465	0	0	1	112→8610
36495119523	11002977673	e6fe11b0b94e4d08082ea264218f0ff6c86231f5	scrum-1133-historial-whatsapp-cliente	2026-09-28T23:03:51Z	2227964	2092602	8973	8875	0	98	0	8968	465	0	0	1	112→8616
36496019643	11003651311	a4e664cd5d130d330a0b391f0f34d0787020179c	main	2026-09-28T23:11:53Z	2220460	2092592	8940	8842	0	98	0	8935	432	0	0	1	112→8616
36496273931	11003194024	6787a7f000cf0e07996d8577fe083392c0830017	scrum-1261-bloque-asesor	2026-09-28T23:14:29Z	2223038	2092812	8944	8845	1	98	0	8939	442	0	0	1	112→8610
36496904219	11003384901	65996e856e302861e5dce91b34eaaafc62d104db	scrum-1261-bloque-asesor	2026-09-28T23:22:31Z	2222615	2087280	8953	8855	0	98	0	8948	465	0	0	1	112→8596
36497716616	11004252286	837a9e5350cc9bd3849df0cfde4fd5ae3404556d	main	2026-09-28T23:32:19Z	2228137	2092801	8973	8875	0	98	0	8968	465	0	0	1	112→8616
36501290501	11005628515	4bf2d2e0c7e386bc53b01da82fd20d99bee01269	scrum-825-panel-sin-justificante	2026-09-29T00:13:50Z	2230024	2094674	8979	8881	0	98	0	8974	465	0	0	1	112→8622
36502072691	11005674349	ba1b096661db77f93aaaf52acdcfd7c9d99db9aa	main	2026-09-29T00:21:36Z	2229577	2094243	8979	8881	0	98	0	8974	465	0	0	1	112→8622
36545904068	11022832521	d03a510e0fd1d416dc44847bc8c02a5eca82c2fe	scrum-1215-lote4-revisiones	2026-09-29T09:05:52Z	2230652	2095302	8982	8884	0	98	0	8977	465	0	0	1	112→8625
36545908571	11021829925	0645344e01634361469dcc3bc1c69f1fdc4b780c	scrum-1227-perfil-devuelve-lo-que-guarda	2026-09-29T09:05:06Z	2225781	2095335	8960	8862	0	98	0	8955	443	0	0	1	112→8625
36545963781	11022642993	ca45b040fa3af1264f3ad20dd8587044ab29fa87	scrum-1179-d-herramientas-no-red	2026-09-29T09:06:03Z	2230827	2095467	8982	8884	0	98	0	8977	465	0	0	1	112→8625
36546010633	11022154793	51d6600b88b84609e609eca9abacbec612ec0953	scrum-1179-e-borrar-escalera-por-estado	2026-09-29T09:06:23Z	2230783	2095442	8982	8884	0	98	0	8977	465	0	0	1	112→8625
36546692440	11022818283	f2035127c3ec737fec070af7fda7917a4e22d7bb	scrum-1215-foto-oculta-en-firmado	2026-09-29T09:09:22Z	2225982	2093609	8958	8859	1	98	0	8953	452	0	0	1	112→8614
36547024875	11023042082	438d3e71bbf1410acec9e8eea19a5743ef74a0d0	main	2026-09-29T09:15:11Z	2230583	2095236	8982	8884	0	98	0	8977	465	0	0	1	112→8625
36547507483	11023766102	9ecbb416eaa65ea86ee8d25b2c372f9d46d6036a	scrum-1180-clausulas-por-presupuesto	2026-09-29T09:19:44Z	2233727	2098372	8994	8896	0	98	0	8989	465	0	0	1	112→8637
36548201830	11023831868	1b81aa0d6903fa4227d38e4636bc926e1234acd8	scrum-1226-firma-no-baja-estado	2026-09-29T09:24:11Z	2224206	2092939	8953	8855	0	98	0	8948	447	0	0	1	112→8614
36548392380	11023542956	4acf1317357e6df541e22e159216f1c759119614	scrum-1266-marca-dato-inventado	2026-09-29T09:26:47Z	2234555	2099187	8993	8894	1	98	0	8988	465	0	0	1	112→8636
36548437215	11023078749	dc8ea603cc7cf73f556a70c69f5398bfb1feb0a1	scrum-1263-empuje-solo-en-verde	2026-09-29T09:27:11Z	2251278	2105948	9004	8901	5	98	0	8999	465	0	2	1	112→8647
36548513634	11023458774	b10183967feee5dbd31d5020e79edacc0b425b38	scrum-1215-foto-oculta-en-firmado	2026-09-29T09:30:46Z	2232748	2097398	8990	8892	0	98	0	8985	465	0	0	1	112→8633
36548634036	11023284856	bd2964d9a4ebfc48a38f8d34cacc1db250ebd144	main	2026-09-29T09:29:19Z	2233386	2098057	8994	8896	0	98	0	8989	465	0	0	1	112→8637
36548947670	11024217574	d10d893eca7446516a11ad11f42d5e901befd12f	scrum-1233-mensaje-para-persona	2026-09-29T09:35:47Z	2233627	2098314	8996	8898	0	98	0	8991	465	0	0	1	112→8639
36549529564	11024380876	86bddb1a4d7a1799588d3f3398d101b88f780e8a	scrum-1267-albaran-clave-idempotencia	2026-09-29T09:39:24Z	2235686	2100340	9002	8904	0	98	0	8997	465	0	0	1	112→8645
36549810670	11024476007	33dfcfc09ef1855c9fa684bee9ca5977757f9f2f	scrum-1233b-resto-s2	2026-09-29T09:41:12Z	2229850	2101768	8976	8878	0	98	0	8971	433	0	0	1	112→8651
36550120027	11024254026	731c43ccfcf88a78aeb3911f4a34bd9eb7986515	scrum-1266-marca-dato-inventado	2026-09-29T09:44:52Z	2236547	2101193	9005	8907	0	98	0	9000	465	0	0	1	112→8648
36550120426	11024816595	ba4633714ed2f05dd8e0f999ddaa9e00bc57e896	scrum-1263-empuje-solo-en-verde	2026-09-29T09:43:45Z	2239108	2103800	9016	8918	0	98	0	9011	465	0	0	1	112→8659
36550364413	11024671486	7a94abae5260c5953b4171860e9779dd428f6527	main	2026-09-29T09:46:50Z	2235321	2099974	9000	8902	0	98	0	8995	465	0	0	1	112→8643
36550514270	11024978141	2a21a569991955cd6a462fd8f18b47bf79492c0a	scrum-1269-irpf-put-descarta	2026-09-29T09:53:07Z	2239095	2103737	9016	8918	0	98	0	9011	465	0	0	1	112→8659
36550900578	11025506372	2da37c65c0ba1f164f47c37d1cf7e525bc93ad71	scrum-1270-vigia-avisa-en-el-pr	2026-09-29T09:53:34Z	2239651	2104281	9018	8920	0	98	0	9013	465	0	0	1	112→8661
36551338230	11025422073	849dadca60ffb600b290446eb5dfdb3c536c2686	scrum-1215-lote5-retiradas	2026-09-29T09:55:30Z	2243045	2107691	9031	8933	0	98	0	9026	465	0	0	1	112→8674
36551402001	11025373140	eea5c589ff9a4571d87f51562d6b849f7c150ff5	scrum-1179-c-tactil-panel-informativo	2026-09-29T09:57:29Z	2242023	2106668	9026	8928	0	98	0	9021	465	0	0	1	112→8669
36552149130	11024863229	fb19799e6ced1833803b294216761def35225b4a	scrum-743-cantidad-una-sola-forma	2026-09-29T10:01:39Z	2244111	2108759	9024	8925	1	98	0	9019	465	0	0	1	112→8667
36552232372	11024798954	77051e2a50a735484ef08a113c3117114b71db87	main	2026-09-29T10:05:01Z	2247438	2112065	9048	8950	0	98	0	9043	465	0	0	1	112→8691
36552404091	11025463880	5ecbc63f0f8ab0ab6174caa90a8d14985b8159c7	scrum-1272-anulada-no-es-deuda	2026-09-29T10:06:12Z	2247846	2112496	9049	8951	0	98	0	9044	465	0	0	1	112→8692
36552736299	11025621296	af6d80ed941211d7c57a85b205fb8f8a684caa80	scrum-1233c-gastos-carga	2026-09-29T10:07:06Z	2243682	2113265	9031	8933	0	98	0	9026	443	0	0	1	112→8696
36552965638	11025856284	06c88b40ff774565ddcd98c41bf9755a48d7145e	scrum-1268-sembrar-qa	2026-09-29T10:09:33Z	2252774	2117441	9062	8963	1	98	0	9057	465	0	0	1	112→8705
36553597043	11027056412	fcc889928bd077ecd81776fded32ca83658e7cbb	main	2026-09-29T10:19:47Z	2248994	2113645	9055	8957	0	98	0	9050	465	0	0	1	112→8698
36553767885	11027360806	415faf39e37764e8fda6a48e43fdad81a5b5f877	scrum-1271-pendiente-tras-parcial-s2	2026-09-29T10:16:35Z	2249704	2114357	9060	8962	0	98	0	9055	465	0	0	1	112→8703
36553899919	11025718284	b6822537bc29fc5ca926aac3786ab225eecc2450	scrum-1273-alter-archivar	2026-09-29T10:16:45Z	2248668	2113372	9055	8957	0	98	0	9050	465	0	0	1	112→8698
36554102618	11027226371	fec392afc00044116d08635d3d5bf449c3630a84	scrum-1268-sembrar-qa	2026-09-29T10:19:47Z	2246710	2116530	9044	8946	0	98	0	9039	442	0	0	1	112→8710
36555039967	11027283281	8eaee4ac18dc8096cedc8a603aa99b372d0861bb	main	2026-09-29T10:34:34Z	2255401	2120031	9079	8981	0	98	0	9074	465	0	0	1	112→8722
36555141632	11028191770	05b3536fa7b7e79bac10d419a92f67063dcac415	scrum-1274-adicional-con-trabajo	2026-09-29T10:30:10Z	2258668	2123312	9082	8983	1	98	0	9077	465	0	0	1	112→8725
36556036696	11026969351	ad6036fcc40cab9b7e3c56cd370632c3f3807faf	scrum-1268b-sembrar-presupuesto	2026-09-29T10:40:01Z	2255252	2119900	9079	8981	0	98	0	9074	465	0	0	1	112→8722
36556826193	11027019679	bf8c69a37d6e3dd01f04fa6fbd9cd25acaf3f74c	scrum-1179-c-clics-del-80	2026-09-29T10:42:43Z	1140049	0							4680	0	0	1	-
36556885076	11028645306	180e6f51883ea02b21b1292552b354e7b8b85cc0	scrum-1266b-aviso-y-es-correcto	2026-09-29T10:48:25Z	2258222	2122868	9091	8993	0	98	0	9086	465	0	0	1	112→8734
36557092784	11029145848	f0330051bfe94af3307daddc8d21f0d33bd2d49d	scrum-1179-c-clics-del-80	2026-09-29T10:52:20Z	2247615	2120021	9044	8946	0	98	0	9039	429	0	0	1	112→8723
36557170591	11029350566	9ef54f8a676a08c6e099be5f395937f5736bb333	main	2026-09-29T10:50:40Z	2256146	2120810	9082	8984	0	98	0	9077	465	0	0	1	112→8725
36557272674	11029535502	3a4b85a3b871beed549c614d06213f89887e3b0d	scrum-1215-lote3-albaran-firmados	2026-09-29T10:52:05Z	2255779	2120421	9082	8984	0	98	0	9077	465	0	0	1	112→8725
36557398138	11028780843	e682ee4630d17b613566bb7d41fca3bf372a4e23	scrum-1179-c-accion-del-80	2026-09-29T10:52:08Z	2257567	2121846	9088	8990	0	98	0	9083	465	0	0	1	112→8731
36557854528	11028467138	490040f9bf99176a89fca8ccb0d36d78e8453bc8	scrum-1266b-aviso-y-es-correcto	2026-09-29T10:59:34Z	2250870	2115535	9065	8967	0	98	0	9060	465	0	0	1	112→8708
36558106792	11028566846	6e960579399cfa3640b4d514e8f1ca76249cae04	scrum-1278-banco-pantalla-de-error	2026-09-29T10:58:31Z	2256918	2121564	9082	8983	1	98	0	9077	465	0	0	1	112→8725
36558271547	11028927234	fcc2cc01a6ba29ed57bece0844508d513cd86264	main	2026-09-29T11:02:42Z	2253353	2117656	9064	8965	1	98	0	9059	465	0	0	1	112→8707
36558849962	11029117578	4db9c720a383d312a25daa46eb476652e8b2e366	scrum-1276-decision-solo-sobre-sent	2026-09-29T11:01:12Z	903303	0							3668	0	1	1	-
36559006088	11029348872	4671d9d1cad574849c1928c29c2d8eda7b7609c0	scrum-1276-decision-solo-sobre-sent	2026-09-29T11:09:40Z	2265808	2126094	9097	8996	3	98	0	9092	465	0	2	1	112→8740
36585440098	11040989811	e41847aca2b17c6ea48e89eff78f3a188d69ef29	scrum-1209-staging-medido	2026-09-29T14:56:00Z	2257325	2121610	9087	8989	0	98	0	9082	465	0	0	1	112→8730
36586596848	11041434919	00c07bef9cc794b46155fa0d4289849477fb5b18	main	2026-09-29T15:07:29Z	2252354	2116613	9064	8966	0	98	0	9059	465	0	0	1	112→8707
36586806494	11042038471	3896034904142cf55643e3033dffe5031f187636	scrum-1135-etiquetado-masivo-lista	2026-09-29T15:07:01Z	2253023	2116988	9070	8972	0	98	0	9065	465	0	0	1	112→8713
36587888906	11043101414	f27938c9f53df0db45002353efb0183f5648d1c8	scrum-1209-aplicados-en-las-tres	2026-09-29T15:15:51Z	2257609	2121882	9088	8990	0	98	0	9083	465	0	0	1	112→8731
36587969972	11043112778	00d98f6bae81edddfd783e7aa7ac86244b3bf07f	main	2026-09-29T15:22:22Z	2253931	2117837	9068	8970	0	98	0	9063	465	0	0	1	112→8711
36588888348	11044166224	82cb31c81e3fa7357819af7370a4fcf53bff6682	main	2026-09-29T15:35:31Z	2253101	2117039	9070	8972	0	98	0	9065	465	0	0	1	112→8713
36592594884	11045225754	cf8814aaee5f460b3b526180d6b386d2859d4767	scrum-1212-correo-aceptado-web	2026-09-29T15:52:43Z	2249957	2119018	9055	8957	0	98	0	9050	442	0	0	1	112→8721
36592715557	11044853263	3676077fcb90f471b172c878e56c94ed157690dd	scrum-1275-fila-factura-abre	2026-09-29T15:52:59Z	2256567	2120509	9083	8985	0	98	0	9078	465	0	0	1	112→8726
36592838855	11045092376	1af79596d9ccc0b7ac461665b6c38da30313cc89	scrum-1266b-aviso-y-es-correcto	2026-09-29T15:54:54Z	2260361	2124297	9096	8998	0	98	0	9091	465	0	0	1	112→8739
36593437194	11045396189	2c464fd000bd80060d1ca46f34218bb8c1bcf2f9	scrum-1189b-tipo-viaje-ruta-real	2026-09-29T15:56:02Z	1144415	0							4694	0	0	1	-
36593678878	11045232337	d3b37ac8fc5de19c15c4a39bd9fc2bf5abe8ecfb	main	2026-09-29T16:02:54Z	2260392	2124301	9096	8998	0	98	0	9091	465	0	0	1	112→8739
36593771840	11044959811	515a4651960016cbc19a79b59c5ed1f7e17ef841	scrum-1189b-tipo-viaje-ruta-real	2026-09-29T16:05:45Z	2263156	2127063	9107	9009	0	98	0	9102	465	0	0	1	112→8750
36594702557	11046221752	aec441a5382e2d0add75c9ace4e1b6a02536b6f1	scrum-1283-licencia-propietaria	2026-09-29T16:11:17Z	2264897	2128800	9115	9017	0	98	0	9110	465	0	0	1	112→8758
36595457449	11045752929	39c41d99cec5d5f1ab891f3169114636a1f1f68c	main	2026-09-29T16:18:44Z	2266899	2130822	9122	9024	0	98	0	9117	465	0	0	1	112→8765
36596028069	11047577040	d2451dbe39f38afc2116e11ce87f5d57c7f1458d	main	2026-09-29T16:34:36Z	2261547	2125460	9100	9002	0	98	0	9095	465	0	0	1	112→8743
36596517503	11047095497	b6e375358286a5879b8a8495102864b3ad34641d	scrum-1276-decision-solo-sobre-sent	2026-09-29T16:25:32Z	2269601	2133508	9132	9034	0	98	0	9127	465	0	0	1	112→8775
36596548810	11046238369	ee741134e5f775a41b673842c5d4e25bc3e5572c	scrum-1233d-texto-local-aprobado	2026-09-29T16:23:09Z	2265183	2129149	9117	9019	0	98	0	9112	465	0	0	1	112→8760
36596843134	11049085491	e6ebf6791983180d712333f469d24abea0ef4500	scrum-1280-nombre-no-declarado	2026-09-29T16:35:51Z	52003	0	112	112	0	0	0	112	112	0	0	1	-
36597307755	11047140063	ee633c9cb455b1b5deff86a9a74b6e9dfc383a0a	scrum-1284-minutos-actions	2026-09-29T16:25:12Z	203596	0							799	0	0	1	-
36597386689	11047270948	870f670adcf464f126d46d6d332012bfc9e78a56	scrum-1278-banco-pantalla-de-error	2026-09-29T16:31:41Z	2267434	2131203	9125	9027	0	98	0	9120	465	0	0	1	112→8768
36597464581	11047656952	1249830558304904674fba8486d6b2ccc569074a	scrum-1284-minutos-actions	2026-09-29T16:34:51Z	2280911	2144840	9086	8985	4	97	0	9081	465	0	0	1	112→8729
36597577377	11048972855	e75b94ca8755bd5d27981940c5ff4c01b2df8695	main	2026-09-29T16:50:12Z	2267793	2131711	9126	9028	0	98	0	9121	465	0	0	1	112→8769
36597753443	11047542504	4d8b10a667fa9984cc4dfe207059697b2add14eb	scrum-1281-fixture-git-raiz-propia	2026-09-29T16:37:02Z	2294195	2148179	9113	9010	5	98	0	9108	465	0	2	1	112→8756
36598401990	11048286555	094fbc8655d974a17e388d97bd56fd06e5934907	scrum-1277-aviso-importe-aceptado	2026-09-29T16:40:49Z	2269023	2132936	9130	9032	0	98	0	9125	465	0	0	1	112→8773
36598758641	11049225757	7adc0e3e3ccd9f0179380b04072e42a730594838	scrum-1280-nombre-no-declarado	2026-09-29T16:37:34Z	203567	0							799	0	0	1	-
36598960917	11049162408	cf71f9759cbe48a5d54ec853416c878027269133	scrum-1276-decision-solo-sobre-sent	2026-09-29T16:46:15Z	2270561	2134491	9136	9038	0	98	0	9131	465	0	0	1	112→8779
36599000715	11048598519	79f434f4f88f25189315e53099f87c1fc5e6785c	scrum-1280-nombre-no-declarado	2026-09-29T16:50:18Z	2269222	2133122	9131	9033	0	98	0	9126	465	0	0	1	112→8774
36599060511	11047747868	0202c69cd3e7df1a48a2a5a8ae19dd6396d22a09	scrum-1286-etiqueta-intermitente	2026-09-29T16:40:28Z	1060743	0							4352	0	0	1	-
36599350717	11048318384	01a9bd6146d71f99c8c651ede998fb358f122147	scrum-1286-etiqueta-intermitente	2026-09-29T16:51:57Z	2276869	2140670	9134	9034	2	98	0	9129	465	0	0	1	112→8777
36599416411	11048358614	6efadeee3e343ee8414e64206326a9a5e5662037	scrum-1285-guardado-en-vuelo	2026-09-29T16:52:55Z	2270189	2134105	9135	9037	0	98	0	9130	465	0	0	1	112→8778
36600655255	11048469224	fb25a67befd0a72d996d06be852e23e48ed16546	scrum-1284-minutos-actions	2026-09-29T16:57:12Z	2270291	2134250	9138	9040	0	98	0	9133	465	0	0	1	112→8781
36600822681	11049108695	9e5ec452ab3974394cf9adc4c01f547481cedf8e	scrum-825-guards-ciegos-a-factura	2026-09-29T16:56:06Z	1156835	0							4743	0	0	1	-
36600974973	11049526427	c56a1478011aa535fa0d3264bd3f78acb89bb95c	scrum-1279-landing-pinta-clausulas	2026-09-29T17:01:44Z	2276324	2140236	9158	9060	0	98	0	9153	465	0	0	1	112→8801
36601146241	11049860565	a965520e9d0c3ea17d6edf46b6d9676ee1ce0e56	scrum-825-guards-ciegos-a-factura	2026-09-29T17:01:31Z	1664421	0							6679	0	0	1	-
36601801324	11050421026	9571fad0a6ca0bdf518506e9a46eab229ed33f70	scrum-825-guards-ciegos-a-factura	2026-09-29T17:09:35Z	2278784	2142685	9162	9063	1	98	0	9157	465	0	0	1	112→8805
36602345889	11049817778	411e04c0efa510201c08fb8a5a11e62ef4e82166	scrum-1126-pantalla-fusion-clientes	2026-09-29T17:13:30Z	2279757	2143656	9171	9073	0	98	0	9166	465	0	0	1	112→8814
36603290498	11050311895	33070b1bde5ba06ab6924f405a1c48990ba7d18d	scrum-1278-banco-pantalla-de-error	2026-09-29T17:13:58Z	253258	0							986	0	0	1	-
36603325946	11049689867	a3eefd552e0ff187df46c2315636817009d74e5c	scrum-1278-banco-pantalla-de-error	2026-09-29T17:23:54Z	2279937	2143671	9170	9072	0	98	0	9165	465	0	0	1	112→8813
36603335741	11049838887	6b478383a90ec771f15c7d0fbc6bc9dfd92619a3	scrum-1285b-plan-de-cobro-con-version	2026-09-29T17:20:34Z	2280299	2144217	9168	9069	1	98	0	9163	465	0	0	1	112→8811
36603552726	11051466523	51d81311b01e19d592ad99a1f1f0817e4121cb55	main	2026-09-29T17:35:38Z	2280939	2144844	9175	9077	0	98	0	9170	465	0	0	1	112→8818
36603723586	11050283347	0b9736e9c5c5a89b07f910812ec58ae57b5b1144	scrum-1289-tap-del-obligatorio	2026-09-29T17:23:47Z	2286746	1979060	9186	9086	2	98	0	9181	1208	0	1	1	2→7976
36603753813	11050743144	f971e25ac1a5d4fbc5fd86600c7cee97a31cf22c	scrum-1285c-censo-escrituras-sin-version	2026-09-29T17:24:12Z	2288648	2147658	9181	9080	3	98	0	9176	465	0	2	1	112→8824
36604225458	11051525204	56b8e3acd8d0047242b8e2ff615e8c5286179023	scrum-1286-etiqueta-intermitente	2026-09-29T17:29:08Z	2283993	2147726	9187	9089	0	98	0	9182	465	0	0	1	112→8830
36604712246	11051136488	9bd5804c33879b2dff0a0a45bf4a4f8e8271addd	scrum-1289-tap-del-obligatorio	2026-09-29T17:33:28Z	2282832	1975103	9170	9070	2	98	0	9165	1208	0	1	1	2→7960
36605475029	11052030469	745dbf836a5c798ad315540d813716bd79cf3fbe	scrum-1282-lista-blanca-sesion	2026-09-29T17:38:05Z	2285503	2149134	9191	9093	0	98	0	9186	465	0	0	1	112→8834
36605583311	11051487364	d12f0213a8a300c17f4b228c3ef4a018e5505332	scrum-1287-descripcion-cortada-390	2026-09-29T17:41:03Z	2285664	2149225	9190	9092	0	98	0	9185	465	0	0	1	112→8833
36605713508	11051945963	9cabd8a10e4d14c6d51f74e27b1b252586069ac7	scrum-1243-fallo-previo-deja-fila	2026-09-29T17:39:49Z	2287142	2150763	9197	9099	0	98	0	9192	465	0	0	1	112→8840
36605798204	11051876947	2ae78393803c84e8774d7835e08ce9bd9709a201	scrum-1293-listas-de-marcadores-a-json	2026-09-29T17:45:34Z	2285181	2148776	9190	9092	0	98	0	9185	465	0	0	1	112→8833
36605842489	11051013932	3991173fbd9592c9d5c2333168ab02d2fbee1f2e	scrum-1288-dinero-es-avisos-s1	2026-09-29T17:47:48Z	2277560	2140959	9156	9058	0	98	0	9151	465	0	0	1	112→8799
36606499941	11051544805	caa18b8c9ad9fa60bcecdf23a871d470fd423cf4	main	2026-09-29T17:54:31Z	2286370	2149955	9195	9097	0	98	0	9190	465	0	0	1	112→8838
36606563535	11051713650	b7ebd11c89cd5a78d313b76e66da27d867838683	scrum-1259-barrido-29sep	2026-09-29T17:51:52Z	2286413	2149979	9195	9097	0	98	0	9190	465	0	0	1	112→8838
36607168461	11052520277	17353cedce88087365cfc83d1810add1306520b5	scrum-1268c-sembrar-qa-iva-en-fraccion	2026-09-29T17:56:19Z	2296407	2155080	9207	9106	3	98	0	9202	465	0	2	1	112→8850
36607783691	11052455835	8d746cbca6258c2d7127aedc1d3cab2256316822	scrum-1294-a9-cierra-el-circulo	2026-09-29T17:59:42Z	2292726	2156120	9215	9117	0	98	0	9210	465	0	0	1	112→8858
36607900842	11050874842	4ffe2c9bd70461d7c3ed66f443290ecd80247425	scrum-1289b-reporters-como-argumentos	2026-09-29T17:53:31Z	208173	0							814	0	0	1	-
36608003121	11052792409	f662a15e6ecab8d360b7b1acd625bbdb9a70c4ce	main	2026-09-29T18:09:43Z	2291533	2154909	9211	9113	0	98	0	9206	465	0	0	1	112→8854
36608030549	11052360570	606f2bfec2c17140e5131173018321df88227ebe	scrum-1295-carriles-e-identidad	2026-09-29T17:57:42Z	828889	0							3314	0	0	1	-
36608099078	11052540832	727a3df2c91cd293c56fd81c8a914862237f7312	scrum-1289b-reporters-como-argumentos	2026-09-29T18:00:14Z	2300801	0	9223	9122	3	98	0	9218	9218	5	3	1	-
36608439497	11052401170	5d163e68f2096574c7205302898aa3d3e36ea01d	scrum-1298-mesa-por-puesto	2026-09-29T18:02:10Z	2315203	2168320	9223	9119	6	98	0	9218	465	0	2	1	112→8866
36608526851	11052561939	4afa8de0b4d685026c134ea7119f758d012ddcdc	scrum-1295-carriles-e-identidad	2026-09-29T18:06:38Z	2299449	2157194	9215	9114	3	98	0	9210	465	0	2	1	112→8858
36608818266	11053041798	e308ebbb71d2dd95114006f61cbf2140af23cace	scrum-1296-go-del-fundador	2026-09-29T18:07:41Z	2296846	2154564	9211	9111	2	98	0	9206	465	0	2	1	112→8854
36609065230	11053014589	c8d9d6b4b784866ada0224752fb4a28bac0727f4	main	2026-09-29T18:22:36Z	2291154	2154596	9211	9113	0	98	0	9206	465	0	0	1	112→8854
36610767076	11053218449	640e1ed59b6209986a065b9479da073ed4e8115e	scrum-1301-bizum-hoy-de-madrugada	2026-09-29T18:22:01Z	2287521	2150928	9194	9096	0	98	0	9189	465	0	0	1	112→8837
36611573227	11053832950	4b5ea2c25dbf9d740a3ec1a3b57be9bafbc310a4	main	2026-09-29T18:40:40Z	2294719	2158112	9222	9124	0	98	0	9217	465	0	0	1	112→8865
36767496636	11123196809	26e734c62bfa4295de5b1ede0b09ee6f07ea0f78	scrum-1296-go-del-fundador	2026-09-30T19:51:13Z	2288170	2151545	9199	9101	0	98	0	9194	465	0	0	1	112→8842
36768635837	11121744683	d0b297652092dee8177239b41f2cbdacd0fa6340	main	2026-09-30T20:01:22Z	2294425	2157810	9222	9124	0	98	0	9217	465	0	0	1	112→8865
36771496759	11124002792	bfd23a1ca0c897833cdf4858445f554e584fdeef	scrum-1154-google-encargado	2026-09-30T20:24:43Z	2294978	2158367	9226	9128	0	98	0	9221	465	0	0	1	112→8869
36772823955	11124319841	483010e03a3836c702932420c239344ee2838d9e	main	2026-09-30T20:37:27Z	2295653	2159031	9226	9128	0	98	0	9221	465	0	0	1	112→8869
36773756212	11125785893	99001326f9ef5230c2264a8c6d2f21b655bf7a6c	scrum-1292-cobro-pagado-no-retrocede	2026-09-30T20:43:33Z	2297215	2160612	9234	9136	0	98	0	9229	465	0	0	1	112→8877
36774689817	11125507729	b6243e1c9f22e23b5a48332acc30ef533e55589f	main	2026-09-30T20:53:35Z	2297272	2160660	9234	9136	0	98	0	9229	465	0	0	1	112→8877
36775428568	11125822691	7ded81dcf3021d1b37ccfdbaafbdfb741f770fd0	scrum-1261-decisiones-30sep	2026-09-30T20:54:32Z	1181226	0							4832	0	0	1	-
36775693520	11125309136	19d041029908344ed653331bb9195770ce721d05	scrum-1291-fusion-mueve-direcciones-obra	2026-09-30T21:00:42Z	2310842	2174218	9241	9137	6	98	0	9236	465	0	0	1	112→8884
36775767003	11124984283	57758398a5f916bdffae693378ac52638fac69fa	scrum-1261-decisiones-30sep	2026-09-30T21:03:47Z	2297239	2160621	9234	9136	0	98	0	9229	465	0	0	1	112→8877
36776319601	11126695070	a17623bdc1b6ff9adc21ddd486be440eac55e53e	scrum-1196-fecha-de-la-politica	2026-09-30T21:07:44Z	2295712	2159092	9228	9130	0	98	0	9223	465	0	0	1	112→8871
36777005569	11126022940	fecff92a31c98db1108b7dc86c00f4246e55b8d3	main	2026-09-30T21:13:16Z	2297090	2160482	9234	9136	0	98	0	9229	465	0	0	1	112→8877
36777404278	11126043482	5c36f6accdeb18476ab6fc3f8ae5828710aadb8e	scrum-1106-marcas-ia-contabilidad	2026-09-30T21:17:10Z	2299291	2162479	9240	9142	0	98	0	9235	465	0	0	1	112→8883
36778286341	11126857890	d2f71a26276f5d5603efffc26e712603c0518f28	scrum-1302-marca-en-la-vista-de-oficina	2026-09-30T21:25:04Z	2299157	2162531	9241	9143	0	98	0	9236	465	0	0	1	112→8884
36778365482	11127217147	716e5fd55e2b56af61489875728bcffb80017f25	scrum-1196-cloudflare-l3	2026-09-30T21:24:27Z	2301952	2165330	9240	9141	1	98	0	9235	465	0	0	1	112→8883
36778467724	11127058629	21c7163d04c8a117df995f3f945cf6f04c53bc99	main	2026-09-30T21:33:43Z	2294553	2162894	9220	9122	0	98	0	9215	442	0	0	1	112→8886
36778493020	11126708088	0ae2be8cf52cee4c0b3731d9fa44c0f09aa8a39b	scrum-1196-fecha-de-la-politica	2026-09-30T21:25:44Z	2301861	2165070	9243	9143	2	98	0	9238	465	0	0	1	112→8886
36778709915	11126633018	bf45175e61e9623d0d9bcd6c25f9cd7c4fa6de6c	scrum-1291-fusion-mueve-direcciones-obra	2026-09-30T21:27:19Z	2299502	2162723	9243	9145	0	98	0	9238	465	0	0	1	112→8886
36779322466	11127580830	7de4b857a07ced445c76f1aa7c4aef30b9cbdbf8	scrum-1296-esquema-cola	2026-09-30T21:35:05Z	2301388	2164591	9250	9152	0	98	0	9245	465	0	0	1	112→8893
36779662834	11127421268	a462dad61b06af69a60fb703ddd841e8e7b76034	scrum-1302-envio-sin-telefono	2026-09-30T21:36:10Z	2302616	2165847	9253	9155	0	98	0	9248	465	0	0	1	112→8896
36780227138	11128400102	e54eaa01a88e004d0bb930f4e220e326d57ee2f7	scrum-1196-cloudflare-l3	2026-09-30T21:43:03Z	2303931	2167132	9257	9159	0	98	0	9252	465	0	0	1	112→8900
36780440737	11127796341	d568599635ab018262aae596843eeb6206925ce5	main	2026-09-30T21:44:01Z	2294422	2167241	9214	9116	0	98	0	9209	421	0	0	1	112→8901
36781341006	11128797278	0e3b2d66d0ba92a3d0af41f01a2180644320077c	main	2026-09-30T22:01:59Z	2302356	2170690	9247	9149	0	98	0	9242	442	0	0	1	112→8913
36781558242	11128361961	6f1c76d49e4811285c752a7ef468a1d095a2924d	scrum-1302-foto-con-diez	2026-09-30T21:55:44Z	2308169	2171367	9274	9176	0	98	0	9269	465	0	0	1	112→8917
36781986409	11128243712	03b8cdc7dcb32d893092dbb6276d3c15e363b584	scrum-1126-textos-fusion	2026-09-30T22:00:04Z	2307798	2170998	9272	9174	0	98	0	9267	465	0	0	1	112→8915
36782326880	11127799798	177f765aa8db16f2b4c6463b7ef25e573ebd8f89	scrum-1296-cablear-envio	2026-09-30T22:03:19Z	2311813	2175011	9286	9188	0	98	0	9281	465	0	0	1	112→8929
36783339406	11128996698	0e86f5def492e4a7dea3cffaca6704de513db149	main	2026-09-30T22:16:11Z	2313493	2176696	9292	9194	0	98	0	9287	465	0	0	1	112→8935
36784227689	11129680361	63f919c37f5dc8c1ce6960ba3c44cbe016c47122	scrum-1306-censo-firma-superada	2026-09-30T22:19:14Z	2313091	2176344	9292	9194	0	98	0	9287	465	0	0	1	112→8935
36784618902	11129358036	bcb81e2f64218fac648bc19fb4d97ecfa87c548e	scrum-1299-respaldo-smtp-sin-fila	2026-09-30T22:26:12Z	2316001	2179210	9301	9203	0	98	0	9296	465	0	0	1	112→8944
36784938260	11129053916	7042852f5f400b6719925c5bdbfbe9a403260aef	main	2026-09-30T22:31:59Z	2313422	2176608	9292	9194	0	98	0	9287	465	0	0	1	112→8935
36785061296	11129513151	e32ef68daab57bd18b5bcd9537be32729af37b9f	scrum-1305-fuera-de-que-barrido	2026-09-30T22:27:40Z	2304183	2175061	9253	9155	0	98	0	9248	431	0	0	1	112→8930
36785727752	11130960455	79b8513da48bdc8cb1de0dc209bb6dfae9a89db3	main	2026-09-30T22:46:50Z	2316259	2179455	9301	9203	0	98	0	9296	465	0	0	1	112→8944
36785732438	11129777359	91ec06e263f18c9b4cfd325b0f5a047cff4221f6	scrum-1093-bulk-paid-zona	2026-09-30T22:37:07Z	2317658	2180871	9307	9209	0	98	0	9302	465	0	0	1	112→8950
36786167350	11130231279	0799c97b09c7dc7bc9a6777958b415008dd1099e	scrum-1154-apendice-google-fonts	2026-09-30T22:39:07Z	1894539	0							7605	5	0	1	-
36786343076	11130286394	0ca3602bb9eec2e6a7b65c529eecd3f831e01d35	scrum-1306-trinquete-ficha-vigente	2026-09-30T22:41:51Z	2315702	2178920	9302	9204	0	98	0	9297	465	0	0	1	112→8945
36786520786	11129993297	be73d94fc1d6cf1ea0a8126a3ebe4efeb401c721	scrum-1093-bulk-paid-zona	2026-09-30T22:47:13Z	2318007	2181232	9307	9209	0	98	0	9302	465	0	0	1	112→8950
36786701141	11130756711	6dd5bce2fb1cdc68ee15d625abe1e66815895915	scrum-1154-apendice-google-fonts	2026-09-30T22:48:55Z	2316342	2179537	9301	9203	0	98	0	9296	465	0	0	1	112→8944
36787741834	11130688705	46195e86903cdccc85a04327c0a68577773c4693	main	2026-09-30T23:00:39Z	2318868	2182080	9312	9214	0	98	0	9307	465	0	0	1	112→8955
36789343021	11132010639	8083498b8ab2a024fccd145eded924ae0ee96592	scrum-1307-negarse-con-envios	2026-09-30T23:14:44Z	2321658	2184853	9317	9218	1	98	0	9312	465	0	0	1	112→8960
36789497002	11131632145	f034b56a26d9d360e6a7d51b6dbd94403492a5b2	scrum-1308-scripts-sin-nombre-de-test	2026-09-30T23:16:28Z	2319645	2182846	9311	9212	1	98	0	9306	465	0	0	1	112→8954
36789881039	11131842296	3e95cf0efe50b0aec7836681f1dfca93d9d40824	scrum-1142-toque-44-anular-rectificativa	2026-09-30T23:21:44Z	2321696	2184548	9320	9222	0	98	0	9315	465	0	0	1	112→8963
36790213435	11130993446	53184172a348c7ef09b733ecc1e35bd71e368012	scrum-1307-negarse-con-envios	2026-09-30T23:27:05Z	2320526	2183728	9317	9219	0	98	0	9312	465	0	0	1	112→8960
36790464921	11131233236	ac10c11b82d74280440234c9e2c781002a08f024	scrum-1308-scripts-sin-nombre-de-test	2026-09-30T23:27:54Z	2315498	2178718	9298	9200	0	98	0	9293	465	0	0	1	112→8941
36790562538	11131723864	e8c2ec6540bbd0713047454f5d9fcca9161a217b	scrum-1309-banner-mail-sent	2026-09-30T23:29:34Z	2319755	2182789	9315	9217	0	98	0	9310	465	0	0	1	112→8958
36790690938	11131823950	f98f3ee1f8dc968b8158e769b98e83dbfa09c8ab	main	2026-09-30T23:31:18Z	2321464	2184313	9320	9222	0	98	0	9315	465	0	0	1	112→8963
36791215611	11132003948	94bdc4946b69b470f5702538cccf5fbf8329c5c9	scrum-1303-estado-en-el-where	2026-09-30T23:37:29Z	2326053	2188918	9334	9236	0	98	0	9329	465	0	0	1	112→8977
36791371620	11132910160	1dbc9c24c89a4baa9af903fe036489282fac134b	main	2026-09-30T23:45:51Z	2323028	2185727	9325	9227	0	98	0	9320	465	0	0	1	112→8968
36791659401	11132251397	9b4e436cb9f36b0be9cde16c9b1d930feb14b142	scrum-1312-boton-email-recibo-gateado	2026-09-30T23:40:43Z	2325520	2187891	9334	9236	0	98	0	9329	465	0	0	1	112→8977
36792374547	11133578156	e9e71cab67574538943cd94392bdecf5f3dcbfa2	main	2026-10-01T00:28:24Z	2330210	2192585	9336	9236	2	98	0	9331	465	0	0	1	112→8979
36797156697	11134995323	2db8965ad0998d8ae5d257554f42ed2acaef05f3	scrum-1315-gemelos-estado-dentro-del-where	2026-10-01T00:45:48Z	2335010	2197380	9349	9249	2	98	0	9344	465	0	0	1	112→8992
36797245799	11134227083	8a5eb2c2fecf6c006681ae032aeedfa40157a1f9	scrum-1253-remedicion-liva-1oct	2026-10-01T00:47:45Z	2332408	2194774	9342	9242	2	98	0	9337	465	0	0	1	112→8985
36797467473	11134541840	bc2958d35018b6e9639d9020a4c59aaa77e4b764	scrum-1244-cabe-hoy-medido	2026-10-01T00:49:33Z	2332379	2194742	9343	9243	2	98	0	9338	465	0	0	1	112→8986
36797773776	11134212163	94c934188ca7ab0a7d035358ed32c5d7050d8a51	scrum-1257-p8-sin-justificantes	2026-10-01T00:47:59Z	495741	0							1991	0	1	1	-
36797938424	11134602333	1c6221d426fb709662b43bccadc5c6c036586a8e	scrum-1257-p8-sin-justificantes	2026-10-01T00:53:53Z	2330525	2192917	9338	9238	2	98	0	9333	465	0	0	1	112→8981
36797938424	11137495753	1c6221d426fb709662b43bccadc5c6c036586a8e	scrum-1257-p8-sin-justificantes	2026-10-01T02:14:45Z	2327248	2189652	9327	9227	2	98	0	9322	465	0	0	1	112→8970
36797941392	11134996777	69cd83d71c3ceb5a285dfd282d5e5a05db494e88	scrum-1316-censo-tipo-iva	2026-10-01T00:55:48Z	2332642	2195009	9343	9243	2	98	0	9338	465	0	0	1	112→8986
36797941392	11137526119	69cd83d71c3ceb5a285dfd282d5e5a05db494e88	scrum-1316-censo-tipo-iva	2026-10-01T02:17:35Z	2332697	2195063	9342	9242	2	98	0	9337	465	0	0	1	112→8985
36798373730	11135325977	5cd73e7056e6696d5b8385a8ecb864a3e8680551	scrum-1311-suelo-de-poblacion	2026-10-01T01:00:35Z	2332334	2194700	9343	9243	2	98	0	9338	465	0	0	1	112→8986
36798550297	11135092398	94f6a57493fcda5a508c8eafed05dbcb10b202c3	scrum-1262-baja-whatsapp-corte-en-todas-las-vias	2026-10-01T01:02:42Z	2341836	2204200	9378	9278	2	98	0	9373	465	0	0	1	112→9021
36798983978	11134573660	023bd4506702b9e19462c995df1d4dd182017398	scrum-1313-ciegos-editor-suelto	2026-10-01T01:06:52Z	2349363	2211751	9353	9251	4	98	0	9348	465	0	0	1	112→8996
36799027967	11135287288	970af255de587b0ea42a36e1f1591b17846e2cb8	scrum-1311-suelo-de-poblacion	2026-10-01T01:07:45Z	2323966	2192940	9309	9209	2	98	0	9304	436	0	0	1	112→8981
36799083725	11135227635	b86ed567dee778603840791788da2be5fc7c4641	scrum-1244-cabe-hoy-medido	2026-10-01T01:09:49Z	2332808	2195169	9343	9243	2	98	0	9338	465	0	0	1	112→8986
36800436904	11135875556	b397e075e9132be137b56f80f36b129a0bab2c33	scrum-1313-ciegos-editor-suelto	2026-10-01T01:23:10Z	2331452	2194097	9342	9243	2	97	0	9337	464	0	0	1	112→8986
36800533840	11136300881	efc6d61c70c6f0c2ec458ee6ae5712e4f8139a97	scrum-1318-resend-ya-tiene-contrato	2026-10-01T01:27:15Z	2332593	2194946	9347	9248	1	98	0	9342	465	0	0	1	112→8990
36800930882	11136116277	50ff50e49207d879cb4afcc5f30e4edee4a41ff9	scrum-1319-linea-progreso-sif1	2026-10-01T01:31:50Z	2331314	2193677	9338	9238	2	98	0	9333	465	0	0	1	112→8981
36803221288	11136971124	f3ea7a5a8be1968df70aa3cdc7d61578fba06f05	scrum-1322-el-bot-entiende-lo-que-pide	2026-10-01T02:01:05Z	2336697	2198879	9354	9254	2	98	0	9349	465	0	0	1	112→8997
36803606154	11137066159	9a6b5e2184ac1d7a6d6e10cd5bed6808ac9318df	scrum-1318-resend-ya-tiene-contrato	2026-10-01T02:04:54Z	2329620	2192035	9347	9249	0	98	0	9342	465	0	0	1	112→8990
36803674320	11137375681	88d744a02cda3451227c663e3f8063e39a3bbc1c	scrum-1128b-las-tres-por-efecto	2026-10-01T02:07:14Z	2332525	2194880	9343	9243	2	98	0	9338	465	0	0	1	112→8986
36803845315	11137261114	cd7afa56cc62d593d5587c2b676f4393daa49917	scrum-1321-ancla-de-mutacion-ambigua	2026-10-01T02:08:57Z	2334814	2197164	9346	9245	3	98	0	9341	465	0	0	1	112→8989
36804064137	11136882573	9bf1075a978e67d2fc28e12a928f8b917a557d4b	scrum-1323-resumen-vs-detalle-sif1	2026-10-01T02:10:31Z	2340824	2203210	9368	9267	3	98	0	9363	465	0	0	1	112→9011
36804253243	11136644306	eabcb2d51ae7c71bb4b9177236ae9da6ec803a6d	main	2026-10-01T02:16:06Z	2330227	2192576	9347	9249	0	98	0	9342	465	0	0	1	112→8990
36804564445	11137626258	b397e075e9132be137b56f80f36b129a0bab2c33	scrum-1313-ciegos-editor-suelto	2026-10-01T02:20:04Z	2332408	2194766	9357	9259	0	98	0	9352	465	0	0	1	112→9000
36804625007	11137945775	2db8965ad0998d8ae5d257554f42ed2acaef05f3	scrum-1315-gemelos-estado-dentro-del-where	2026-10-01T02:29:51Z	2334519	2196873	9361	9263	0	98	0	9356	465	0	0	1	112→9004
36804631567	11137921942	8a5eb2c2fecf6c006681ae032aeedfa40157a1f9	scrum-1253-remedicion-liva-1oct	2026-10-01T02:37:18Z	2322504	2192329	9314	9216	0	98	0	9309	432	0	0	1	112→8990
36804638669	11137943831	b86ed567dee778603840791788da2be5fc7c4641	scrum-1244-cabe-hoy-medido	2026-10-01T02:51:45Z	2329969	2192320	9347	9249	0	98	0	9342	465	0	0	1	112→8990
36804645538	11137272261	970af255de587b0ea42a36e1f1591b17846e2cb8	scrum-1311-suelo-de-poblacion	2026-10-01T02:27:22Z	2329832	2192317	9346	9248	0	98	0	9341	464	0	0	1	112→8990
36804656838	11137312528	94f6a57493fcda5a508c8eafed05dbcb10b202c3	scrum-1262-baja-whatsapp-corte-en-todas-las-vias	2026-10-01T02:20:24Z	2329116	2199342	9338	9240	0	98	0	9333	430	0	0	1	112→9016
36804658406	11137777501	50ff50e49207d879cb4afcc5f30e4edee4a41ff9	scrum-1319-linea-progreso-sif1	2026-10-01T02:36:24Z	2332741	2195096	9343	9243	2	98	0	9338	465	0	0	1	112→8986
36804665953	11137502703	f3ea7a5a8be1968df70aa3cdc7d61578fba06f05	scrum-1322-el-bot-entiende-lo-que-pide	2026-10-01T02:33:16Z	2334390	2196576	9347	9247	2	98	0	9342	465	0	0	1	112→8990
36804868311	11137253398	4d8b10a667fa9984cc4dfe207059697b2add14eb	scrum-1281-fixture-git-raiz-propia	2026-10-01T02:36:22Z	2336865	2190169	9257	9152	7	98	0	9252	465	0	2	1	112→8900
36804875074	11138425987	9571fad0a6ca0bdf518506e9a46eab229ed33f70	scrum-825-guards-ciegos-a-factura	2026-10-01T02:44:11Z	2308071	2171272	9254	9153	3	98	0	9249	465	0	0	1	112→8897
36804888127	11137532463	9bd5804c33879b2dff0a0a45bf4a4f8e8271addd	scrum-1289-tap-del-obligatorio	2026-10-01T02:29:47Z	2309282	2001572	9254	9152	4	98	0	9249	1208	0	1	1	2→8044
36804896125	11137774196	f971e25ac1a5d4fbc5fd86600c7cee97a31cf22c	scrum-1285c-censo-escrituras-sin-version	2026-10-01T02:51:28Z	2311453	2169766	9249	9146	5	98	0	9244	465	0	2	1	112→8892
36804909056	11137237373	17353cedce88087365cfc83d1810add1306520b5	scrum-1268c-sembrar-qa-iva-en-fraccion	2026-10-01T02:27:44Z	2309684	2167993	9243	9140	5	98	0	9238	465	0	2	1	112→8886
36804918944	11139450053	727a3df2c91cd293c56fd81c8a914862237f7312	scrum-1289b-reporters-como-argumentos	2026-10-01T03:05:47Z	2313921	0	9258	9155	5	98	0	9253	9253	5	5	1	-
36804929200	11137309266	5d163e68f2096574c7205302898aa3d3e36ea01d	scrum-1298-mesa-por-puesto	2026-10-01T02:47:11Z	2325265	2178190	9245	9139	8	98	0	9240	465	0	2	1	112→8888
36805383785	11137931370	bbf98561c742ce03e608684b13f08ed07f99f8fb	scrum-1323-resumen-vs-detalle-sif1	2026-10-01T02:33:14Z	2340254	2202608	9375	9276	1	98	0	9370	465	0	0	1	112→9018
36805414513	11138526719	ce567ed45a800d7b67032480e31131954ec11741	main	2026-10-01T02:53:00Z	2331153	2196463	9347	9249	0	98	0	9342	452	0	0	1	112→9003
36805526325	11138143141	1c6221d426fb709662b43bccadc5c6c036586a8e	scrum-1257-p8-sin-justificantes	2026-10-01T02:51:13Z	2343416	2205774	9397	9299	0	98	0	9392	465	0	0	1	112→9040
36806634260	11138422504	d8b4ec3bc1ce9db1a2e4a707d64a5c74df030457	scrum-1102e-evidencia-boe-por-api	2026-10-01T02:54:38Z	2346395	2208760	9406	9308	0	98	0	9401	465	0	0	1	112→9049
36806690822	11138129307	bb26db2c2977038c974b43bd091eceb1e368a0ce	scrum-1320-hallazgo-manda-sobre-ciego	2026-10-01T02:59:10Z	2346221	2198683	9404	9305	1	98	0	9399	506	0	0	1	112→9006
36807491177	11138640956	693c174ed5a3791ac348aa22e8a19b613ee66bb8	scrum-1319-linea-progreso-sif1	2026-10-01T03:02:52Z	2343774	2206145	9397	9299	0	98	0	9392	465	0	0	1	112→9040
36807574751	11139341254	cae25752a155d957fc3ef37cbcbb4c9cfb9119a7	scrum-1322-el-bot-entiende-lo-que-pide	2026-10-01T03:12:28Z	2350328	2212517	9415	9317	0	98	0	9410	465	0	0	1	112→9058
36807755597	11139235419	277341f2d78241cfdd8523895c95d5699e364631	scrum-1321-ancla-de-mutacion-ambigua	2026-10-01T03:04:38Z	2349065	2211423	9417	9319	0	98	0	9412	465	0	0	1	112→9060
36807773222	11138770837	537913a7afc82507527b3071dfb35b55fe730fe9	scrum-1257-p8-sin-justificantes	2026-10-01T03:03:20Z	2347343	2209711	9410	9312	0	98	0	9405	465	0	0	1	112→9053
36807790096	11139686261	84e4a8d3266a0dbca8777e1729bfe18330587d94	scrum-1244-cabe-hoy-medido	2026-10-01T03:22:18Z	2343822	2206202	9399	9301	0	98	0	9394	465	0	0	1	112→9042
36807803582	11138701930	157b8de02abebf734e20e9a8b248031035187d07	scrum-1316-censo-tipo-iva	2026-10-01T03:13:58Z	2342272	2204677	9392	9294	0	98	0	9387	465	0	0	1	112→9035
36807818348	11138752958	af9c6697fec2ff605aafe5b8b1d5ff3706e0a8bf	scrum-1128b-las-tres-por-efecto	2026-10-01T03:24:35Z	2346139	2208505	9406	9308	0	98	0	9401	465	0	0	1	112→9049
36807859456	11138982457	ba86ead0d7705297cc42bb3105337ef1efc40ad5	scrum-1324-nadie-vigila-el-silencio	2026-10-01T03:12:52Z	2343647	2206008	9374	9274	2	98	0	9369	465	0	0	1	112→9017
36808750944	11139383013	ba712b6d2d1938d2eb5bb4d27a970468a3041377	main	2026-10-01T03:25:48Z	2347303	2209661	9411	9313	0	98	0	9406	465	0	0	1	112→9054
36809037812	11138922709	ae5317911fc3272215d61484c416d895e0539cad	scrum-1323-resumen-vs-detalle-sif1	2026-10-01T03:24:29Z	2356007	2218371	9439	9341	0	98	0	9434	465	0	0	1	112→9082
36809382862	11139557986	3e6dbdcdb9b8f4b38bc9ee92d43206f896815a51	scrum-1320-hallazgo-manda-sobre-ciego	2026-10-01T03:30:03Z	2340792	2203155	9379	9281	0	98	0	9374	465	0	0	1	112→9022
36809487211	11139308724	037e0b97ada2a036aad4235d2d04f6a6786dcb51	scrum-1252-evidencias-libro-solo-facturas	2026-10-01T03:29:33Z	2353381	2215567	9422	9323	1	98	0	9417	465	0	0	1	112→9065
36809545315	11138763640	a83c849d0ede4995431b563b7fab71743bc1cdd5	scrum-1258-el-tipo-del-registro-es-el-de-la-huella	2026-10-01T03:30:26Z	2354851	2217043	9422	9324	0	98	0	9417	465	0	0	1	112→9065
36809993250	11139414381	ce3e4d2964aaf8d45e6f34084d113c899d3dcd7d	scrum-1102f-sii-y-foral-en-configuracion	2026-10-01T03:35:59Z	2342316	2212319	9380	9282	0	98	0	9375	430	0	0	1	112→9058
36810188746	11139588520	abf3181bf88c52a50064b092a86161e1b7a9e10c	scrum-1325-una-tilde-no-rompe-lo-que-entiende	2026-10-01T03:35:22Z	2358417	2220605	9439	9340	1	98	0	9434	465	0	0	1	112→9082
36810532059	11139474587	31829c7c88960ecbd413a5160a7519ace89e27bf	scrum-1321-ancla-de-mutacion-ambigua	2026-10-01T03:40:30Z	2354376	2216549	9433	9335	0	98	0	9428	465	0	0	1	112→9076
36810613140	11139831332	e4b969e0d36d444007a7bbb1407457921bd94cff	main	2026-10-01T03:43:44Z	2360324	2222496	9450	9352	0	98	0	9445	465	0	0	1	112→9093
36811462260	11140505655	72e790ac236634043ccef891e49ec06c7f933ff3	scrum-1324-nadie-vigila-el-silencio	2026-10-01T03:48:15Z	2370774	2232958	9476	9378	0	98	0	9471	465	0	0	1	112→9119
36811898798	11139847708	eca6c3f4a0a5821838908d4d78a926dcc3f8ee17	scrum-1329-cita-firmada-larga	2026-10-01T03:54:03Z	2367700	2227302	9464	9366	0	98	0	9459	475	0	0	1	122→9107
36812279468	11140820905	c1fe641c929b2dfbc3d55db60cced6c4640974bc	main	2026-10-01T03:59:50Z	2376215	2238389	9496	9398	0	98	0	9491	465	0	0	1	112→9139
36812672630	11140594069	258fc29bff83966eece68ec0d6625b2cf9d13570	main	2026-10-01T04:15:31Z	2373948	2238705	9483	9385	0	98	0	9478	452	0	0	1	122→9149
36813218661	11140872853	81de3e8e8ff2b20b834171d880a6c960fe53e808	scrum-1330-una-sellada-no-se-resella	2026-10-01T04:11:06Z	2388518	2248146	9540	9442	0	98	0	9535	475	0	0	1	122→9183
36820604754	11143642101	bee39d3b51e300ff4efdda3befcb1eff4626f988	main	2026-10-01T05:46:08Z	2388579	2248186	9540	9442	0	98	0	9535	475	0	0	1	122→9183
36823244378	11144431433	32238bdc060ffbbe1e6806fe96178698f02531b8	scrum-1334-el-guard-dice-lo-que-no-cruza	2026-10-01T06:17:05Z	2412821	2248212	9551	9450	3	98	0	9546	486	0	3	1	133→9194
36823285823	11143284783	6364047bd9a5051c3f08936b9f0f70379afd731a	scrum-1335-ausente-no-es-zona	2026-10-01T06:17:15Z	2388588	2248227	9540	9442	0	98	0	9535	475	0	0	1	122→9183
36823304502	11144521651	28ab0ea73121b003db3bba5d2facd6332254b24e	scrum-1333-una-factura-se-encola-una-vez	2026-10-01T06:18:50Z	2391130	2250753	9544	9446	0	98	0	9539	475	0	0	1	122→9187
36823709844	11144412733	619416e6dee0deab7288509483f71b904c64eb60	scrum-1102g-puerta-de-encendido-medida	2026-10-01T06:23:58Z	2386172	2245791	9530	9432	0	98	0	9525	475	0	0	1	122→9173
36823752294	11145041306	884a40a553b643a59ce43099864842afddb24bb1	scrum-1331-la-red-sale-del-nivel-superior	2026-10-01T06:23:18Z	2409387	2268990	9545	9444	3	98	0	9540	475	0	0	1	122→9188
36824067489	11144856369	08f37ae000397facc48c286fa354ffa7ce202039	main	2026-10-01T06:28:03Z	2388990	2248594	9540	9442	0	98	0	9535	475	0	0	1	122→9183
